Date,mvrv,hash_rate,adr_act_cnt,tx_cnt
2009-01-03,,,0,0
2009-01-04,,,0,0
2009-01-05,,,0,0
2009-01-06,,,0,0
2009-01-07,,,0,0
2009-01-08,,,0,0
2009-01-09,,9.444951229e-07,19,0
2009-01-10,,3.0323264474e-06,61,0
2009-01-11,,4.6230550755e-06,95,1
2009-01-12,,4.6727653451e-06,101,6
2009-01-13,,6.1143631644e-06,123,0
2009-01-14,,6.4126247822e-06,133,1
2009-01-15,,6.2634939733e-06,140,8
2009-01-16,,5.36870912e-06,114,2
2009-01-17,,5.4184193896e-06,109,0
2009-01-18,,5.3189988503e-06,111,1
2009-01-19,,5.7166810074e-06,133,2
2009-01-20,,5.6669707377e-06,123,1
2009-01-21,,5.0704475022e-06,116,2
2009-01-22,,4.5236345362e-06,95,1
2009-01-23,,4.1756626488e-06,91,1
2009-01-24,,9.9917641955e-06,212,1
2009-01-25,,9.4946614992e-06,193,1
2009-01-26,,4.7721858844e-06,117,1
2009-01-27,,4.821896154e-06,101,1
2009-01-28,,5.5675501985e-06,112,0
2009-01-29,,6.0149426251e-06,134,1
2009-01-30,,5.8161015466e-06,117,0
2009-01-31,,6.8600172088e-06,159,1
2009-02-01,,5.6172604681e-06,116,1
2009-02-02,,6.3629145125e-06,130,1
2009-02-03,,6.9097274785e-06,154,16
2009-02-04,,5.9155220859e-06,119,0
2009-02-05,,6.2634939733e-06,126,0
2009-02-06,,6.0646528948e-06,122,0
2009-02-07,,6.4126247822e-06,156,4
2009-02-08,,6.5617555911e-06,134,1
2009-02-09,,6.6611761303e-06,179,1
2009-02-10,,5.9652323555e-06,120,0
2009-02-11,,6.6114658607e-06,148,2
2009-02-12,,5.9155220859e-06,119,0
2009-02-13,,6.164073434e-06,124,0
2009-02-14,,6.7605966696e-06,136,0
2009-02-15,,6.3629145125e-06,142,3
2009-02-16,,6.0646528948e-06,153,1
2009-02-17,,5.8161015466e-06,117,0
2009-02-18,,5.8658118162e-06,118,0
2009-02-19,,6.164073434e-06,141,1
2009-02-20,,6.0646528948e-06,122,0
2009-02-21,,5.6669707377e-06,114,0
2009-02-22,,6.0149426251e-06,133,4
2009-02-23,,5.36870912e-06,108,0
2009-02-24,,5.2692885807e-06,106,0
2009-02-25,,5.2195783111e-06,105,0
2009-02-26,,5.3189988503e-06,107,0
2009-02-27,,5.7166810074e-06,152,1
2009-02-28,,4.9213166933e-06,107,1
2009-03-01,,5.2195783111e-06,105,0
2009-03-02,,5.36870912e-06,108,0
2009-03-03,,5.2195783111e-06,114,2
2009-03-04,,5.1698680414e-06,130,2
2009-03-05,,5.5675501985e-06,121,1
2009-03-06,,5.8161015466e-06,117,0
2009-03-07,,5.4184193896e-06,109,0
2009-03-08,,5.7166810074e-06,142,3
2009-03-09,,5.36870912e-06,108,0
2009-03-10,,5.3189988503e-06,107,0
2009-03-11,,5.6669707377e-06,114,0
2009-03-12,,5.8658118162e-06,122,1
2009-03-13,,5.6172604681e-06,127,1
2009-03-14,,5.4681296592e-06,110,0
2009-03-15,,6.1143631644e-06,123,0
2009-03-16,,6.0149426251e-06,170,1
2009-03-17,,5.6669707377e-06,114,0
2009-03-18,,5.6669707377e-06,129,2
2009-03-19,,6.0646528948e-06,122,0
2009-03-20,,5.8658118162e-06,131,1
2009-03-21,,2.4855134814e-06,50,0
2009-03-22,,5.9155220859e-06,131,2
2009-03-23,,6.4623350518e-06,130,0
2009-03-24,,5.2195783111e-06,105,0
2009-03-25,,5.8161015466e-06,117,0
2009-03-26,,5.8161015466e-06,146,1
2009-03-27,,5.2692885807e-06,106,0
2009-03-28,,5.9155220859e-06,140,3
2009-03-29,,5.766391277e-06,116,0
2009-03-30,,5.9652323555e-06,120,0
2009-03-31,,5.4681296592e-06,143,1
2009-04-01,,5.6669707377e-06,114,0
2009-04-02,,5.7166810074e-06,115,0
2009-04-03,,5.766391277e-06,116,0
2009-04-04,,5.6172604681e-06,113,0
2009-04-05,,6.4623350518e-06,148,2
2009-04-06,,5.4184193896e-06,109,0
2009-04-07,,4.9710269629e-06,100,0
2009-04-08,,5.2195783111e-06,105,0
2009-04-09,,4.9213166933e-06,99,0
2009-04-10,,5.36870912e-06,108,0
2009-04-11,,5.9652323555e-06,128,1
2009-04-12,,5.8658118162e-06,127,2
2009-04-13,,5.7166810074e-06,117,1
2009-04-14,,6.164073434e-06,124,0
2009-04-15,,5.6172604681e-06,113,0
2009-04-16,,6.1143631644e-06,123,0
2009-04-17,,5.5675501985e-06,112,0
2009-04-18,,6.2634939733e-06,131,4
2009-04-19,,5.9155220859e-06,128,1
2009-04-20,,5.9155220859e-06,236,2
2009-04-21,,6.1143631644e-06,125,1
2009-04-22,,6.0149426251e-06,121,0
2009-04-23,,3.7282702222e-06,75,0
2009-04-24,,5.7166810074e-06,115,0
2009-04-25,,5.8658118162e-06,118,0
2009-04-26,,5.5675501985e-06,128,2
2009-04-27,,5.1698680414e-06,104,0
2009-04-28,,5.8161015466e-06,117,0
2009-04-29,,6.3629145125e-06,149,1
2009-04-30,,6.5120453214e-06,131,0
2009-05-01,,6.0149426251e-06,121,0
2009-05-02,,6.2634939733e-06,142,2
2009-05-03,,5.2692885807e-06,110,3
2009-05-04,,6.3629145125e-06,159,1
2009-05-05,,6.7108864e-06,146,1
2009-05-06,,6.7108864e-06,135,0
2009-05-07,,6.0646528948e-06,122,0
2009-05-08,,5.3189988503e-06,107,0
2009-05-09,,3.8774010311e-06,78,0
2009-05-10,,4.2253729185e-06,85,0
2009-05-11,,5.9652323555e-06,123,1
2009-05-12,,6.4623350518e-06,130,0
2009-05-13,,5.5178399288e-06,117,5
2009-05-14,,6.9097274785e-06,145,3
2009-05-15,,6.7605966696e-06,147,1
2009-05-16,,5.9155220859e-06,119,0
2009-05-17,,6.3132042429e-06,127,0
2009-05-18,,5.8658118162e-06,118,0
2009-05-19,,4.2750831881e-06,86,0
2009-05-20,,5.9652323555e-06,120,0
2009-05-21,,4.0762421096e-06,82,0
2009-05-22,,3.0323264474e-06,61,0
2009-05-23,,1.5907286281e-06,32,0
2009-05-24,,4.9710269629e-06,100,0
2009-05-25,,5.4184193896e-06,109,0
2009-05-26,,6.2137837037e-06,125,0
2009-05-27,,5.9155220859e-06,119,0
2009-05-28,,4.7224756148e-06,95,0
2009-05-29,,5.2692885807e-06,167,1
2009-05-30,,5.4184193896e-06,109,0
2009-05-31,,4.7721858844e-06,96,0
2009-06-01,,3.5294291437e-06,73,1
2009-06-02,,5.5178399288e-06,111,0
2009-06-03,,3.5294291437e-06,71,0
2009-06-04,,3.2808777955e-06,66,0
2009-06-05,,1.4913080888e-06,30,0
2009-06-06,,1.3918875496e-06,28,0
2009-06-07,,7.95364314e-07,16,0
2009-06-08,,4.0762421096e-06,82,0
2009-06-09,,4.5236345362e-06,91,0
2009-06-10,,4.0762421096e-06,82,0
2009-06-11,,4.424213997e-06,89,0
2009-06-12,,4.2750831881e-06,86,0
2009-06-13,,3.8774010311e-06,78,0
2009-06-14,,3.5791394133e-06,72,0
2009-06-15,,4.1756626488e-06,84,0
2009-06-16,,3.5294291437e-06,71,0
2009-06-17,,3.9271113007e-06,79,0
2009-06-18,,3.9768215703e-06,80,0
2009-06-19,,4.3247934577e-06,87,0
2009-06-20,,3.8774010311e-06,78,0
2009-06-21,,4.02653184e-06,81,0
2009-06-22,,3.7779804918e-06,137,1
2009-06-23,,3.7779804918e-06,76,0
2009-06-24,,4.7224756148e-06,100,2
2009-06-25,,3.3802983348e-06,89,1
2009-06-26,,4.4739242666e-06,90,0
2009-06-27,,4.1756626488e-06,84,0
2009-06-28,,2.2866724029e-06,48,1
2009-06-29,,4.1259523792e-06,87,2
2009-06-30,,4.2253729185e-06,85,0
2009-07-01,,3.6785599525e-06,77,1
2009-07-02,,4.1259523792e-06,85,1
2009-07-03,,4.0762421096e-06,82,0
2009-07-04,,4.424213997e-06,89,0
2009-07-05,,3.9271113007e-06,79,0
2009-07-06,,4.1756626488e-06,84,0
2009-07-07,,3.4300086044e-06,69,0
2009-07-08,,3.6785599525e-06,74,0
2009-07-09,,4.2750831881e-06,86,0
2009-07-10,,4.02653184e-06,81,0
2009-07-11,,4.1259523792e-06,83,0
2009-07-12,,3.8276907614e-06,77,0
2009-07-13,,3.8774010311e-06,78,0
2009-07-14,,3.4300086044e-06,69,0
2009-07-15,,2.2369621333e-06,45,0
2009-07-16,,3.5294291437e-06,71,0
2009-07-17,,2.3363826725e-06,47,0
2009-07-18,,1.988410785e-07,4,0
2009-07-19,,3.479718874e-06,70,0
2009-07-20,,3.479718874e-06,192,1
2009-07-21,,4.0762421096e-06,82,0
2009-07-22,,2.9826161777e-06,60,0
2009-07-23,,3.7779804918e-06,76,0
2009-07-24,,3.6288496829e-06,73,0
2009-07-25,,1.5907286281e-06,32,0
2009-07-26,,1.0439156622e-06,21,0
2009-07-27,,3.6785599525e-06,74,0
2009-07-28,,2.0381210548e-06,41,0
2009-07-29,,9.444951229e-07,22,1
2009-07-30,,7.456540444e-07,17,1
2009-07-31,,8.450745837e-07,17,0
2009-08-01,,1.3918875496e-06,28,0
2009-08-02,,1.1433362014e-06,23,0
2009-08-03,,5.965232355e-07,12,0
2009-08-04,,4.02653184e-06,81,0
2009-08-05,,4.3247934577e-06,87,0
2009-08-06,,4.4739242666e-06,90,0
2009-08-07,,3.9768215703e-06,192,1
2009-08-08,,3.9768215703e-06,80,0
2009-08-09,,5.0207372325e-06,101,0
2009-08-10,,3.7282702222e-06,75,0
2009-08-11,,3.479718874e-06,70,0
2009-08-12,,3.1317469866e-06,63,0
2009-08-13,,4.2253729185e-06,85,0
2009-08-14,,3.1317469866e-06,63,0
2009-08-15,,1.2924670103e-06,26,0
2009-08-16,,9.444951229e-07,19,0
2009-08-17,,8.450745837e-07,17,0
2009-08-18,,4.971026962e-07,10,0
2009-08-19,,8.947848533e-07,18,0
2009-08-20,,1.0936259318e-06,22,0
2009-08-21,,6.959437748e-07,14,0
2009-08-22,,3.479718874e-07,7,0
2009-08-23,,7.456540444e-07,15,0
2009-08-24,,7.456540444e-07,15,0
2009-08-25,,2.4855134814e-06,50,0
2009-08-26,,2.3860929422e-06,96,3
2009-08-27,,1.4415978192e-06,29,0
2009-08-28,,3.7282702222e-06,75,0
2009-08-29,,3.8774010311e-06,78,0
2009-08-30,,4.821896154e-06,99,1
2009-08-31,,4.2750831881e-06,93,1
2009-09-01,,3.8774010311e-06,78,0
2009-09-02,,3.2808777955e-06,66,0
2009-09-03,,3.0323264474e-06,76,1
2009-09-04,,3.1814572562e-06,64,0
2009-09-05,,3.7779804918e-06,76,0
2009-09-06,,3.3802983348e-06,68,0
2009-09-07,,3.8774010311e-06,92,1
2009-09-08,,3.4300086044e-06,69,0
2009-09-09,,2.68435456e-06,54,0
2009-09-10,,3.3305880651e-06,67,0
2009-09-11,,3.3305880651e-06,67,0
2009-09-12,,3.4300086044e-06,69,0
2009-09-13,,3.7282702222e-06,75,0
2009-09-14,,3.6785599525e-06,74,0
2009-09-15,,2.1872518637e-06,44,0
2009-09-16,,3.5791394133e-06,74,1
2009-09-17,,4.1756626488e-06,186,1
2009-09-18,,3.8774010311e-06,78,0
2009-09-19,,3.6785599525e-06,74,0
2009-09-20,,3.8774010311e-06,78,0
2009-09-21,,3.4300086044e-06,78,1
2009-09-22,,1.2427567407e-06,66,1
2009-09-23,,1.7895697066e-06,36,0
2009-09-24,,4.821896154e-06,97,0
2009-09-25,,4.5236345362e-06,119,2
2009-09-26,,4.9710269629e-06,117,1
2009-09-27,,4.3247934577e-06,87,0
2009-09-28,,4.2253729185e-06,85,0
2009-09-29,,4.3745037274e-06,133,2
2009-09-30,,4.2253729185e-06,85,0
2009-10-01,,4.0762421096e-06,82,0
2009-10-02,,3.5791394133e-06,83,1
2009-10-03,,2.8831956385e-06,58,0
2009-10-04,,2.6346442903e-06,53,0
2009-10-05,,2.7340648296e-06,55,0
2009-10-06,,2.137541594e-06,58,2
2009-10-07,,2.9826161777e-06,60,0
2009-10-08,,3.479718874e-06,70,0
2009-10-09,,3.9271113007e-06,79,0
2009-10-10,,3.8276907614e-06,77,0
2009-10-11,,3.6785599525e-06,74,0
2009-10-12,,2.8831956385e-06,132,1
2009-10-13,,2.8334853688e-06,57,0
2009-10-14,,3.4300086044e-06,69,0
2009-10-15,,3.5294291437e-06,71,0
2009-10-16,,2.9826161777e-06,141,1
2009-10-17,,2.8334853688e-06,57,0
2009-10-18,,3.6785599525e-06,82,1
2009-10-19,,5.5675501985e-06,112,0
2009-10-20,,4.7224756148e-06,197,1
2009-10-21,,3.9768215703e-06,99,1
2009-10-22,,4.4739242666e-06,130,1
2009-10-23,,4.424213997e-06,89,0
2009-10-24,,3.082036717e-06,70,1
2009-10-25,,3.7779804918e-06,76,0
2009-10-26,,3.5294291437e-06,71,0
2009-10-27,,3.1814572562e-06,81,1
2009-10-28,,3.2808777955e-06,66,0
2009-10-29,,2.2866724029e-06,89,2
2009-10-30,,2.9826161777e-06,60,0
2009-10-31,,2.2866724029e-06,46,0
2009-11-01,,1.2427567407e-06,25,0
2009-11-02,,1.6404388977e-06,33,0
2009-11-03,,3.082036717e-06,62,0
2009-11-04,,3.1317469866e-06,105,1
2009-11-05,,2.8334853688e-06,57,0
2009-11-06,,3.082036717e-06,62,0
2009-11-07,,3.4300086044e-06,69,0
2009-11-08,,3.6288496829e-06,73,0
2009-11-09,,3.1814572562e-06,64,0
2009-11-10,,3.8774010311e-06,120,3
2009-11-11,,3.1814572562e-06,76,6
2009-11-12,,3.2808777955e-06,68,2
2009-11-13,,3.9768215703e-06,91,1
2009-11-14,,3.9271113007e-06,79,0
2009-11-15,,4.7721858844e-06,96,0
2009-11-16,,4.821896154e-06,97,0
2009-11-17,,4.5733448059e-06,92,0
2009-11-18,,3.9271113007e-06,79,0
2009-11-19,,3.479718874e-06,153,2
2009-11-20,,4.2750831881e-06,86,0
2009-11-21,,3.6288496829e-06,73,0
2009-11-22,,5.2692885807e-06,106,0
2009-11-23,,4.7721858844e-06,96,0
2009-11-24,,4.6230550755e-06,93,0
2009-11-25,,4.4739242666e-06,90,0
2009-11-26,,4.1756626488e-06,84,0
2009-11-27,,3.6785599525e-06,74,0
2009-11-28,,3.5294291437e-06,71,0
2009-11-29,,2.9826161777e-06,60,0
2009-11-30,,3.7282702222e-06,75,0
2009-12-01,,3.6288496829e-06,240,1
2009-12-02,,4.6727653451e-06,94,0
2009-12-03,,4.3745037274e-06,88,0
2009-12-04,,1.7895697066e-06,36,0
2009-12-05,,3.1814572562e-06,84,1
2009-12-06,,5.1201577718e-06,107,2
2009-12-07,,5.5675501985e-06,133,1
2009-12-08,,5.2195783111e-06,116,1
2009-12-09,,4.7721858844e-06,119,13
2009-12-10,,5.1698680414e-06,104,0
2009-12-11,,5.5675501985e-06,180,2
2009-12-12,,5.4681296592e-06,110,0
2009-12-13,,5.6669707377e-06,114,0
2009-12-14,,5.0704475022e-06,437,5
2009-12-15,,5.4681296592e-06,137,3
2009-12-16,,6.7605966696e-06,136,0
2009-12-17,,8.4010355674e-06,179,3
2009-12-18,,1.11848106666e-05,225,0
2009-12-19,,9.8426333866e-06,200,1
2009-12-20,,8.6992971851e-06,177,1
2009-12-21,,8.6992971851e-06,175,0
2009-12-22,,8.05306368e-06,162,0
2009-12-23,,7.6553815229e-06,154,0
2009-12-24,,7.6553815229e-06,154,0
2009-12-25,,7.4068301748e-06,151,1
2009-12-26,,8.6495869155e-06,174,0
2009-12-27,,8.3016150281e-06,173,1
2009-12-28,,6.8103069392e-06,137,0
2009-12-29,,8.5004561066e-06,171,0
2009-12-30,,7.9274385195e-06,141,0
2009-12-31,,8.1147111617e-06,138,0
2010-01-01,,7.761897633e-06,136,2
2010-01-02,,7.4090841042e-06,126,0
2010-01-03,,1.09372193919e-05,186,0
2010-01-04,,1.06432081179e-05,266,2
2010-01-05,,1.16428464495e-05,198,0
2010-01-06,,9.5847675316e-06,163,0
2010-01-07,,9.0555472385e-06,154,0
2010-01-08,,8.9967449837e-06,153,0
2010-01-09,,8.8791404741e-06,151,0
2010-01-10,,1.11724284111e-05,190,0
2010-01-11,,9.4467222828e-06,159,0
2010-01-12,,1.03151234807e-05,375,2
2010-01-13,,1.06394984329e-05,168,2
2010-01-14,,9.2771236336e-06,155,2
2010-01-15,,9.1473736527e-06,147,1
2010-01-16,,8.1093738056e-06,132,1
2010-01-17,,8.4986237482e-06,131,0
2010-01-18,,8.1093738056e-06,128,1
2010-01-19,,8.0444988151e-06,124,0
2010-01-20,,1.02502484902e-05,158,0
2010-01-21,,1.13531233278e-05,187,9
2010-01-22,,8.6283737291e-06,141,3
2010-01-23,,1.03799984711e-05,164,2
2010-01-24,,9.9907485285e-06,156,1
2010-01-25,,1.38891428992e-05,272,4
2010-01-26,,1.30302482192e-05,215,6
2010-01-27,,1.09587728613e-05,182,2
2010-01-28,,1.18274560759e-05,199,2
2010-01-29,,1.31638917907e-05,214,4
2010-01-30,,1.40325750053e-05,248,4
2010-01-31,,1.1025594647e-05,184,2
2010-02-01,,1.22952085761e-05,203,9
2010-02-02,,9.6891589322e-06,167,1
2010-02-03,,1.80418821497e-05,277,2
2010-02-04,,1.58446145715e-05,269,5
2010-02-05,,2.01604285278e-05,472,4
2010-02-06,,1.73578577459e-05,224,14
2010-02-07,,1.96179954732e-05,230,5
2010-02-08,,1.80811018186e-05,329,8
2010-02-09,,1.87139403823e-05,623,3
2010-02-10,,1.51881255276e-05,777,5
2010-02-11,,1.52785310367e-05,245,5
2010-02-12,,1.6544208164e-05,226,5
2010-02-13,,2.09740781096e-05,318,3
2010-02-14,,1.90158401261e-05,263,11
2010-02-15,,2.21152004874e-05,273,9
2010-02-16,,2.45026369037e-05,217,6
2010-02-17,,3.00314370256e-05,267,11
2010-02-18,,2.61361460306e-05,268,7
2010-02-19,,2.4125673259e-05,198,3
2010-02-20,,2.61361460306e-05,221,2
2010-02-21,,2.8020964254e-05,344,4
2010-02-22,,3.26701825383e-05,531,5
2010-02-23,,3.1413637056e-05,252,1
2010-02-24,,2.84655236405e-05,283,6
2010-02-25,,2.8946369781e-05,300,4
2010-02-26,,3.23297117034e-05,196,4
2010-02-27,,3.23297117034e-05,184,3
2010-02-28,,2.93222966613e-05,264,3
2010-03-01,,3.66528708266e-05,227,4
2010-03-02,,3.53371267456e-05,233,5
2010-03-03,,2.85704429007e-05,260,6
2010-03-04,,3.47732364252e-05,575,3
2010-03-05,,3.21417482633e-05,175,2
2010-03-06,,3.32695289041e-05,274,6
2010-03-07,,3.36454557844e-05,297,4
2010-03-08,,2.80433283726e-05,313,5
2010-03-09,,3.28852291444e-05,229,2
2010-03-10,,3.64890898726e-05,211,7
2010-03-11,,2.99570923028e-05,200,3
2010-03-12,,2.72541967566e-05,130,2
2010-03-13,,3.4461918213e-05,190,1
2010-03-14,,2.81551619387e-05,134,2
2010-03-15,,3.04075748938e-05,145,5
2010-03-16,,2.83804032342e-05,154,3
2010-03-17,,3.06328161893e-05,164,3
2010-03-18,,3.15337813713e-05,285,10
2010-03-19,,3.4461918213e-05,229,8
2010-03-20,,4.32463287379e-05,273,12
2010-03-21,,4.12377930986e-05,193,8
2010-03-22,,4.06214507725e-05,223,6
2010-03-23,,4.69756441894e-05,289,13
2010-03-24,,3.88059669391e-05,208,11
2010-03-25,,4.24369346059e-05,541,15
2010-03-26,,4.47062893976e-05,280,16
2010-03-27,,4.03945152933e-05,217,7
2010-03-28,,4.22099991267e-05,196,5
2010-03-29,,4.42524184393e-05,268,12
2010-03-30,,4.87911280228e-05,227,6
2010-03-31,,4.74295151477e-05,239,7
2010-04-01,,4.47002045237e-05,197,9
2010-04-02,,4.71916688602e-05,179,5
2010-04-03,,4.87042223493e-05,192,5
2010-04-04,,5.17293293275e-05,241,12
2010-04-05,,4.62841367667e-05,307,28
2010-04-06,,4.80992009537e-05,267,15
2010-04-07,,5.83845646796e-05,303,11
2010-04-08,,5.53594577014e-05,227,15
2010-04-09,,5.71745218883e-05,308,32
2010-04-10,,7.86527814337e-05,559,41
2010-04-11,,6.74598856143e-05,398,39
2010-04-12,,7.19277209962e-05,357,45
2010-04-13,,7.34688770108e-05,246,21
2010-04-14,,6.99703590579e-05,338,75
2010-04-15,,8.39644308695e-05,891,41
2010-04-16,,7.85222918316e-05,433,31
2010-04-17,,8.59080519544e-05,306,30
2010-04-18,,9.52374331622e-05,3479,3109
2010-04-19,,9.01840183413e-05,537,41
2010-04-20,,7.96884644826e-05,426,38
2010-04-21,,8.78481537128e-05,375,34
2010-04-22,,9.061318254e-05,232,39
2010-04-23,,8.54841344716e-05,241,50
2010-04-24,,9.57422306083e-05,285,34
2010-04-25,,9.00432883101e-05,343,45
2010-04-26,,9.3462653689e-05,281,49
2010-04-27,,0.000102580961366,271,52
2010-04-28,,0.000102580961366,329,48
2010-04-29,,8.37744517822e-05,212,32
2010-04-30,,8.20647690928e-05,206,25
2010-05-01,,0.0001042906440554,269,28
2010-05-02,,8.83336056207e-05,231,27
2010-05-03,,9.061318254e-05,302,27
2010-05-04,,8.31506698313e-05,275,40
2010-05-05,,8.75068811554e-05,296,26
2010-05-06,,9.5171717461e-05,446,30
2010-05-07,,8.43131993614e-05,250,26
2010-05-08,,9.8365399255e-05,420,25
2010-05-09,,9.13392993082e-05,267,42
2010-05-10,,8.17582539262e-05,286,27
2010-05-11,,7.08997358266e-05,160,19
2010-05-12,,8.11195175674e-05,263,33
2010-05-13,,8.17582539262e-05,255,38
2010-05-14,,7.85645721322e-05,249,31
2010-05-15,,5.81250086506e-05,159,21
2010-05-16,,7.21772085442e-05,169,20
2010-05-17,,9.13392993082e-05,291,35
2010-05-18,,0.0001073077082782,309,56
2010-05-19,,0.0001009137612625,309,42
2010-05-20,,0.0001195424766694,291,35
2010-05-21,,0.0001036427383932,318,58
2010-05-22,,0.0001148314431061,349,32
2010-05-23,,0.0001242535102327,446,98
2010-05-24,,0.0001107092887381,329,61
2010-05-25,,0.0001236646310373,348,45
2010-05-26,,0.0001313200605777,403,64
2010-05-27,,0.0001130648055198,385,75
2010-05-28,,0.0001313200605777,359,53
2010-05-29,,0.0001240129115186,372,60
2010-05-30,,0.0001230946939768,270,52
2010-05-31,,0.0001173117217766,297,47
2010-06-01,,0.0001115287495763,250,48
2010-06-02,,0.0001214424162053,259,47
2010-06-03,,0.0001255731106341,409,86
2010-06-04,,0.0001032673607188,226,44
2010-06-05,,0.0001197901384338,270,50
2010-06-06,,0.0001222685550911,263,50
2010-06-07,,0.0001297038050628,478,51
2010-06-08,,0.0001321822217201,350,62
2010-06-09,,0.0001387913328061,342,51
2010-06-10,,0.0001321822217201,291,59
2010-06-11,,0.000139018730269,356,80
2010-06-12,,0.0001166451924922,290,78
2010-06-13,,0.0001486146156197,351,72
2010-06-14,,0.0001391101925277,415,88
2010-06-15,,0.0001589830771745,371,89
2010-06-16,,0.0001226934617325,291,48
2010-06-17,,0.0001261496155841,279,57
2010-06-18,,0.0001296057694358,274,42
2010-06-19,,0.0001296057694358,385,67
2010-06-20,,0.0001598471156374,305,40
2010-06-21,,0.0001330619232874,352,91
2010-06-22,,0.0001347900002132,366,73
2010-06-23,,0.0001615751925633,347,67
2010-06-24,,0.0001541694150006,366,73
2010-06-25,,0.0001446926486387,244,57
2010-06-26,,0.0001533742075571,252,44
2010-06-27,,0.0001717019430513,312,58
2010-06-28,,0.0001466218839539,288,75
2010-06-29,,0.000163020384133,413,98
2010-06-30,,0.0001755604136817,438,87
2010-07-01,,0.0002035343257518,403,76
2010-07-02,,0.0001610911488178,398,80
2010-07-03,,0.0002044989434094,326,66
2010-07-04,,0.0001601265311602,431,58
2010-07-05,,0.0001726665607089,380,71
2010-07-06,,0.0001953985360524,273,40
2010-07-07,,0.0001822475979769,383,66
2010-07-08,,0.000176406328811,309,68
2010-07-09,,0.0002324825128039,349,68
2010-07-10,,0.0002313142589707,405,42
2010-07-11,,0.0002091174361402,717,238
2010-07-12,,0.0007698792760694,3430,1581
2010-07-13,,0.0012185652901107,2012,796
2010-07-14,,0.0013040497673099,6752,5548
2010-07-15,,0.0014078322747429,2009,711
2010-07-16,,0.0015996042993473,1721,675
2010-07-17,,0.0015612498944264,895,248
2010-07-18,146.0383322,0.0015522253285627,860,248
2010-07-19,62.56512971,0.0015702744602902,929,334
2010-07-20,45.10663005,0.0016334464213363,936,423
2010-07-21,38.35756046,0.0018680851337935,784,247
2010-07-22,25.1323482,0.0015883235920176,594,221
2010-07-23,23.1909876,0.0017507657775649,655,220
2010-07-24,17.07191365,0.0017056429482462,959,700
2010-07-25,14.29480012,0.0020846747145232,2130,1591
2010-07-26,12.57111018,0.002192969504888,1250,227
2010-07-27,12.41061061,0.0019903015433026,775,259
2010-07-28,11.86773641,0.0019302449215598,664,2860
2010-07-29,13.54121185,0.0021851829300677,534,619
2010-07-30,12.03290217,0.0022094627404018,582,141
2010-07-31,12.05286591,0.0024644007489096,479,94
2010-08-01,10.44892297,0.0029014373349232,622,124
2010-08-02,9.9762043,0.0029378570504243,632,155
2010-08-03,9.60461264,0.0027557584729187,988,424
2010-08-04,8.82883787,0.0029499969555914,715,193
2010-08-05,9.19506028,0.0028343136485242,825,301
2010-08-06,9.02581206,0.0025733862124124,640,213
2010-08-07,8.42875731,0.0027134344416594,500,113
2010-08-08,8.47702357,0.0034836997025175,581,191
2010-08-09,9.28085443,0.0033261454446147,782,235
2010-08-10,8.88387323,0.0033436514732706,590,151
2010-08-11,8.33793184,0.004078904676817,724,184
2010-08-12,8.49787609,0.0037988082183231,611,220
2010-08-13,7.56762836,0.0037637961610114,787,247
2010-08-14,7.65189676,0.0049191940522987,564,156
2010-08-15,7.26649664,0.0040522040047167,472,130
2010-08-16,7.13837504,0.003739738855449,760,298
2010-08-17,7.50985867,0.0032818116486593,486,188
2010-08-18,7.14796434,0.0033835732501681,709,231
2010-08-19,6.93168437,0.0034344540509225,471,190
2010-08-20,6.69412905,0.0049099972728004,656,230
2010-08-21,6.61775626,0.0044011892652563,526,168
2010-08-22,6.41568722,0.0053933648799672,586,153
2010-08-23,6.22495622,0.0054188052803444,655,157
2010-08-24,6.13247009,0.0054696860810989,638,166
2010-08-25,6.02386076,0.0054951264814761,498,149
2010-08-26,5.87469011,0.0054201607479535,650,158
2010-08-27,5.87209239,0.0052990734898342,490,121
2010-08-28,5.77497614,0.0052680847559755,531,170
2010-08-29,5.66272908,0.005020174885106,418,111
2010-08-30,5.69050244,0.0046173213449432,517,175
2010-08-31,5.19159819,0.005701927029997,733,254
2010-09-01,5.31891315,0.0048652312158127,622,235
2010-09-02,5.38522542,0.004834242481954,513,146
2010-09-03,5.12179597,0.0050821523528234,503,155
2010-09-04,5.18235949,0.005608960828421,468,96
2010-09-05,5.06897347,0.0051131410866821,534,143
2010-09-06,5.03207272,0.0048962199496713,518,125
2010-09-07,4.94816313,0.0049581974173887,408,120
2010-09-08,4.88836125,0.0057359961829143,535,174
2010-09-09,4.79545778,0.0047840893422885,530,204
2010-09-10,4.74669508,0.0062724726932227,529,171
2010-09-11,4.91061134,0.0056700318130826,426,141
2010-09-12,4.69699949,0.0062724726932227,708,199
2010-09-13,4.70641545,0.0060598465002321,722,267
2010-09-14,4.64512859,0.0071938528628486,680,227
2010-09-15,4.45428881,0.0059889711025685,666,261
2010-09-16,4.47633904,0.0077608560441568,666,211
2010-09-17,4.19274776,0.0073710413570074,1008,155
2010-09-18,4.22048014,0.0083987346231286,573,165
2010-09-19,4.29534109,0.0093319949516584,667,149
2010-09-20,4.22043399,0.0092619995657655,711,275
2010-09-21,4.22602175,0.0078476055434072,1227,631
2010-09-22,4.14162414,0.0079388567706562,1056,520
2010-09-23,4.11497371,0.0106763935881238,1027,399
2010-09-24,4.07954667,0.0104026399063771,808,268
2010-09-25,4.03278411,0.0094445020202633,837,332
2010-09-26,4.00070639,0.0093532507930144,634,206
2010-09-27,3.91751164,0.0104482655200015,1251,350
2010-09-28,3.70318762,0.0104098858028698,1705,284
2010-09-29,3.67369778,0.010750436774287,1203,812
2010-09-30,3.58697479,0.0095705107868652,640,215
2010-10-01,3.57218676,0.0100949223368305,852,445
2010-10-02,3.26607208,0.0065551443745652,798,404
2010-10-03,3.2380791,0.0079972761369695,648,235
2010-10-04,3.23417646,0.0100293708930848,852,258
2010-10-05,3.17003606,0.0082594819119522,688,244
2010-10-06,3.22421336,0.0112092968805066,682,231
2010-10-07,3.40312006,0.0104882309993044,654,184
2010-10-08,4.14833833,0.0100949223368305,813,207
2010-10-09,4.40766563,0.0103571281118131,753,245
2010-10-10,4.45879954,0.0116681569867261,631,186
2010-10-11,4.28117529,0.0104226795555587,632,184
2010-10-12,4.2360293,0.0105175094359409,643,195
2010-10-13,4.55044647,0.0120563786888564,929,187
2010-10-14,4.35844526,0.014042941086452,626,159
2010-10-15,4.34353862,0.0121248808404976,582,152
2010-10-16,4.06985428,0.0176735551234372,933,185
2010-10-17,4.06277933,0.018495580943132,751,186
2010-10-18,4.02994877,0.0170570357586661,947,328
2010-10-19,3.80761656,0.0175365508201548,1411,671
2010-10-20,3.8186494,0.0180845680332846,1218,475
2010-10-21,4.00919854,0.018337040329349,983,350
2010-10-22,3.82096178,0.0164515818945875,958,439
2010-10-23,3.85485171,0.0186949794256676,838,341
2010-10-24,4.14384219,0.0218998330414963,848,344
2010-10-25,4.88883386,0.0216861761337744,763,209
2010-10-26,5.14523738,0.0257456573804908,900,280
2010-10-27,6.05058402,0.022754460672384,1075,353
2010-10-28,5.2615273,0.0233954313955498,1012,276
2010-10-29,5.63366942,0.0238227452109936,829,234
2010-10-30,5.72124637,0.0276237096817406,657,174
2010-10-31,5.43761091,0.0275107023258776,609,129
2010-11-01,5.41406405,0.0272033201769851,565,180
2010-11-02,5.28311477,0.0270496291025389,446,101
2010-11-03,5.18370173,0.0292013041447863,578,157
2010-11-04,5.7153824,0.030891905963695,632,157
2010-11-05,6.25148898,0.0336583453037274,828,221
2010-11-06,8.19405221,0.0335046542292811,588,165
2010-11-07,6.73312638,0.0370395489415447,688,210
2010-11-08,4.59520726,0.042265045472717,1570,241
2010-11-09,4.06257605,0.0399576940439629,651,193
2010-11-10,4.25825739,0.0457771834440332,655,196
2010-11-11,4.10381259,0.0493852373115432,594,172
2010-11-12,4.88620474,0.0381100689755745,457,117
2010-11-13,4.93212505,0.0502872507784207,587,118
2010-11-14,4.88743661,0.0577288618801601,945,164
2010-11-15,4.51276218,0.0451006733438751,4487,5457
2010-11-16,3.76028119,0.044424163243717,3228,8121
2010-11-17,4.00641517,0.0556993315796857,674,186
2010-11-18,4.39720823,0.063399410028978,651,1846
2010-11-19,4.48312449,0.0512033075039661,635,9313
2010-11-20,4.49841005,0.0395972244697338,783,9227
2010-11-21,4.36944711,0.0477897536703684,768,9857
2010-11-22,4.46021601,0.0556409274876431,651,199
2010-11-23,4.38599831,0.0477897536703684,627,184
2010-11-24,4.33600482,0.0604199028546799,960,3844
2010-11-25,4.23185505,0.061785324388119,927,4745
2010-11-26,4.23141948,0.066222944371796,1177,1089
2010-11-27,4.17587813,0.0614439690047592,828,265
2010-11-28,3.97931625,0.0587131259378811,707,281
2010-11-29,3.37289742,0.0713432751221925,905,247
2010-11-30,3.0371558,0.0722655508954609,817,261
2010-12-01,3.31113157,0.0754950217057436,1127,324
2010-12-02,3.6445754,0.0754950217057436,770,259
2010-12-03,3.57134671,0.0758965909701358,887,198
2010-12-04,2.90733946,0.0919593615458261,731,190
2010-12-05,2.86401711,0.0959750541897487,685,192
2010-12-06,2.83306957,0.0967781927185332,742,228
2010-12-07,3.1967626,0.0959750541897487,1138,330
2010-12-08,3.24906898,0.0955734849253564,903,282
2010-12-09,2.71091675,0.092247198273048,857,273
2010-12-10,2.7619015,0.0895303811037848,644,229
2010-12-11,3.07070131,0.106583787028315,1052,367
2010-12-12,2.94969685,0.104147586181954,1220,482
2010-12-13,3.03156879,0.0858760798342426,1685,510
2010-12-14,3.26966627,0.104147586181954,1103,470
2010-12-15,3.15229808,0.119373841471713,1081,443
2010-12-16,3.26455554,0.105365686605134,954,358
2010-12-17,3.15712017,0.101102335124002,795,294
2010-12-18,3.11960091,0.09805708406605,879,348
2010-12-19,3.09706546,0.112065238932629,1089,371
2010-12-20,3.39996207,0.0968389836428693,1460,769
2010-12-21,3.01272532,0.123479413447296,1083,433
2010-12-22,3.10757151,0.113041823764728,1237,516
2010-12-23,3.09503865,0.104401684368698,1002,362
2010-12-24,3.05891168,0.106561719217705,845,379
2010-12-25,3.06790542,0.120961951544422,1076,465
2010-12-26,3.23677185,0.104401684368698,1032,439
2010-12-27,3.21872427,0.119521928311751,1151,378
2010-12-28,3.39360976,0.121681963160758,1015,473
2010-12-29,3.55514947,0.118801916695415,1042,383
2010-12-30,3.53000117,0.121681963160758,1049,396
2010-12-31,3.51255257,0.116641881846407,876,382
2011-01-01,3.49431915,0.130322102556788,1071,473
2011-01-02,3.46374621,0.126002032858773,1097,418
2011-01-03,3.38619201,0.123832415934612,1405,997
2011-01-04,3.41744847,0.114301127146323,1111,842
2011-01-05,3.39994438,0.124839528939956,1497,1161
2011-01-06,3.37409013,0.114301127146323,1166,519
2011-01-07,3.59662517,0.132945991858135,1269,887
2011-01-08,3.60311438,0.137809869609042,1439,1219
2011-01-09,3.58303029,0.132135345566317,1390,1065
2011-01-10,3.56790627,0.131324699274499,1458,1167
2011-01-11,3.47434474,0.139431162192678,1564,1188
2011-01-12,3.37613389,0.135377930733588,1248,988
2011-01-13,3.31520101,0.152401502861764,1700,1102
2011-01-14,4.10741466,0.146726978819039,1622,1080
2011-01-15,3.93479597,0.134789940555296,1425,799
2011-01-16,3.89072744,0.159478007688148,1501,731
2011-01-17,3.48443916,0.165893789606637,1356,655
2011-01-18,3.11008305,0.129232178643844,1462,708
2011-01-19,3.07260733,0.154895306317799,1523,730
2011-01-20,3.78751517,0.170476490976986,1474,749
2011-01-21,4.03324208,0.159478007688148,1931,976
2011-01-22,4.1752733,0.151229145221519,2184,1256
2011-01-23,4.11467439,0.155811846591869,1918,914
2011-01-24,3.8538566,0.172309571525125,2090,1156
2011-01-25,3.73958941,0.142980282754891,1410,714
2011-01-26,3.28267628,0.164977249332567,1771,827
2011-01-27,3.29852211,0.164238856456947,1472,683
2011-01-28,3.44964227,0.1728901430173,1790,961
2011-01-29,3.35970677,0.176172867251806,2012,1156
2011-01-30,3.62408311,0.170701660194296,3365,2612
2011-01-31,3.88967746,0.186021039955323,2089,1055
2011-02-01,5.02344554,0.179455591486312,1901,854
2011-02-02,4.95514811,0.1728901430173,1491,727
2011-02-03,4.68663449,0.175078625840304,1273,641
2011-02-04,5.36029838,0.212282833831369,1505,714
2011-02-05,5.79068626,0.19586921265884,1514,697
2011-02-06,5.59155797,0.193680729835836,1345,684
2011-02-07,5.25293615,0.222131006534886,1389,685
2011-02-08,5.35492291,0.209786304584443,1472,711
2011-02-09,5.69602563,0.248133431243539,2127,1054
2011-02-10,5.38116292,0.240379261517178,3556,1852
2011-02-11,5.62034798,0.240379261517178,4302,2163
2011-02-12,5.66318761,0.253302877727779,3312,1735
2011-02-13,5.42738984,0.255887600969899,3244,1605
2011-02-14,5.31812686,0.253302877727779,4141,1824
2011-02-15,5.15817185,0.290781364738522,3347,1956
2011-02-16,5.01369832,0.299827896085942,2995,1872
2011-02-17,5.00090272,0.298535534464882,3527,2042
2011-02-18,4.27713788,0.361872356546793,3589,1815
2011-02-19,4.46173899,0.291801360363519,2904,1436
2011-02-20,4.04564986,0.358861300322836,3176,1753
2011-02-21,3.8865163,0.351611577083991,3317,1804
2011-02-22,4.03903963,0.382422900849083,3759,1944
2011-02-23,4.11116115,0.440420686759845,3811,2042
2011-02-24,4.46075117,0.375173177610238,3644,1886
2011-02-25,4.09708361,0.407796932185041,3465,1847
2011-02-26,4.20136279,0.500230903480318,3482,1639
2011-02-27,3.85737612,0.548738299564689,3685,2058
2011-02-28,3.66264324,0.414505490200174,3029,1549
2011-03-01,3.45556491,0.359238091506817,5342,2697
2011-03-02,3.49629585,0.464246149024195,3528,1758
2011-03-03,3.4729141,0.513986807848217,4893,3011
2011-03-04,3.31231304,0.610704755561592,3311,1767
2011-03-05,3.30711769,0.765453471902993,3547,1738
2011-03-06,3.2074455,0.757163362098989,3340,1775
2011-03-07,3.17308684,0.583071056214914,3410,1719
2011-03-08,3.11400943,0.516750177782885,3893,2270
2011-03-09,3.08389438,0.503590332559942,3353,1653
2011-03-10,3.286687,0.41663112167079,2916,1596
2011-03-11,3.13277134,0.492382234701844,3072,1718
2011-03-12,3.23180751,0.530257791217371,3286,2872
2011-03-13,3.12541924,0.443144011231659,2864,2549
2011-03-14,3.09976092,0.424206232973896,2899,2543
2011-03-15,3.0094772,0.424206232973896,3265,2725
2011-03-16,2.90524469,0.51510756861116,3221,3202
2011-03-17,2.80330055,0.534045346868923,3133,3073
2011-03-18,2.72116816,0.454506678186317,3336,2631
2011-03-19,2.5915635,0.435568899928554,2955,2901
2011-03-20,2.50871253,0.518895124262713,4447,3728
2011-03-21,2.56031946,0.560558236429792,4824,5783
2011-03-22,2.71742347,0.450719122534764,3967,2220
2011-03-23,2.8434557,0.594646237293766,6561,4225
2011-03-24,2.88481841,0.575708459036003,4450,2036
2011-03-25,2.91145917,0.59678695292035,4172,1829
2011-03-26,2.79254753,0.473188789594268,4838,3192
2011-03-27,2.67675364,0.490333310956379,4933,2343
2011-03-28,2.58237,0.576055917766935,5444,2977
2011-03-29,2.56999182,0.558911396404824,4473,2373
2011-03-30,2.55673793,0.534909066497868,3574,1537
2011-03-31,2.53409399,0.689209758756868,4121,1885
2011-04-01,2.49434063,0.603487151946312,3259,1387
2011-04-02,2.51639313,0.617202769036001,3350,1622
2011-04-03,2.50130518,0.60005824767389,3571,1617
2011-04-04,2.1702087,0.610344960491157,4753,2190
2011-04-05,2.2785139,0.677833306935831,4246,1881
2011-04-06,2.35209347,0.605826777408803,3806,1701
2011-04-07,2.39124558,0.601733353237122,3454,1537
2011-04-08,2.37382641,0.679508412499063,3674,1617
2011-04-09,2.31988599,0.638574170782252,3584,1556
2011-04-10,2.31383197,0.708162381700831,3547,1572
2011-04-11,2.42399078,0.66722813998402,4109,1802
2011-04-12,2.6961135,0.66722813998402,4258,1889
2011-04-13,2.89135449,0.794124289306135,4764,2220
2011-04-14,3.07319764,0.654947867468977,6169,2913
2011-04-15,2.99333242,0.55670568734863,4150,1874
2011-04-16,3.15615233,0.708162381700831,5128,1743
2011-04-17,3.27386129,0.736816350902599,4418,2109
2011-04-18,3.37473832,0.660518719570172,5632,2947
2011-04-19,3.42498343,0.706956041464806,6311,3399
2011-04-20,3.28485981,0.661049805006052,5358,2809
2011-04-21,3.43905824,0.674821675943678,4042,1759
2011-04-22,3.90431563,0.807949761674064,4237,1907
2011-04-23,4.86099744,0.789587267090563,4979,2145
2011-04-24,4.27543628,0.743681030631809,4821,2291
2011-04-25,4.06113168,0.88139974000807,5053,2342
2011-04-26,4.51459705,0.895171610945696,6053,3203
2011-04-27,4.76744161,0.840084127195192,7488,4394
2011-04-28,5.53562475,0.75286227792356,6130,2819
2011-04-29,5.27956549,0.918124729175073,6915,3432
2011-04-30,5.74340681,1.01573848814116,8113,4208
2011-05-01,4.96719361,0.97586000943528,7423,3735
2011-05-02,5.05486151,1.07399118356844,5974,2894
2011-05-03,5.13349205,1.06853945167215,6123,2776
2011-05-04,4.84337805,1.07399118356844,6335,2574
2011-05-05,4.67664599,1.19392928528674,7151,3273
2011-05-06,4.63603126,1.18847755339045,6956,3112
2011-05-07,4.80792811,1.16667062580531,7114,3598
2011-05-08,4.92348609,1.19392928528674,6630,2772
2011-05-09,4.77598264,1.38366223925104,7510,3240
2011-05-10,6.2849561,1.43201375569862,7096,2920
2011-05-11,5.77375573,1.49461544993681,7122,2920
2011-05-12,6.23619574,1.32246079078179,7283,3196
2011-05-13,6.81610339,1.6198188384132,9457,3861
2011-05-14,5.71115111,1.89370125070529,9075,4203
2011-05-15,5.38878812,1.72154659155026,8414,3600
2011-05-16,5.64948105,1.93282730960416,11803,4040
2011-05-17,5.05909092,2.0110794274019,10384,4182
2011-05-18,4.61026723,2.34847408033875,13150,5368
2011-05-19,4.62646251,2.07506748741494,11783,4422
2011-05-20,3.71328197,2.66967746918881,11699,4619
2011-05-21,4.07285788,2.66967746918881,10592,4689
2011-05-22,4.35034379,3.05799419197991,10846,5058
2011-05-23,4.487161,3.47058070994546,12217,5480
2011-05-24,4.5999394,3.62833437857935,13132,5532
2011-05-25,5.19133406,3.72541355927713,14760,6094
2011-05-26,5.17913836,4.13245826911418,14268,6543
2011-05-27,4.74938352,3.61018181654882,10903,4699
2011-05-28,4.61095078,3.35076755428184,11552,4831
2011-05-29,4.59177413,3.89121393400471,11521,4675
2011-05-30,4.71031321,3.32914969909293,12585,5149
2011-05-31,4.60202531,3.24267827833727,13982,5927
2011-06-01,4.97744055,4.06415677551603,14043,6353
2011-06-02,5.3275221,4.10739248589386,15459,6915
2011-06-03,6.42904939,4.36680674816084,17741,8168
2011-06-04,7.74313927,4.84239956231696,19728,8717
2011-06-05,6.57534893,4.49651387929433,17662,8292
2011-06-06,6.0241396,5.64243674096539,21083,9533
2011-06-07,7.22127316,4.79385062049806,19206,8989
2011-06-08,7.38787829,5.21683743995377,27266,11468
2011-06-09,6.61438788,6.26020492794452,26219,12118
2011-06-10,5.13598194,6.28840404924157,24275,11116
2011-06-11,3.17745001,7.10617856685594,23839,10625
2011-06-12,3.60717104,6.57039526221204,27257,12330
2011-06-13,3.61267024,6.40120053442976,25165,10722
2011-06-14,3.30858495,6.96518296037071,29777,13971
2011-06-15,3.13518917,9.62253046711673,27660,12362
2011-06-16,2.83819584,7.84685597858517,28666,12478
2011-06-17,2.42625836,8.10841784453801,26437,11270
2011-06-18,2.62955708,8.58794793211821,25899,11213
2011-06-19,2.69066084,9.7213826845805,27866,11419
2011-06-20,2.67081932,10.2009127721607,25564,10713
2011-06-21,2.63871848,11.0291920143447,25256,9627
2011-06-22,2.62779902,11.334347524623,26804,11221
2011-06-23,2.61500773,10.4624746381135,24185,10114
2011-06-24,2.59755925,11.5883019031324,25503,10834
2011-06-25,2.58920413,9.80408293420605,22622,9580
2011-06-26,2.40438777,10.2154430573196,24127,10154
2011-06-27,2.41862667,11.5866434676981,30134,11360
2011-06-28,2.4228443,10.9696032830277,25862,10515
2011-06-29,2.39153255,11.7923235292548,24405,9765
2011-06-30,2.27916897,13.0949639191144,23228,9348
2011-07-01,2.17517451,11.8608835497737,30344,10569
2011-07-02,2.17108212,11.5866434676981,32077,7720
2011-07-03,2.17640481,11.3124033856224,22031,8215
2011-07-04,1.95761946,11.655203488217,23834,9601
2011-07-05,1.82728432,9.52984285213036,23645,8938
2011-07-06,2.06878863,11.0198018544578,26601,10249
2011-07-07,2.07598143,10.1785091494532,22643,8901
2011-07-08,2.0056172,12.8202596157235,24961,8372
2011-07-09,2.01609779,11.577082925714,22376,7587
2011-07-10,2.03850499,10.6447004082068,29298,8541
2011-07-11,1.99133352,12.1986712707187,25407,10166
2011-07-12,1.94872351,10.9554945807092,23335,8155
2011-07-13,1.93841196,14.840421736989,27138,8874
2011-07-14,1.93955814,11.188590210086,28840,8647
2011-07-15,1.91086852,12.5871639863467,24887,8082
2011-07-16,1.89668424,12.1986712707187,23706,8548
2011-07-17,1.8320481,13.2087523313515,24647,8179
2011-07-18,1.94207395,13.2087523313515,27778,8712
2011-07-19,1.96438973,11.2111707323077,25356,9031
2011-07-20,1.96296845,12.5241780565162,25461,8682
2011-07-21,1.95201716,12.7763427153722,25378,7961
2011-07-22,1.96311336,12.6922878290869,24428,8920
2011-07-23,1.95853437,12.2720133976602,21547,7194
2011-07-24,1.99913286,13.953111123367,23903,8338
2011-07-25,2.00132141,13.8690562370817,26768,9155
2011-07-26,1.97632833,14.7936599862205,23317,8044
2011-07-27,1.97282473,14.6255502136498,23742,7851
2011-07-28,1.91925019,13.0285073742283,25905,8022
2011-07-29,1.91940166,13.7850013507964,22490,7111
2011-07-30,1.91948827,12.7763427153722,19350,5948
2011-07-31,1.8957305,14.7096050999351,24519,8112
2011-08-01,1.84650394,14.8724516683645,24432,8296
2011-08-02,1.73338364,14.4593828449778,20824,8336
2011-08-03,1.33360498,14.7410591341657,18614,7656
2011-08-04,1.54422773,12.1120804350788,19254,8195
2011-08-05,1.40034516,13.1448934954344,21833,7557
2011-08-06,1.01786264,11.4548357603071,19507,6266
2011-08-07,1.24329896,11.830404145891,20134,6618
2011-08-08,1.15587536,12.7693251098506,24672,7254
2011-08-09,1.45369998,13.7082460738102,23592,9020
2011-08-10,1.48953532,14.2715986521859,19400,8050
2011-08-11,1.40111707,12.8632172062465,18286,7476
2011-08-12,1.40327416,12.2998646278708,17412,7116
2011-08-13,1.48374896,12.2059725314748,19665,7464
2011-08-14,1.60021658,12.3937567242667,21211,7262
2011-08-15,1.64552851,12.0831688883706,18940,8028
2011-08-16,1.62211392,13.1949956893324,20993,9539
2011-08-17,1.61521112,12.2076150595184,20652,7579
2011-08-18,1.59806892,12.9257100630195,20917,7497
2011-08-19,1.71440506,11.7588056823302,21995,7369
2011-08-20,1.68142171,13.6438050665206,21238,6944
2011-08-21,1.66508331,14.3619000700216,22424,7412
2011-08-22,1.60062575,15.1697569489604,25255,7743
2011-08-23,1.60020118,13.9130906928335,22523,7054
2011-08-24,1.5924043,12.0280913086431,22638,7367
2011-08-25,1.38808124,12.1178531840808,23091,7035
2011-08-26,1.18126116,13.1949956893324,21283,7313
2011-08-27,1.32290185,10.9509488033915,21244,6289
2011-08-28,1.38880945,10.4123775507657,18378,5376
2011-08-29,1.37651145,12.3871388103937,18823,8146
2011-08-30,1.35371166,12.9344819425046,17324,7537
2011-08-31,1.26084033,13.69791557035,17149,7143
2011-09-01,1.26774835,11.4002007004848,16589,6926
2011-09-02,1.32640199,13.786289219191,16363,7037
2011-09-03,1.29992885,12.8141790819403,14319,5738
2011-09-04,1.26279873,11.8420689446897,17822,7113
2011-09-05,1.17142574,13.786289219191,18193,6841
2011-09-06,1.05875513,13.3444209749861,18872,7852
2011-09-07,1.10898952,12.0188162423716,16855,6814
2011-09-08,1.03732633,11.4002007004848,15832,6407
2011-09-09,0.7778049,13.609541921509,18354,7096
2011-09-10,0.74125214,11.7536952958487,16167,5933
2011-09-11,0.95191723,11.046706105121,15739,6463
2011-09-12,0.99274325,11.7536952958487,15899,6154
2011-09-13,0.94859348,12.4546245929338,14959,6434
2011-09-14,0.9162271,12.74034923428,15192,6165
2011-09-15,0.79879632,13.6129758941622,15482,6240
2011-09-16,0.7945909,10.384257252598,14476,6142
2011-09-17,0.78623754,11.6931972424213,12903,5264
2011-09-18,0.86238311,13.7875012261386,14196,5862
2011-09-19,0.91006394,11.0823585805038,16499,6676
2011-09-20,1.01350919,12.2167732383506,21500,7890
2011-09-21,0.92389277,12.74034923428,18297,7670
2011-09-22,0.90549337,12.9148745662564,17486,5935
2011-09-23,0.92077591,11.6059345764331,19216,6139
2011-09-24,0.90381871,11.2568839124802,19656,5621
2011-09-25,0.88996971,11.954985240386,19723,5654
2011-09-26,0.81318218,11.6931972424213,17623,5459
2011-09-27,0.82013287,11.5763660012633,18461,5979
2011-09-28,0.79634397,12.3446585058284,13766,5885
2011-09-29,0.79926256,10.4971585933915,12324,5263
2011-09-30,0.86045873,10.2452267871501,13620,5835
2011-10-01,0.84362417,12.0087494308399,13286,5316
2011-10-02,0.84035131,10.161249518403,11856,4957
2011-10-03,0.84387152,12.1767039683341,14031,6407
2011-10-04,0.83346608,9.40545409967877,13371,5442
2011-10-05,0.82223206,12.1767039683341,13475,5644
2011-10-06,0.79686105,10.7490903996329,14660,5792
2011-10-07,0.72247318,11.5888630871042,13622,5604
2011-10-08,0.67368961,9.99329498090869,12331,5240
2011-10-09,0.6969726,10.6651131308857,12398,5430
2011-10-10,0.69210157,10.3292040558972,13498,5729
2011-10-11,0.68231478,7.80988599348326,13852,5979
2011-10-12,0.71047083,10.0772722496558,13370,5692
2011-10-13,0.68913751,8.14579506847179,11340,4818
2011-10-14,0.68173462,10.166816043685,14662,5973
2011-10-15,0.65700741,9.77990833452232,13000,5443
2011-10-16,0.61884987,8.68514247618027,11949,4839
2011-10-17,0.44588055,8.61215808562414,14480,5701
2011-10-18,0.41992353,8.75812686673641,12586,4919
2011-10-19,0.38682853,9.70692394396618,12283,4832
2011-10-20,0.41178781,8.39320491395573,11014,4532
2011-10-21,0.4496029,8.83111125729255,11937,5090
2011-10-22,0.55278915,7.15247027450141,12833,5333
2011-10-23,0.55184552,7.88231418006277,13144,5480
2011-10-24,0.44332969,9.26901760062936,13637,5530
2011-10-25,0.49277864,9.41498638174164,12817,5078
2011-10-26,0.49043071,8.539173695068,12848,5276
2011-10-27,0.53782812,7.29843905561368,11685,4644
2011-10-28,0.56150563,7.66336100839436,11948,4754
2011-10-29,0.63046202,8.24723613284346,13153,5685
2011-10-30,0.57571366,8.10126735173118,10844,4627
2011-10-31,0.57758861,7.9817583180385,12167,5106
2011-11-01,0.56157774,8.97366252740125,12935,5704
2011-11-02,0.57806992,9.21296019479862,13426,5890
2011-11-03,0.56292746,7.4780521061677,13257,6266
2011-11-04,0.55505983,8.79418927685322,15306,6180
2011-11-05,0.53030549,8.73436486000388,13380,5646
2011-11-06,0.52799021,8.6147160263052,11361,4891
2011-11-07,0.5382165,7.89682302411309,13062,5502
2011-11-08,0.54611468,8.91383811055191,13485,5819
2011-11-09,0.53811177,9.63173111274402,14843,6543
2011-11-10,0.52701216,8.43524277575717,13935,6214
2011-11-11,0.56660138,7.11910560507164,12393,5070
2011-11-12,0.55904007,8.55489160945586,11482,4677
2011-11-13,0.55219421,8.6147160263052,13104,5577
2011-11-14,0.4125825,8.49929832916981,13220,5407
2011-11-15,0.43137161,9.7810984737963,14691,6239
2011-11-16,0.50419206,8.00271693310608,13106,5878
2011-11-17,0.45379982,8.23983447186477,12268,4882
2011-11-18,0.42341662,7.88415816372673,12265,4941
2011-11-19,0.44318529,7.29136431682999,10174,4587
2011-11-20,0.44369635,8.47695201062347,11013,4893
2011-11-21,0.45948528,6.99496739338162,10444,4856
2011-11-22,0.46857456,8.29911385655445,11489,5267
2011-11-23,0.4707238,7.94343754841641,11364,5386
2011-11-24,0.49214464,6.69857046993325,10972,4934
2011-11-25,0.50383539,8.00271693310608,11514,5280
2011-11-26,0.50116148,7.11352616276097,10255,4570
2011-11-27,0.50265443,6.75784985462292,10815,4979
2011-11-28,0.52129794,7.52848185558868,12645,5801
2011-11-29,0.56397222,7.86179939603625,14735,6412
2011-11-30,0.60468486,8.78360282822736,15161,6603
2011-12-01,0.62781131,9.86799823911963,14223,6330
2011-12-02,0.63153668,7.91608649951354,12915,5890
2011-12-03,0.57397228,8.24140512278123,13099,5707
2011-12-04,0.57735261,7.37388879406741,11618,5085
2011-12-05,0.58900798,8.5667237460489,13358,6176
2011-12-06,0.6191175,9.27158076312888,15120,7805
2011-12-07,0.61474353,7.48232833515664,13108,6097
2011-12-08,0.61605341,8.89204236931658,14099,5588
2011-12-09,0.60914874,7.97030627005816,11646,5426
2011-12-10,0.63235376,7.80764695842432,11990,5555
2011-12-11,0.66826403,8.24140512278123,11902,5047
2011-12-12,0.65547484,6.96904576736711,11460,4898
2011-12-13,0.66660548,7.57907924583361,11933,5080
2011-12-14,0.65014649,8.78484185312531,12005,5553
2011-12-15,0.6600436,6.4307339055558,10405,5030
2011-12-16,0.66134284,6.77523750763915,10534,4943
2011-12-17,0.65825176,8.61259005208364,9958,4591
2011-12-18,0.65885831,8.2680864500003,9955,4600
2011-12-19,0.72601344,9.12934545520865,12637,5606
2011-12-20,0.81110758,7.69391377986139,13868,6292
2011-12-21,0.79739555,8.55517278506975,11719,5393
2011-12-22,0.79956455,8.49775551805586,12176,5723
2011-12-23,0.80606997,8.15325191597251,11732,5356
2011-12-24,0.80659692,8.32550371701418,10318,4523
2011-12-25,0.86693708,9.99060446041701,11829,5138
2011-12-26,0.81869415,10.1742838905499,12271,5538
2011-12-27,0.83793425,8.36075916846583,11605,4989
2011-12-28,0.86007177,8.93736324904968,11047,4967
2011-12-29,0.85308817,7.95713631205714,11125,4968
2011-12-30,0.88040913,8.18777794429067,10437,4892
2011-12-31,0.96110917,8.70672161681614,10983,5027
2012-01-01,1.07623657,8.82204243293291,11474,4831
2012-01-02,1.05930034,8.70672161681614,12094,5390
2012-01-03,0.99064729,9.16800488128322,12934,5517
2012-01-04,1.13112076,8.59140080069937,12763,5778
2012-01-05,1.37524885,8.4760799845826,15378,6717
2012-01-06,1.3299183,9.85992977798385,14524,6362
2012-01-07,1.34825017,10.6095150827429,13829,5955
2012-01-08,1.40190243,9.57473527320661,14549,6116
2012-01-09,1.23859081,10.196782731553,15286,6016
2012-01-10,1.28528776,8.76674612895719,15541,6309
2012-01-11,1.35196805,9.51285218248546,16961,7085
2012-01-12,1.3223058,9.63720319140684,14087,6662
2012-01-13,1.2583872,8.7045706244965,14317,6554
2012-01-14,1.3151655,9.32632566910339,14683,6794
2012-01-15,1.36849062,8.64239512003582,13421,6017
2012-01-16,1.30213368,10.8807132806206,14860,6812
2012-01-17,1.08841281,9.76155420032821,14887,6829
2012-01-18,1.14730395,7.95846457096824,14263,6399
2012-01-19,1.22398742,9.32632566910339,15211,6720
2012-01-20,1.25883339,9.01544814679995,14105,6576
2012-01-21,1.19649675,10.196782731553,13487,6164
2012-01-22,1.2195885,8.79571160032404,11492,5238
2012-01-23,1.23243877,11.0512799993501,13508,6092
2012-01-24,1.21229511,9.03604658770391,15215,7218
2012-01-25,1.12369377,9.62111435237539,16707,7866
2012-01-26,1.04093223,8.97103905829597,13823,6181
2012-01-27,1.03027298,9.16606164651979,14379,6122
2012-01-28,1.09958449,9.42609176415156,13257,5899
2012-01-29,1.04861043,10.8562574111263,14267,6203
2012-01-30,1.07087848,11.181295058166,13370,5881
2012-01-31,1.07878577,9.75112941119127,15858,6933
2012-02-01,1.18086101,9.16606164651979,15161,6378
2012-02-02,1.18457113,10.3361971758628,15694,6870
2012-02-03,1.15560669,10.2711896464548,17088,7006
2012-02-04,1.14466214,10.5243675112882,16038,7073
2012-02-05,1.10288002,9.73873575999821,14720,6565
2012-02-06,1.066879,10.0130663447869,14174,6074
2012-02-07,1.10174851,9.39582252901235,14474,6793
2012-02-08,1.09353017,9.94448369858972,14819,6984
2012-02-09,1.1353915,9.94448369858972,14871,7258
2012-02-10,1.15551803,9.46440517520953,16819,8496
2012-02-11,1.09013106,10.2873969295756,14944,7447
2012-02-12,1.07230709,10.8360580991529,14056,6790
2012-02-13,1.04822456,9.39582252901235,16556,8028
2012-02-14,0.88628318,9.46440517520953,18756,9476
2012-02-15,0.85881942,9.19007459042084,18243,9392
2012-02-16,0.84731155,9.46440517520953,17722,9040
2012-02-17,0.87548728,10.4245622219699,14218,6532
2012-02-18,0.85418126,11.7103384053747,14337,6283
2012-02-19,0.87896592,10.8097843789034,13197,5764
2012-02-20,0.8748865,9.57828995599037,14828,6430
2012-02-21,0.86595781,8.82571003087685,14362,6091
2012-02-22,0.88771358,10.8782007357319,16120,6992
2012-02-23,1.01031089,11.3571152335314,18129,8044
2012-02-24,1.0069634,10.1940371674469,16256,6744
2012-02-25,0.9562508,11.2886988767029,14844,6029
2012-02-26,0.987122,10.2624535242754,13193,5600
2012-02-27,0.99206546,10.5361189515894,15336,6752
2012-02-28,0.97277124,10.9466170925604,16054,6473
2012-02-29,0.98303424,12.246527872302,15562,6632
2012-03-01,0.99267825,10.3308698811039,16097,6661
2012-03-02,0.95273137,9.65969774133957,17925,7501
2012-03-03,0.93570447,8.40891868350108,12413,5223
2012-03-04,0.97707036,10.1948837136252,14600,6202
2012-03-05,1.00656035,10.7902053903333,16264,6857
2012-03-06,1.00730295,10.1948837136252,15360,6299
2012-03-07,0.99924077,11.4599422766298,15193,6466
2012-03-08,0.99664788,11.6087726958068,15555,6386
2012-03-09,0.98421823,12.5017552108689,15970,6419
2012-03-10,0.97883044,12.2785095821034,13042,5208
2012-03-11,0.98947911,9.97163808485969,12053,4897
2012-03-12,0.99347632,12.3529247916919,15290,6280
2012-03-13,1.06881595,11.9064335341608,16216,7170
2012-03-14,1.08718901,10.1948837136252,16391,6742
2012-03-15,1.07616655,9.00424036020913,14920,6188
2012-03-16,1.07471861,11.392852670267,16092,6631
2012-03-17,1.05459511,12.6617048492277,16492,6872
2012-03-18,1.06154819,11.9168986816261,13966,5888
2012-03-19,0.94459498,10.6507281967033,15579,6620
2012-03-20,0.97583693,11.9168986816261,15537,6384
2012-03-21,0.97521983,11.7679374481057,16079,6818
2012-03-22,0.958695,11.7679374481057,15782,6463
2012-03-23,0.95107358,9.38455771178052,14184,6013
2012-03-24,0.94428539,13.70443348387,13792,6176
2012-03-25,0.92514492,11.6934568313456,14501,6055
2012-03-26,0.94207727,11.2465731307846,16361,6660
2012-03-27,0.97836225,11.6189762145854,15179,6410
2012-03-28,0.97414873,11.1720925140244,15846,6895
2012-03-29,0.97547676,11.2031044531912,17441,7638
2012-03-30,1.00380823,12.4518874670767,15053,6632
2012-03-31,1.00947443,13.7455900610586,14120,6047
2012-04-01,0.98982662,11.4816105215902,12842,5424
2012-04-02,1.02854689,9.37934380636944,14925,6396
2012-04-03,1.02616999,10.7539028124753,18598,7548
2012-04-04,1.01818959,11.0773284609708,16652,7076
2012-04-05,1.01855009,9.46020021849331,16870,6897
2012-04-06,1.02383214,10.9964720488469,15543,6593
2012-04-07,0.9749089,10.4304771639798,14271,5828
2012-04-08,0.98932901,12.1284618185812,13664,5697
2012-04-09,1.00365621,11.8050361700857,15395,6533
2012-04-10,1.00159858,11.8858925822095,17407,8345
2012-04-11,1.01641869,11.4007541094663,18806,7994
2012-04-12,1.01283392,10.1744659550845,18394,7840
2012-04-13,1.01932475,9.64793609350192,16330,7186
2012-04-14,1.0235231,10.9029521707054,17049,7885
2012-04-15,1.0239991,8.39292001629841,16157,7082
2012-04-16,1.02128074,11.7657757237828,18862,8371
2012-04-17,1.02477367,10.5891981514045,18828,7776
2012-04-18,1.05577307,10.1970056272785,19340,8396
2012-04-19,1.05634217,12.3148452575594,17558,7639
2012-04-20,1.10253174,12.0795297430837,19264,8095
2012-04-21,1.08513311,12.0795297430837,16495,7180
2012-04-22,1.06645583,10.9813906755306,14447,6080
2012-04-23,1.05038086,10.5891981514045,17264,7218
2012-04-24,1.04562838,10.8245136658802,17187,7455
2012-04-25,1.05274593,9.9616901128028,17264,7366
2012-04-26,1.04365008,12.1579682479089,19928,10049
2012-04-27,1.04332334,10.2376953938086,16191,6873
2012-04-28,1.01826429,11.3988447025059,15943,7303
2012-04-29,1.00664344,13.4236394851879,16232,7661
2012-04-30,1.0154865,13.4236394851879,18877,9138
2012-05-01,1.02469896,12.7487078909606,20427,10211
2012-05-02,1.03816859,11.2488599037887,19907,9777
2012-05-03,1.05122986,11.7738066992989,22009,13786
2012-05-04,1.04434248,12.0737762967332,22962,14435
2012-05-05,1.0384012,12.5237306928848,19627,12393
2012-05-06,1.03909745,12.298753494809,22444,11029
2012-05-07,1.04315667,12.7487078909606,25802,18309
2012-05-08,1.034375,13.1986622871121,23419,17280
2012-05-09,1.03787929,13.3085059314025,25272,17387
2012-05-10,1.01481717,11.1144094560379,22041,13336
2012-05-11,1.02276513,12.320624435763,24667,16983
2012-05-12,1.01650991,11.0282512432004,22910,18144
2012-05-13,1.01723564,12.0621497972505,20661,15185
2012-05-14,1.03132782,11.975991584413,32619,28372
2012-05-15,1.03590742,11.2005676688754,27730,22976
2012-05-16,1.04782389,10.4251437533379,25132,16700
2012-05-17,1.04954557,9.99435268915038,22883,17558
2012-05-18,1.05722248,12.492940861438,26196,24246
2012-05-19,1.05598806,12.837573712788,32917,36838
2012-05-20,1.05630265,11.8898333715755,28225,29021
2012-05-21,1.05927394,10.8559348175254,30487,31704
2012-05-22,1.05870456,9.90819447631288,27919,23837
2012-05-23,1.0665583,11.2005676688754,28839,26490
2012-05-24,1.06748348,10.5224859427787,28799,27026
2012-05-25,1.07106937,9.57022460788025,30265,28930
2012-05-26,1.0671858,11.2311726803223,24989,22572
2012-05-27,1.07321035,12.5757496913468,26493,26589
2012-05-28,1.07353739,11.2311726803223,29737,29730
2012-05-29,1.07601639,9.96568843465216,34480,30163
2012-05-30,1.07393,10.3611522614241,28755,25386
2012-05-31,1.08799952,10.9148016189047,28044,20325
2012-06-01,1.10502904,12.0221003338661,28549,26690
2012-06-02,1.09982963,12.6548424567012,21002,12938
2012-06-03,1.09327409,12.1011930992205,31043,34668
2012-06-04,1.10255401,12.2593786299292,42162,45794
2012-06-05,1.13624416,11.6266365070942,39781,42459
2012-06-06,1.13951888,12.1011930992205,25187,17186
2012-06-07,1.16734111,10.9793693798666,34826,32767
2012-06-08,1.17328064,11.0967278712018,28664,23931
2012-06-09,1.15906527,13.4577338012448,31108,33081
2012-06-10,1.13827143,13.0642328129043,33266,39755
2012-06-11,1.16358167,11.0180276735337,32475,32626
2012-06-12,1.19076668,12.2772308362233,24995,19904
2012-06-13,1.22631584,11.8050296502147,46530,54952
2012-06-14,1.23632319,12.2772308362233,49894,61850
2012-06-15,1.34544986,12.5133314292276,49687,55702
2012-06-16,1.32650659,12.2772308362233,39061,42429
2012-06-17,1.27481556,12.9068324175681,39723,43477
2012-06-18,1.29624188,13.7725345919172,36797,38035
2012-06-19,1.33207309,11.5689290572104,36392,36798
2012-06-20,1.37148675,11.7465395634511,32748,32390
2012-06-21,1.36507314,11.6726201299774,29558,26539
2012-06-22,1.340806,11.8442763083594,28511,22303
2012-06-23,1.31590739,14.0758066273256,30627,22288
2012-06-24,1.29595593,11.2434796840223,28191,22145
2012-06-25,1.28915512,13.2175257354155,34552,28753
2012-06-26,1.31046257,12.7883852894605,36059,30324
2012-06-27,1.34542168,13.9899785381346,38748,30153
2012-06-28,1.33892459,11.7584482191684,33425,26980
2012-06-29,1.35144702,12.5309010218875,33393,23076
2012-06-30,1.35478588,11.3293077732133,31588,22016
2012-07-01,1.3431952,12.1875886651234,32067,19380
2012-07-02,1.36464463,13.0458695570335,36621,25297
2012-07-03,1.30578732,13.7324942705616,33766,21483
2012-07-04,1.31743258,12.9793743590605,31437,22996
2012-07-05,1.34189548,12.5373999161985,28191,22021
2012-07-06,1.34647254,13.4951179653525,29504,24275
2012-07-07,1.37465592,14.4528360145065,31952,25224
2012-07-08,1.37033073,13.3209874109609,26508,20324
2012-07-09,1.41488587,14.1916401829191,32749,25585
2012-07-10,1.45714854,13.0597915793734,37181,34925
2012-07-11,1.45509139,11.6667471442402,34994,30678
2012-07-12,1.52548031,13.0597915793734,34534,24401
2012-07-13,1.53494235,14.1916401829191,31537,24416
2012-07-14,1.53495281,14.0175096285274,29266,22094
2012-07-15,1.54252702,12.1891388074152,30708,26420
2012-07-16,1.70367355,13.0597915793734,36788,31205
2012-07-17,1.73352208,15.3751753244013,40504,35090
2012-07-18,1.79066623,14.3807163259464,34020,32359
2012-07-19,1.73994899,12.5251400258242,36644,31374
2012-07-20,1.67043972,13.7312646209036,35675,36266
2012-07-21,1.73068675,13.0818129158609,36149,34801
2012-07-22,1.65722469,14.3807163259464,40800,36295
2012-07-23,1.65967218,13.0818129158609,40413,30831
2012-07-24,1.66485314,14.937389215983,38712,28962
2012-07-25,1.69811126,14.8446104009769,30961,25971
2012-07-26,1.71150143,15.6796197360319,30559,30352
2012-07-27,1.71018114,16.5146290710868,32339,27153
2012-07-28,1.69715731,14.1951586959342,38741,35261
2012-07-29,1.67503455,15.4012832910135,35848,34002
2012-07-30,1.73507837,17.107819605368,36116,34268
2012-07-31,1.77024687,13.1616509655561,59564,42334
2012-08-01,1.80931121,13.5666248414194,40578,30125
2012-08-02,1.9719365,16.7051723793597,42075,32700
2012-08-03,2.02602743,16.4014419724622,35901,27161
2012-08-04,2.01583662,15.7939811586673,36278,29498
2012-08-05,1.9855767,14.0728421862485,37911,33661
2012-08-06,1.98923564,14.1740856552143,42822,35256
2012-08-07,1.99677645,16.6039289103939,39049,28891
2012-08-08,2.00790333,16.8064158483255,51432,39210
2012-08-09,2.00671418,17.2113897241888,40939,30722
2012-08-10,2.06026781,15.7939811586673,38295,27804
2012-08-11,2.07039383,17.0089027862571,38485,32867
2012-08-12,2.0737898,16.7492424416468,39111,35435
2012-08-13,2.13114399,17.4253660953909,48601,48327
2012-08-14,2.1544732,17.0986404811023,43606,34764
2012-08-15,2.30814027,18.1877258620642,51932,53290
2012-08-16,2.33572798,16.7719148668137,60615,45271
2012-08-17,2.0858717,15.0293782572746,57279,40937
2012-08-18,1.97544904,16.4451892525251,51215,36612
2012-08-19,1.36686681,19.8213539335071,57927,36477
2012-08-20,1.71866113,18.9500856287376,48984,36124
2012-08-21,1.70425191,18.8411770906414,55539,43951
2012-08-22,1.67933753,16.9897319430061,47300,35809
2012-08-23,1.72984273,17.9699087858718,43521,31347
2012-08-24,1.80794118,16.1184636382365,44584,31774
2012-08-25,1.80118006,16.6683515004119,36374,33245
2012-08-26,1.7917826,21.7171753686244,35110,29534
2012-08-27,1.83189532,17.5921252986064,38660,33439
2012-08-28,1.83040885,18.3200753109625,41047,29880
2012-08-29,1.81697118,20.3826003459715,37982,33639
2012-08-30,1.79273795,18.6840503171406,34760,33891
2012-08-31,1.67505198,16.9855002883096,49678,41055
2012-09-01,1.66090374,19.533325331556,43598,39830
2012-09-02,1.69521665,19.8973003377341,34468,33159
2012-09-03,1.73716742,19.0480253233186,33612,39211
2012-09-04,1.71209367,18.5627253150812,45525,38664
2012-09-05,1.81269181,21.8385003706838,41507,41167
2012-09-06,1.82965166,21.23785242716,47563,42634
2012-09-07,1.81354854,22.4988708229396,43748,33412
2012-09-08,1.80523977,19.4186682697991,34331,31125
2012-09-09,1.8034734,21.2935741717107,39703,31477
2012-09-10,1.78632149,20.0882775204818,37639,33327
2012-09-11,1.80560418,19.4186682697991,45390,38563
2012-09-12,1.80894872,20.7578867711645,33567,27125
2012-09-13,1.81613397,17.4098405177509,35024,28981
2012-09-14,1.86613678,21.6953397221203,38529,36349
2012-09-15,1.85833105,19.2847464196625,30133,27311
2012-09-16,1.87885659,21.5614178719838,31184,27407
2012-09-17,1.87699904,22.4988708229396,33989,25027
2012-09-18,1.92401948,22.3649489728031,37898,31836
2012-09-19,1.9513395,19.0351771110027,42928,32089
2012-09-20,1.91810213,21.641333928865,47916,31563
2012-09-21,1.90624657,24.0617462761722,38617,29815
2012-09-22,1.88391087,22.3532199133671,27311,21921
2012-09-23,1.87373566,22.4955971102675,28683,27780
2012-09-24,1.86187643,21.7837111257654,33444,28779
2012-09-25,1.86751446,19.7904303691594,45705,26055
2012-09-26,1.88332202,19.9328075660599,46624,30884
2012-09-27,1.87790927,22.9227287009688,41321,27590
2012-09-28,1.87920326,22.4955971102675,51687,34556
2012-09-29,1.87778161,23.9193690792718,36991,22315
2012-09-30,1.87229802,22.637974307168,35060,20957
2012-10-01,1.8688831,18.651412793956,38102,24494
2012-10-02,1.9232089,20.7870707474624,53731,32678
2012-10-03,1.93693159,20.1292814841239,51360,26832
2012-10-04,1.91743612,19.8918728957344,50714,33436
2012-10-05,1.8990167,20.6511046856479,43691,34792
2012-10-06,1.86118784,23.5361854873193,39632,33917
2012-10-07,1.76871725,18.9807947478382,43095,33485
2012-10-08,1.74493179,27.0286517209215,47823,38551
2012-10-09,1.7595105,21.5621828335441,52626,35043
2012-10-10,1.79846745,22.6251073394231,47176,31581
2012-10-11,1.79078273,20.9547974016133,40995,26482
2012-10-12,1.7833828,22.6251073394231,44701,28480
2012-10-13,1.76778643,22.4732609814404,39129,33302
2012-10-14,1.72624831,19.2844874638036,38974,27306
2012-10-15,1.76179327,25.6620344990772,47015,31199
2012-10-16,1.7507955,23.5467404917795,41834,33553
2012-10-17,1.7561613,21.6870837196566,46053,32300
2012-10-18,1.75473806,23.9779728449724,51219,27712
2012-10-19,1.72901826,20.6180021278425,44078,25751
2012-10-20,1.71932352,24.1306987866601,42836,29772
2012-10-21,1.70878321,24.5888766117233,39296,41108
2012-10-22,1.71974123,23.9779728449724,42021,42997
2012-10-23,1.71372613,19.8543724194039,41375,31441
2012-10-24,1.70097555,24.741602553411,42251,32943
2012-10-25,1.57445232,21.8398096613443,38643,25872
2012-10-26,1.4868804,25.1997803784741,37471,21618
2012-10-27,1.53614064,26.7270397953514,29910,16174
2012-10-28,1.57242952,25.3525063201619,27816,17839
2012-10-29,1.56040388,24.1883713144612,35981,21919
2012-10-30,1.59285398,23.4892439564555,34928,30953
2012-10-31,1.63149593,23.6535044037035,31390,26449
2012-11-01,1.5558671,22.5036812729679,32135,23910
2012-11-02,1.5453108,23.4892439564555,33393,28868
2012-11-03,1.56238365,23.9820252981993,32511,24300
2012-11-04,1.58109304,25.7888902179267,30976,23645
2012-11-05,1.57225848,26.2816715596705,37460,32304
2012-11-06,1.58971981,22.175160378472,42954,32441
2012-11-07,1.60010198,25.7888902179267,41756,35733
2012-11-08,1.5902082,25.2961088761829,37595,32099
2012-11-09,1.57844306,24.967587981687,36800,24823
2012-11-10,1.5845781,23.6535044037035,34669,26680
2012-11-11,1.58025646,24.1462857454473,30394,23595
2012-11-12,1.60489338,21.8104540618236,31528,24030
2012-11-13,1.59806012,23.444725202546,32074,26168
2012-11-14,1.59128731,23.9471121711719,39530,31028
2012-11-15,1.62005507,22.7748759110446,45873,37125
2012-11-16,1.68971657,24.2820368169226,48826,40017
2012-11-17,1.69344447,23.444725202546,52322,31626
2012-11-18,1.67867627,24.4494991397979,44044,34839
2012-11-19,1.6880353,24.4494991397979,41117,36140
2012-11-20,1.67898029,24.6169614626732,44744,37735
2012-11-21,1.68083489,25.4542730770499,43803,38101
2012-11-22,1.75627213,24.1145744940473,41584,31476
2012-11-23,1.74998238,27.2963586286785,36519,31844
2012-11-24,1.76602085,25.2868107541746,36089,29035
2012-11-25,1.77806828,24.4494991397979,35940,35780
2012-11-26,1.72578205,26.5705261927011,42639,37296
2012-11-27,1.72025602,25.3004655629064,37535,26952
2012-11-28,1.74127299,29.4032437622967,44590,37791
2012-11-29,1.76192076,28.3775492124491,41205,36379
2012-11-30,1.77041545,21.3686364551574,37930,30667
2012-12-01,1.76938314,28.5484983040904,33858,32424
2012-12-02,1.75501044,24.4457201047001,28210,20126
2012-12-03,1.77399667,25.1295164712651,30532,22198
2012-12-04,1.85774266,19.1462982638211,43912,33167
2012-12-05,1.84294645,20.8557891802337,44654,33896
2012-12-06,1.8612199,23.4200255548525,38984,35536
2012-12-07,1.8543992,22.0524328217225,42135,32724
2012-12-08,1.85513901,23.5909746464938,37725,32212
2012-12-09,1.83087828,21.5395855467987,37568,31759
2012-12-10,1.84712224,24.3124787224669,36630,36380
2012-12-11,1.85959868,24.1247010157879,37496,36881
2012-12-12,1.86112478,21.7792439725863,43207,36866
2012-12-13,1.86515926,21.9467766185293,45680,41627
2012-12-14,1.84173767,17.758460469955,41691,38621
2012-12-15,1.83124675,19.4337869293847,35878,33047
2012-12-16,1.80326306,18.5961236996699,35213,36128
2012-12-17,1.80108367,22.4493745563582,41616,40656
2012-12-18,1.79259699,20.9415807428715,47617,49679
2012-12-19,1.82412757,23.789635723902,45631,45891
2012-12-20,1.82505515,17.758460469955,38978,34903
2012-12-21,1.80384887,21.1091133888144,45877,44152
2012-12-22,1.80284753,25.6324948292747,54007,50132
2012-12-23,1.78784107,20.4389828050426,41727,38035
2012-12-24,1.80152292,22.1143092644723,39081,34867
2012-12-25,1.79274659,20.7740480969285,30567,29856
2012-12-26,1.80324201,24.2663130762012,38979,36121
2012-12-27,1.79484765,23.1064921817042,36158,43520
2012-12-28,1.80018039,25.0320331968462,42277,46980
2012-12-29,1.78895887,21.3290697061885,41463,38629
2012-12-30,1.79682629,24.5876775779673,43096,42863
2012-12-31,1.80428719,23.4027292609568,36527,30885
2013-01-01,1.77533304,23.995203419462,38733,32892
2013-01-02,1.7682754,22.6621365628253,40911,37619
2013-01-03,1.78037669,23.995203419462,52539,43533
2013-01-04,1.78670376,22.6621365628253,46781,47370
2013-01-05,1.78641402,20.8847140873096,53959,39811
2013-01-06,1.79112313,21.4771882458148,42382,32928
2013-01-07,1.79609055,24.8839146572199,54059,40421
2013-01-08,1.82064961,20.6792393570174,56753,38840
2013-01-09,1.82378518,20.9996781825623,54910,42664
2013-01-10,1.85730887,23.7457899448973,60507,52584
2013-01-11,1.86676138,18.899710364306,61989,52534
2013-01-12,1.86299654,19.7073902944046,49915,46201
2013-01-13,1.85333941,21.4842861406214,55725,49785
2013-01-14,1.87068729,25.3611498050944,44616,43449
2013-01-15,1.86625363,19.5458543083849,59643,46107
2013-01-16,1.91141576,21.161214168582,55537,51800
2013-01-17,2.0121271,17.9304944481878,59029,48901
2013-01-18,2.01889919,19.5458543083849,57683,49385
2013-01-19,1.99859889,24.8765418470353,49445,55187
2013-01-20,2.01174993,20.9996781825623,45027,41242
2013-01-21,2.13015937,21.3227501546017,47104,40642
2013-01-22,2.1703499,23.2611819868382,51489,42397
2013-01-23,2.18559134,19.8929412333321,48584,47359
2013-01-24,2.09953529,23.0222650674502,59644,45616
2013-01-25,2.15223509,20.2182712451325,51061,49506
2013-01-26,2.16087068,23.0222650674502,55140,52709
2013-01-27,2.18079976,22.2843719563139,48552,53733
2013-01-28,2.27526587,21.694057467405,54409,52736
2013-01-29,2.32416991,23.3174223119047,54460,50452
2013-01-30,2.32557517,22.5795292007684,45601,40937
2013-01-31,2.38254625,28.4826740898582,48166,52467
2013-02-01,2.33077644,21.694057467405,61865,57518
2013-02-02,2.2350697,22.5795292007684,57947,54523
2013-02-03,2.32891208,27.4496237342675,56035,60479
2013-02-04,2.30317042,24.2028940452681,59362,55759
2013-02-05,2.31494333,25.9415063822749,60191,53843
2013-02-06,2.36137756,23.7723372530301,53114,41890
2013-02-07,2.44320117,25.0749310751139,60065,63170
2013-02-08,2.48951622,24.5864583918325,61292,59812
2013-02-09,2.57029343,23.2838645697486,55866,57464
2013-02-10,2.57573299,26.2147006694373,56414,56098
2013-02-11,2.61956557,25.8890522139163,53214,57751
2013-02-12,2.64695645,22.6325676587067,52230,58519
2013-02-13,2.58643345,27.8429429470421,51607,58195
2013-02-14,2.81731895,24.5864583918325,52507,51465
2013-02-15,2.76388477,29.1455367691259,49480,54430
2013-02-16,2.75541364,30.7737790467307,47477,52351
2013-02-17,2.69341809,30.6109548189702,46362,49459
2013-02-18,2.67527962,29.2203363858104,46855,50096
2013-02-19,2.87905367,28.857350840645,49090,53424
2013-02-20,2.88625353,35.0281051084559,50898,60243
2013-02-21,2.8644687,31.9427279745505,51627,56355
2013-02-22,2.89510636,30.8537713390544,54361,61599
2013-02-23,2.81513609,29.7648147035584,51159,57701
2013-02-24,2.78872419,28.312872522897,52275,56644
2013-02-25,2.77552491,37.0245256068653,56529,67290
2013-02-26,2.82058485,30.1278002487237,58302,63191
2013-02-27,2.81550442,35.0281051084559,55511,60970
2013-02-28,2.93242114,30.4907857938891,59466,62763
2013-03-01,2.99916694,29.2261354044535,62746,64459
2013-03-02,2.94238341,31.4836025880449,49881,55804
2013-03-03,2.95351788,34.9576552874153,44647,53108
2013-03-04,3.07990408,38.8659645742071,54208,63982
2013-03-05,3.34059331,30.1808328257809,56444,56147
2013-03-06,3.41073072,33.6548855251514,70524,63234
2013-03-07,3.24461202,34.7405269937047,67349,67209
2013-03-08,3.35334641,34.7405269937047,56370,55188
2013-03-09,3.50857536,36.6946816371006,53106,55639
2013-03-10,3.41442475,39.7344777490498,56596,72926
2013-03-11,3.52669627,35.6090401685473,53342,58554
2013-03-12,3.21775227,29.3123196509383,61248,49817
2013-03-13,3.35448171,34.0891421125727,62068,56209
2013-03-14,3.31080577,41.6325127555959,61917,58402
2013-03-15,3.27320999,41.44818968374,63245,62880
2013-03-16,3.26643484,42.1711232247355,50966,32987
2013-03-17,3.25507816,50.3643700226841,52184,35248
2013-03-18,3.46957223,45.7857909297128,59594,43324
2013-03-19,3.86035942,40.966233989743,67946,45817
2013-03-20,4.00566845,50.8463257166811,62822,46102
2013-03-21,4.23461019,52.5331706456705,70563,55782
2013-03-22,4.05568242,55.1839269626538,74587,60259
2013-03-23,3.70672564,52.292192798672,67002,52173
2013-03-24,4.02556381,52.8946917149168,69595,51811
2013-03-25,4.02378239,47.9305915057468,64715,47614
2013-03-26,4.15075356,50.260550815054,74037,50068
2013-03-27,4.49610198,43.6035242170336,72482,52012
2013-03-28,4.28052357,60.9117933718867,94934,61796
2013-03-29,4.30087359,57.9161314027775,81683,61081
2013-03-30,4.24924608,57.5832800728765,79925,60659
2013-03-31,4.26532297,56.2518747532724,63898,43434
2013-04-01,4.45266486,65.9045633204021,76869,52545
2013-04-02,4.75336825,60.2460907120847,90297,62511
2013-04-03,4.85046378,58.2489827326785,109240,65382
2013-04-04,4.73920513,51.259104804757,107866,65513
2013-04-05,4.71276367,55.2621661992767,99406,60816
2013-04-06,4.6145611,62.172583868616,78563,51734
2013-04-07,5.04960835,62.5540107635155,78312,63215
2013-04-08,5.33290242,59.1211687094201,112858,62215
2013-04-09,5.64074143,67.1311335023093,113921,67877
2013-04-10,3.7993504,72.8525369258016,132897,62747
2013-04-11,2.09881888,61.0283031839176,124532,67827
2013-04-12,2.84072926,65.9868528176109,102302,58476
2013-04-13,2.50198944,63.698291448214,80991,53126
2013-04-14,2.29456796,58.3583149196212,73989,56672
2013-04-15,2.11528578,62.5540107635155,100211,53610
2013-04-16,1.81094891,67.5125603972088,98394,67263
2013-04-17,2.42321708,68.652451353857,105380,56489
2013-04-18,2.78425484,65.5788571715191,85564,48902
2013-04-19,3.00006559,61.1177104251573,102489,57525
2013-04-20,3.18525555,68.7016598939724,73497,47182
2013-04-21,2.91485166,78.5161827359685,72721,44244
2013-04-22,3.07341776,68.2555452193363,90723,46971
2013-04-23,3.38292483,74.947265338879,91871,61812
2013-04-24,3.50996743,72.2705772910619,103533,65508
2013-04-25,3.16156158,76.7317240374237,89506,61207
2013-04-26,3.0583438,76.2856093627876,86571,55401
2013-04-27,2.83739563,65.5788571715191,76128,42987
2013-04-28,2.9627086,78.9622974106047,119432,42688
2013-04-29,3.11966325,77.6239533866961,88358,51922
2013-04-30,3.00006777,73.2638761425357,76703,46575
2013-05-01,2.52047369,75.6351806513814,83664,56714
2013-05-02,2.32100761,67.1199616376496,82318,54340
2013-05-03,2.10886798,68.6226473459552,82210,50991
2013-05-04,2.45598818,79.6423425401963,70341,50588
2013-05-05,2.53233335,82.6477139568075,72046,49862
2013-05-06,2.43394807,83.1486091929094,84314,52785
2013-05-07,2.41884231,84.1503996651131,111196,57354
2013-05-08,2.44959787,82.6477139568075,101126,50453
2013-05-09,2.42161822,82.1468187207056,82877,67022
2013-05-10,2.54554421,86.1539806095206,84004,67509
2013-05-11,2.486801,91.1629329705392,81104,73410
2013-05-12,2.46930854,86.304227265133,69104,64714
2013-05-13,2.5169175,96.7651557587372,82986,60566
2013-05-14,2.31657619,85.6427240623307,84579,67020
2013-05-15,2.33507149,78.4131434596665,83911,62834
2013-05-16,2.41471463,82.3059945534088,84369,61152
2013-05-17,2.50090692,89.535575156073,78514,59200
2013-05-18,2.50453812,82.8621161382291,68752,52066
2013-05-19,2.47744864,86.7549672319714,63144,47001
2013-05-20,2.48938747,71.7396844418226,72183,48652
2013-05-21,2.4741524,83.9743593078697,82257,53953
2013-05-22,2.50485148,86.7549672319714,75632,51896
2013-05-23,2.59511089,96.7651557587372,82761,59647
2013-05-24,2.69072496,93.9845478346356,83234,54659
2013-05-25,2.65472177,94.161450904981,69552,50763
2013-05-26,2.67740913,98.4763478010956,69609,40723
2013-05-27,2.59424673,106.330289650263,74785,53158
2013-05-28,2.57846403,95.4556009360313,77841,58222
2013-05-29,2.63946924,101.49709466616,79692,54168
2013-05-30,2.56977125,108.142737769301,77410,56337
2013-05-31,2.58656508,105.72614027725,75957,54306
2013-06-01,2.59949225,128.683816451739,66565,53613
2013-06-02,2.47023042,120.225725229558,66768,49967
2013-06-03,2.47098358,128.683816451739,79951,56421
2013-06-04,2.41037014,128.683816451739,78923,56427
2013-06-05,2.41605705,124.034297282977,78551,57092
2013-06-06,2.36554851,140.41259770731,73112,54281
2013-06-07,2.19162685,124.897393540757,74130,52059
2013-06-08,2.17144932,140.41259770731,57561,47330
2013-06-09,1.98865953,123.345873124101,56850,44753
2013-06-10,2.07770045,134.982276249017,61027,45143
2013-06-11,2.13557988,139.636837498983,66039,48715
2013-06-12,2.11326913,157.479322290519,64507,45916
2013-06-13,2.01619261,144.291398748949,67482,43686
2013-06-14,1.97525553,139.636837498983,74179,48983
2013-06-15,1.98785838,134.206516040689,53859,35845
2013-06-16,1.97078129,147.598828306875,49113,43150
2013-06-17,1.99247389,139.397162757821,57059,46511
2013-06-18,2.07413684,134.590364042034,63396,44976
2013-06-19,2.07549068,130.744925069405,69066,46996
2013-06-20,2.07320647,148.049400446238,69393,53645
2013-06-21,2.01650897,161.508436850441,67982,45795
2013-06-22,1.9886398,169.1993147957,58423,44378
2013-06-23,1.99397986,158.624357620969,51312,38075
2013-06-24,1.96797679,144.203961473608,65308,44521
2013-06-25,1.94416036,150.93347967571,61404,43987
2013-06-26,1.95910003,167.276595309385,66298,46920
2013-06-27,1.92349796,160.547077107284,59748,44877
2013-06-28,1.78128607,162.469796593598,69884,49996
2013-06-29,1.76821188,170.010913293504,60173,36048
2013-06-30,1.78301213,162.269499322626,49735,30124
2013-07-01,1.65189371,166.511839174198,68318,38911
2013-07-02,1.74762367,162.269499322626,64222,39542
2013-07-03,1.55181119,195.147633172309,65913,35054
2013-07-04,1.58276019,174.996518877342,60723,35320
2013-07-05,1.36137275,197.268803098095,60477,36700
2013-07-06,1.34844416,198.329388060988,55911,32727
2013-07-07,1.46501861,197.268803098095,49774,30743
2013-07-08,1.50296907,203.632312875453,63707,39175
2013-07-09,1.52222014,196.208218135202,67007,40664
2013-07-10,1.71733658,207.534003688854,65740,39510
2013-07-11,1.76516035,226.298067177263,73389,43449
2013-07-12,1.81083744,200.286795087923,79838,49231
2013-07-13,1.83583015,204.188485901324,61884,37197
2013-07-14,1.80117415,223.696939968329,46805,33438
2013-07-15,1.87663807,213.292431132593,63555,37389
2013-07-16,1.83749352,213.292431132593,67361,39999
2013-07-17,1.8238974,239.303703221934,62286,39582
2013-07-18,1.7072557,209.390740319192,62207,40944
2013-07-19,1.7344736,222.396376363862,58937,36483
2013-07-20,1.70903901,241.904830430868,53871,34103
2013-07-21,1.72424963,258.812157288939,49487,34746
2013-07-22,1.72449453,224.215671699358,60370,39744
2013-07-23,1.75049177,219.084664326799,65040,38373
2013-07-24,1.77287254,247.052919347242,65575,42718
2013-07-25,1.81143598,226.8536240547,66060,41480
2013-07-26,1.80661592,254.821879075142,63241,37751
2013-07-27,1.76941732,281.236342150005,51388,35941
2013-07-28,1.85884089,261.037046857463,50927,38638
2013-07-29,1.869772,276.574966313264,66163,40392
2013-07-30,1.93317595,306.097013279287,71863,43611
2013-07-31,1.95512089,295.220469660226,80412,48569
2013-08-01,1.92448734,275.021174367684,113593,50984
2013-08-02,1.90836477,298.328053551386,75758,52012
2013-08-03,1.88398021,290.070696755868,58781,44128
2013-08-04,1.89918712,332.726003144689,61806,43835
2013-08-05,1.91794773,351.314048013107,71751,49802
2013-08-06,1.91969225,353.172852499949,71609,54586
2013-08-07,1.90613164,345.737634552582,76654,57855
2013-08-08,1.85073304,381.054919802577,71239,56892
2013-08-09,1.81530455,362.466874934158,65764,50425
2013-08-10,1.83035886,390.348942236786,57919,50367
2013-08-11,1.84834368,401.501769157837,54441,38470
2013-08-12,1.87013093,401.501769157837,104031,50040
2013-08-13,1.90506811,365.506885446451,76972,53870
2013-08-14,1.92870802,424.333669882539,76346,50866
2013-08-15,1.90518517,429.385261190664,74632,57170
2013-08-16,1.90684121,424.333669882539,82397,71128
2013-08-17,1.92994937,479.901174271919,62108,57694
2013-08-18,1.91982911,490.00435688817,57869,56575
2013-08-19,1.98520771,447.065830769104,77962,70058
2013-08-20,2.01417621,479.901174271919,79492,62577
2013-08-21,2.12829753,495.055948196296,85074,61952
2013-08-22,2.10024403,545.571861277551,81577,65300
2013-08-23,2.06093411,495.055948196296,81517,54838
2013-08-24,2.08130944,514.206634181364,63858,51936
2013-08-25,2.15729459,493.536435944482,69624,45140
2013-08-26,2.13483001,542.563234217112,75443,55116
2013-08-27,2.23422335,552.368593871638,95082,61838
2013-08-28,2.23736392,581.784672835216,84528,65524
2013-08-29,2.23910779,617.737658235144,74770,58633
2013-08-30,2.34219842,670.03290972595,88736,61739
2013-08-31,2.39605237,728.865067653106,87612,46466
2013-09-01,2.42498554,722.328161216755,57043,46591
2013-09-02,2.39758629,702.717441907703,63738,51932
2013-09-03,2.37429811,634.079924326021,72441,52252
2013-09-04,2.2514393,667.543223035941,75781,51616
2013-09-05,2.24501895,773.542011809099,70530,61074
2013-09-06,2.16099099,799.47079432784,75818,62299
2013-09-07,2.19342788,626.612244202902,60406,50469
2013-09-08,2.15970205,678.469809240383,55602,45566
2013-09-09,2.21003514,877.257141884062,75151,58296
2013-09-10,2.22281192,825.399576846581,70346,52594
2013-09-11,2.30280245,864.292750624692,74178,48436
2013-09-12,2.28428174,920.471779415297,78649,53334
2013-09-13,2.29152617,881.578605637186,65832,44619
2013-09-14,2.22795516,951.020420564436,53427,42218
2013-09-15,2.23809743,1013.38198951784,54408,54017
2013-09-16,2.25259491,862.21451041849,70731,53238
2013-09-17,2.26165636,1002.18439847344,73646,68040
2013-09-18,2.25652894,923.801261162668,77986,58643
2013-09-19,2.19436054,1063.77114921762,80008,60342
2013-09-20,2.17030968,1119.7591044396,75867,57538
2013-09-21,2.17848848,1058.17235369542,66018,52298
2013-09-22,2.16687478,1136.55549100619,64347,51323
2013-09-23,2.16034239,1175.74705966158,80171,65141
2013-09-24,2.17210146,1186.94465070597,78410,62127
2013-09-25,2.16519894,1297.27563966709,79801,55484
2013-09-26,2.18059655,1198.45049283705,77792,56857
2013-09-27,2.21042861,1316.81597361108,77735,46171
2013-09-28,2.21128719,1309.4181310627,68961,42643
2013-09-29,2.21364079,1257.63323322407,70490,40260
2013-09-30,2.19174983,1205.84833538543,80461,46872
2013-10-01,2.21273466,1383.39655654647,91102,58336
2013-10-02,1.81680607,1412.98792673998,104703,60461
2013-10-03,2.04455417,1472.17066712699,90980,59974
2013-10-04,2.11654681,1331.61165870783,76881,50935
2013-10-05,2.10462698,1620.12751809453,65561,45100
2013-10-06,2.12014896,1519.45432564095,61903,43229
2013-10-07,2.126249,1467.83862226455,78360,45722
2013-10-08,2.13762894,1524.29395389011,75010,43999
2013-10-09,2.15267013,1674.8415048916,79805,51194
2013-10-10,2.16263506,1806.57061201791,81804,56673
2013-10-11,2.16817047,1740.70605845476,78192,51064
2013-10-12,2.174057,2013.57349464497,76060,49316
2013-10-13,2.2466238,2079.43804820812,77953,50663
2013-10-14,2.28766824,2352.30548439833,83416,57224
2013-10-15,2.37863355,2446.39770377427,86235,56110
2013-10-16,2.31116231,2315.21665452822,92582,49914
2013-10-17,2.38998533,2222.60176420815,82808,48197
2013-10-18,2.52745724,2555.32657920937,84996,58134
2013-10-19,2.71725799,2967.90534981089,96934,56808
2013-10-20,2.71537286,2648.48952740972,69040,47771
2013-10-21,2.87138391,2808.1974386103,97064,60385
2013-10-22,2.97641992,3260.70318701196,110677,64705
2013-10-23,3.12646993,2941.28736461079,108316,55738
2013-10-24,2.94581752,2861.4334090105,111952,62908
2013-10-25,2.72008931,3127.61326101147,100894,57306
2013-10-26,2.63011758,3408.23009035624,72893,47337
2013-10-27,2.83044183,3478.53840366574,66108,43681
2013-10-28,2.84330802,3400.80570190785,86585,50915
2013-10-29,2.92026025,3109.30807031575,86798,50035
2013-10-30,2.81514522,3789.46921069732,96056,48900
2013-10-31,2.87412323,4100.4000177289,95791,56611
2013-11-01,2.85280581,4042.10049141048,86825,44891
2013-11-02,2.86731813,3925.50143877364,78835,39677
2013-11-03,2.92760426,3731.1696843789,81991,34787
2013-11-04,3.1028572,3789.46921069732,102736,46469
2013-11-05,3.23550814,3596.12259203618,118752,52113
2013-11-06,3.44238515,4139.94817128837,133026,55598
2013-11-07,3.65033333,3657.37752555537,129067,59323
2013-11-08,4.05004446,3403.39297516958,131772,59787
2013-11-09,3.9318261,3758.97134570968,129648,54988
2013-11-10,3.83414476,4343.13581159701,114440,56423
2013-11-11,3.93601752,4749.51109221428,115536,56797
2013-11-12,3.97746675,5105.08946275439,116498,58112
2013-11-13,4.2842717,4266.94044648127,125199,65821
2013-11-14,4.37591685,4647.91727205996,132404,69027
2013-11-15,4.19286144,4216.14353640411,119399,60207
2013-11-16,4.38705732,4927.30027748433,103125,46401
2013-11-17,4.73725385,5042.5537025376,109082,52361
2013-11-18,5.88406778,4726.41754288692,171380,82186
2013-11-19,4.73213355,4877.90528464612,205240,90607
2013-11-20,4.91891962,4968.79792970164,161122,75413
2013-11-21,5.68827806,4544.63225277589,192640,73091
2013-11-22,5.68433725,5211.17831651635,168639,77157
2013-11-23,5.59412815,5150.58321981267,146167,70791
2013-11-24,5.296892,5089.98812310899,123964,60636
2013-11-25,5.13246251,5241.47586486819,143350,71456
2013-11-26,5.08521124,4817.31018794244,187706,87387
2013-11-27,5.07240404,5241.47586486819,192515,92612
2013-11-28,5.00804872,5483.8562516829,201832,98832
2013-11-29,5.25316203,5480.00336357551,188994,89638
2013-11-30,5.06423911,6189.12034201531,163385,73916
2013-12-01,4.31245878,6857.26401530105,164939,72087
2013-12-02,4.55216972,5591.30758170701,179818,76173
2013-12-03,4.5167953,7033.09129774466,173471,76685
2013-12-04,4.71817918,6013.29305957169,186429,80693
2013-12-05,4.1962207,5978.12760308297,185882,84082
2013-12-06,3.37225697,7314.41494965444,165974,70222
2013-12-07,2.86818513,6857.26401530105,148012,65963
2013-12-08,3.17322401,6857.26401530105,115670,47735
2013-12-09,3.60228356,6189.12034201531,156514,63552
2013-12-10,3.88194448,7450.99133192782,157623,69013
2013-12-11,3.43846013,7450.47043785842,151130,66722
2013-12-12,3.41655496,7360.16170527832,129116,56680
2013-12-13,3.40755236,7856.85973446887,146944,61005
2013-12-14,3.3146272,8940.56452543008,147850,53014
2013-12-15,3.34036895,7992.32283333902,141277,52714
2013-12-16,2.62754698,9076.02762430024,180233,69955
2013-12-17,2.64569174,9166.33635688034,156115,66328
2013-12-18,2.04906035,8985.71889172013,181410,81215
2013-12-19,2.65997338,10204.8867815515,157818,70022
2013-12-20,2.33082877,8037.47719962908,158569,67421
2013-12-21,2.28074868,8611.26774435102,124307,54866
2013-12-22,2.38571042,9920.97776573908,124146,52236
2013-12-23,2.54494127,10038.3857866354,151062,53612
2013-12-24,2.46859013,9920.97776573908,132367,55951
2013-12-25,2.56119713,9510.04969260196,127600,54394
2013-12-26,2.81662728,10566.7218806688,124049,52162
2013-12-27,2.69881739,10801.5379224615,128876,53496
2013-12-28,2.67127051,8805.60156722404,112555,46692
2013-12-29,2.70995202,9862.27375529092,129208,51159
2013-12-30,2.73973508,10155.7938075317,152090,54952
2013-12-31,2.71424112,10801.5379224615,118420,48534
2014-01-01,2.79859382,12034.3221418728,96516,42383
2014-01-02,2.90688604,9425.136247148,138928,55196
2014-01-03,2.97276592,11352.6079123221,143832,61335
2014-01-04,3.00082617,9942.34605985975,116229,51901
2014-01-05,3.23751863,13609.0268762619,134802,57487
2014-01-06,3.25855458,13115.4352279001,179999,68483
2014-01-07,2.85648041,12480.817394292,141665,62183
2014-01-08,2.89105715,13609.0268762619,146348,60865
2014-01-09,2.91922133,14596.2101729856,134908,59047
2014-01-10,2.98942387,13185.9483205232,128371,54712
2014-01-11,3.08800818,14807.7494508549,130495,55926
2014-01-12,2.92251348,14596.2101729856,115119,49258
2014-01-13,2.83904175,14628.2406711142,153853,54504
2014-01-14,2.80186801,14411.3355551816,129226,55869
2014-01-15,2.87183201,16368.4305071198,135647,62751
2014-01-16,2.77584537,16457.3893685716,130689,55602
2014-01-17,2.69438096,13521.7469406642,128915,59146
2014-01-18,2.74847429,15478.8418926025,106009,51185
2014-01-19,2.83776277,15034.0475853438,108623,47424
2014-01-20,2.79830469,17346.977983089,180527,63512
2014-01-21,2.77609902,14767.1710009886,160288,73070
2014-01-22,2.75067841,17080.1013987337,150333,64796
2014-01-23,2.72035724,15745.7184769577,149895,62655
2014-01-24,2.61463948,18340.6657996556,144338,66566
2014-01-25,2.68630023,17994.3669102041,125411,52913
2014-01-26,2.7159709,16576.6289112183,125376,53290
2014-01-27,2.47713004,18975.8778325788,171032,64355
2014-01-28,2.62930512,16794.7424495238,158602,66013
2014-01-29,2.63373693,16576.6289112183,142119,59521
2014-01-30,2.64884556,19193.9913708843,151474,60940
2014-01-31,2.65797129,20066.4455241063,146489,58927
2014-02-01,2.67963991,20611.7293698701,138630,55715
2014-02-02,2.68024654,20284.5590624119,132242,51119
2014-02-03,2.65176796,19739.2752166481,175731,59417
2014-02-04,2.627458,18757.7642942733,166548,68066
2014-02-05,2.49283475,20723.2339086288,156535,67380
2014-02-06,2.4248508,23716.5514349681,162066,69722
2014-02-07,2.26379227,20198.1619363739,169400,72424
2014-02-08,2.15811443,23716.5514349681,144461,63163
2014-02-09,2.18797536,17982.8796594812,130842,57564
2014-02-10,2.1809637,20328.472658544,170337,65855
2014-02-11,2.13932234,21370.9584359053,155297,67222
2014-02-12,2.08400611,23195.3085462874,212833,60833
2014-02-13,1.95543342,23195.3085462874,167617,69166
2014-02-14,2.12998114,24889.3479344994,175329,73697
2014-02-15,2.08368328,24368.1050458188,151828,61457
2014-02-16,1.98508729,25486.3744356631,135691,57435
2014-02-17,2.01155832,24113.6485813296,173737,61436
2014-02-18,1.99849686,25358.2239919788,154278,64161
2014-02-19,1.9894402,31114.3852662318,181354,72495
2014-02-20,1.80129677,27536.2309606151,179241,68604
2014-02-21,1.85383269,23646.9328023361,180043,70573
2014-02-22,1.93944631,28002.9467396085,152477,57544
2014-02-23,1.94857991,26136.0836236346,162703,59341
2014-02-24,1.7420652,29714.2379292513,217723,74409
2014-02-25,1.72827883,25047.0801393165,209042,79446
2014-02-26,1.89989181,28625.2344449332,198825,72156
2014-02-27,1.89448535,29247.5221502578,186867,72340
2014-02-28,1.78120748,31125.9783969294,202531,71210
2014-03-01,1.83532329,27314.0148774629,174849,61950
2014-03-02,1.80787101,26555.2922419778,161296,57645
2014-03-03,2.18083347,28072.737512948,239106,81290
2014-03-04,2.17294282,28262.4181718192,230183,83167
2014-03-05,2.15549405,29590.1827839181,204980,72579
2014-03-06,2.14266138,32814.7539847296,191203,69266
2014-03-07,1.96402906,31486.9893726308,181365,72245
2014-03-08,1.93041869,31866.3506903733,171767,64794
2014-03-09,1.95221351,33952.8379379573,172480,61341
2014-03-10,1.9107893,28262.4181718192,209703,71589
2014-03-11,1.92512349,31866.3506903733,192707,76932
2014-03-12,1.92370225,34521.8799145711,201998,75743
2014-03-13,1.94782915,34076.0838232155,198172,73111
2014-03-14,1.90343662,28100.1706779259,185902,69334
2014-03-15,1.92641386,34861.1139989306,146037,60354
2014-03-16,1.91927821,36128.7908716189,141737,59542
2014-03-17,1.88442201,34015.996083805,187013,64647
2014-03-18,1.85742156,30846.803902084,145860,55702
2014-03-19,1.84533875,33804.7166050236,162108,72825
2014-03-20,1.77477734,37396.4677443073,170768,72682
2014-03-21,1.71786219,39297.9830533399,185393,70606
2014-03-22,1.7024792,35917.5113928376,171832,67390
2014-03-23,1.68536505,45213.808459219,149492,58394
2014-03-24,1.76264446,40096.6711219624,189786,69060
2014-03-25,1.75724218,39076.1052123166,171509,73053
2014-03-26,1.74314104,39573.8899920914,166155,67123
2014-03-27,1.4579435,43058.3834505145,186843,73681
2014-03-28,1.50668923,43307.2758404019,178365,64037
2014-03-29,1.47991892,43556.1682302893,146650,54656
2014-03-30,1.38999605,34844.9345842314,164718,54831
2014-03-31,1.38223661,44800.6301797261,172497,65788
2014-04-01,1.45469684,42560.5986707398,180851,65002
2014-04-02,1.33564877,49031.8008078114,176078,65082
2014-04-03,1.36778873,50774.047537023,173295,67888
2014-04-04,1.36964635,48534.0160280367,177264,64956
2014-04-05,1.41084013,47539.4746363803,151868,54863
2014-04-06,1.40141439,45936.198326456,185666,50897
2014-04-07,1.37167544,45936.198326456,159482,66490
2014-04-08,1.38533994,40764.5733493053,166019,66995
2014-04-09,1.35469234,48978.3306659564,176284,64373
2014-04-10,1.1286601,47153.0512622562,185474,69256
2014-04-11,1.30082437,51412.0365375568,166924,64123
2014-04-12,1.30827456,48978.3306659564,131975,47751
2014-04-13,1.28401659,56887.8747486575,172422,50628
2014-04-14,1.42132931,58713.1541523577,183076,69890
2014-04-15,1.60547388,55366.8085789073,201397,73776
2014-04-16,1.62848084,48369.9041980563,182765,68176
2014-04-17,1.53010414,53376.5546672988,159399,66046
2014-04-18,1.48000554,55507.2239702395,147495,55995
2014-04-19,1.54481447,55160.3038204255,140534,53001
2014-04-20,1.53703688,61751.7866668914,162905,48228
2014-04-21,1.52622244,59323.3456181934,146354,60964
2014-04-22,1.50076937,53425.7030713555,179152,75836
2014-04-23,1.5016104,57241.8247193095,159425,75715
2014-04-24,1.53947611,52384.9426219135,162087,70139
2014-04-25,1.42807837,63139.4672661473,180567,73487
2014-04-26,1.4063299,56547.9844196815,132791,50499
2014-04-27,1.34395279,61404.8665170774,170979,52823
2014-04-28,1.35421878,52731.8627717276,168952,64986
2014-04-29,1.37364362,59983.8153155768,168752,64537
2014-04-30,1.37742743,54488.3950277099,166313,63995
2014-05-01,1.41200262,69999.6899626057,154174,59587
2014-05-02,1.38757157,64033.8072953381,143085,60396
2014-05-03,1.34737725,56477.0225834658,116433,53815
2014-05-04,1.34079342,60056.5521838263,159490,54062
2014-05-05,1.32836701,49715.6888938959,144154,64714
2014-05-06,1.32260352,77158.7491633268,166298,76114
2014-05-07,1.36002582,63238.3562730357,162643,70058
2014-05-08,1.35471389,66420.1603622451,165833,68496
2014-05-09,1.39224562,67613.3368956986,161587,66448
2014-05-10,1.4045981,71192.8664960592,134895,56457
2014-05-11,1.3505933,60454.2776949775,166228,53956
2014-05-12,1.3576711,68363.1186819926,155388,73765
2014-05-13,1.35114784,71297.1253229566,147074,67817
2014-05-14,1.36967388,66015.8567805154,159121,69339
2014-05-15,1.37634402,75258.0767297874,176226,74735
2014-05-16,1.38233452,79659.1338484884,156212,65511
2014-05-17,1.38379554,76138.2881535276,150165,53789
2014-05-18,1.37668474,75698.1824416575,177463,51089
2014-05-19,1.37835145,73937.7595941772,181571,61672
2014-05-20,1.50867507,77898.711001008,192586,71852
2014-05-21,1.51856262,77018.4995772678,157311,69798
2014-05-22,1.61686251,75698.1824416575,162838,72411
2014-05-23,1.60608676,72617.4424585669,177498,74305
2014-05-24,1.61622687,73989.0541480983,123811,51548
2014-05-25,1.7510962,83680.823428221,187419,57626
2014-05-26,1.78420425,82121.5534264529,167687,65293
2014-05-27,1.7360648,70686.9067468202,182860,69953
2014-05-28,1.74983943,87838.8767662692,183061,72168
2014-05-29,1.72220405,73285.6900831003,169110,63818
2014-05-30,1.86223265,86799.3634317572,153948,65812
2014-05-31,1.87963895,76404.2300866365,144272,51139
2014-06-01,1.88300736,90957.4167698054,192380,55721
2014-06-02,1.97543263,100313.036780414,175430,64830
2014-06-03,1.99693718,92516.6867715735,185339,68434
2014-06-04,1.90998921,94075.9567733416,172746,66528
2014-06-05,1.95863649,80296.3073918768,182268,65823
2014-06-06,1.92408683,81234.569832861,173007,61731
2014-06-07,1.94195206,90585.3116841256,143378,52993
2014-06-08,1.94276934,79481.3057357488,172332,47064
2014-06-09,1.91093556,91169.7330498296,162353,58213
2014-06-10,1.91468487,97598.3680725741,182372,65062
2014-06-11,1.8557786,85325.5193927892,173422,62177
2014-06-12,1.71579412,100520.474901094,172729,63429
2014-06-13,1.72900225,95260.6826097579,173708,64953
2014-06-14,1.6672379,104027.003095318,149660,53486
2014-06-15,1.70763012,111040.059483767,177382,54739
2014-06-16,1.70895309,109871.216752359,177312,67803
2014-06-17,1.76144005,107533.531289543,184074,69331
2014-06-18,1.75639628,103872.344332371,165353,63028
2014-06-19,1.72175665,111761.157396392,158405,62474
2014-06-20,1.70893923,124476.49865706,155204,57135
2014-06-21,1.71186032,124476.49865706,152595,51083
2014-06-22,1.73072722,120461.127732638,185446,50597
2014-06-23,1.70033791,117784.213783024,162950,60115
2014-06-24,1.67166269,125814.955631867,174440,64075
2014-06-25,1.62093285,125145.727144463,174070,64056
2014-06-26,1.67219737,114438.071346006,158966,61079
2014-06-27,1.72780213,131838.012018499,166577,62724
2014-06-28,1.70918053,121799.584707445,144471,54720
2014-06-29,1.72411286,121250.583447258,175850,50174
2014-06-30,1.82938369,110358.632936103,181598,69802
2014-07-01,1.83761917,111194.683185619,185615,69748
2014-07-02,1.85565119,114538.884183682,179686,65850
2014-07-03,1.83854971,116210.984682714,158572,61838
2014-07-04,1.79270708,138784.341419644,144187,59708
2014-07-05,1.79121232,127079.637926421,126478,48881
2014-07-06,1.80217443,118719.135431262,184532,52464
2014-07-07,1.76756914,125407.53742739,189077,65833
2014-07-08,1.77273738,125407.53742739,211510,69343
2014-07-09,1.76136723,138784.341419644,187251,69653
2014-07-10,1.74495565,124571.487177874,167058,62823
2014-07-11,1.79446067,130423.838924485,169606,58631
2014-07-12,1.80030291,131517.316592705,156338,53816
2014-07-13,1.77957268,137886.878621816,185975,51752
2014-07-14,1.74898486,116342.053837157,164790,63947
2014-07-15,1.75571279,137025.08563043,176650,71208
2014-07-16,1.73946637,124098.190759634,168305,65933
2014-07-17,1.76036866,148228.394518452,173954,65617
2014-07-18,1.77738508,148228.394518452,168626,63793
2014-07-19,1.77274463,152537.359475384,148917,58470
2014-07-20,1.76080313,133577.913664884,190961,53542
2014-07-21,1.74762284,133577.913664884,161778,63367
2014-07-22,1.74270129,122374.604776862,169127,67264
2014-07-23,1.74066345,125821.776742407,174755,65840
2014-07-24,1.69279908,123236.397768248,176149,65859
2014-07-25,1.68863136,141655.467292385,177347,62203
2014-07-26,1.66914747,124806.737276296,140817,56869
2014-07-27,1.65995112,142503.2149498,182563,51250
2014-07-28,1.64850401,139709.03426451,174637,64903
2014-07-29,1.63937643,138777.640702747,170530,62541
2014-07-30,1.58077127,160199.692623305,180476,65495
2014-07-31,1.63310806,143434.608511564,177455,69650
2014-08-01,1.67172212,146228.789196854,172169,66047
2014-08-02,1.65218507,151817.150567434,141630,55208
2014-08-03,1.64362281,143434.608511564,176087,54294
2014-08-04,1.64417187,119218.375905715,172824,67849
2014-08-05,1.61859835,125738.130838059,203179,74637
2014-08-06,1.61916711,152748.544129197,196452,77201
2014-08-07,1.62893008,149022.969882144,178997,69305
2014-08-08,1.63661291,153677.347167073,173005,67797
2014-08-09,1.63562717,178499.415531386,152677,61115
2014-08-10,1.63601768,173595.585434369,202330,58924
2014-08-11,1.59181557,178499.415531386,190879,73128
2014-08-12,1.57747585,170653.28737616,204689,78838
2014-08-13,1.52247712,142211.072813467,195738,75082
2014-08-14,1.40529956,176537.883492579,202135,80916
2014-08-15,1.39272818,161826.393201531,200423,73530
2014-08-16,1.4519714,154961.031065708,173929,65307
2014-08-17,1.38521881,166730.223298547,201320,60043
2014-08-18,1.30849176,194191.671841837,193767,72355
2014-08-19,1.35854035,189172.925205021,187448,74860
2014-08-20,1.43685004,200319.92108908,186763,72909
2014-08-21,1.44883851,195578.621181646,193528,73090
2014-08-22,1.43998218,186096.021366778,182975,66760
2014-08-23,1.38794257,192022.646251071,151274,57747
2014-08-24,1.41936719,173057.446621335,208310,57066
2014-08-25,1.40049218,162389.521829609,181249,69534
2014-08-26,1.4286897,205061.220996514,188274,72342
2014-08-27,1.42412594,200319.92108908,189509,75503
2014-08-28,1.41962708,205061.220996514,191762,67833
2014-08-29,1.4275503,201505.246065938,165055,67775
2014-08-30,1.40634187,215729.14578824,167970,61204
2014-08-31,1.34266216,224266.372936306,191406,58486
2014-09-01,1.33136652,185433.910730305,190403,69351
2014-09-02,1.33208957,200432.241745256,191326,73278
2014-09-03,1.33099316,230428.903775158,169050,69430
2014-09-04,1.37428858,215430.572760207,180670,71310
2014-09-05,1.34365527,197705.27246981,188565,70511
2014-09-06,1.34865874,244063.750152386,152934,60225
2014-09-07,1.34317011,211340.118847038,232778,60251
2014-09-08,1.31734021,196341.787832087,196424,76646
2014-09-09,1.33112394,199068.757107533,243692,81139
2014-09-10,1.34373558,214067.088122484,221162,75019
2014-09-11,1.34256122,231792.388412881,171772,64288
2014-09-12,1.33422001,209976.634209315,166122,67281
2014-09-13,1.34529696,250729.580909984,152145,60474
2014-09-14,1.33870825,234289.364098999,240833,68210
2014-09-15,1.33078173,234289.364098999,190655,77918
2014-09-16,1.30741226,253566.337094486,225014,89544
2014-09-17,1.28560635,275808.998243125,191063,78526
2014-09-18,1.20503333,265429.089707094,190890,76357
2014-09-19,1.11512348,253566.337094486,172255,70093
2014-09-20,1.16620763,260980.557477366,169941,64168
2014-09-21,1.1367134,243186.428558455,200712,57668
2014-09-22,1.13884767,249117.804864759,206729,73709
2014-09-23,1.2456203,222426.611486392,195635,76923
2014-09-24,1.20431489,231323.675945848,189719,75302
2014-09-25,1.16485544,261293.984719224,201394,78696
2014-09-26,1.15453429,230885.863009396,180341,72617
2014-09-27,1.14181027,230885.863009396,167251,61019
2014-09-28,1.07103907,223993.747695683,234946,63418
2014-09-29,1.0668785,236054.949494681,198246,79158
2014-09-30,1.1140296,263623.410749534,217696,77225
2014-10-01,1.09708972,267069.468406391,212669,79127
2014-10-02,1.06843242,237777.97832311,183913,73147
2014-10-03,1.02941189,251562.208950536,177578,74077
2014-10-04,0.9484552,265346.439577962,172315,66820
2014-10-05,0.93172895,291191.872004387,247567,66118
2014-10-06,0.95087199,277407.641376961,193513,78947
2014-10-07,0.97154668,230885.863009396,200932,77172
2014-10-08,1.03194969,248116.151293679,189881,79002
2014-10-09,1.05462843,255805.104174852,188877,82611
2014-10-10,1.04743744,269697.336979929,196627,79459
2014-10-11,1.05694518,250557.52596845,164418,65585
2014-10-12,1.10393506,257517.457245351,250261,64996
2014-10-13,1.14335604,269697.336979929,207310,77486
2014-10-14,1.16884486,229677.732137746,222532,82942
2014-10-15,1.15308824,262737.405703027,205441,74701
2014-10-16,1.11729203,257517.457245351,184416,75699
2014-10-17,1.11813531,247077.560329999,180122,68154
2014-10-18,1.14449554,285357.182352957,176676,66863
2014-10-19,1.13688775,231417.714956971,236855,65258
2014-10-20,1.11540138,238377.646233873,201790,82251
2014-10-21,1.1273598,266217.371341478,206733,80753
2014-10-22,1.11497797,276657.26825683,201731,79124
2014-10-23,1.04769288,267771.331001111,198755,80410
2014-10-24,1.04955841,284428.084979115,196085,81413
2014-10-25,1.01613431,277272.661457628,202433,68922
2014-10-26,1.03785791,223606.985046474,214842,70568
2014-10-27,1.02988218,284428.084979115,225066,85089
2014-10-28,1.04388822,246862.111491307,205248,87975
2014-10-29,0.98355448,277272.661457628,200016,94358
2014-10-30,1.01672909,304105.499663205,205736,91615
2014-10-31,0.99675714,336304.905509897,203137,84518
2014-11-01,0.95963351,284428.084979115,173118,69360
2014-11-02,0.95980572,277272.661457628,267793,76525
2014-11-03,0.96404683,302316.643782833,211234,90284
2014-11-04,0.97805226,289794.652620231,209429,90476
2014-11-05,1.00559416,268264.624126884,203229,89108
2014-11-06,1.03634538,303181.174870355,219885,90820
2014-11-07,1.01476248,295306.339159437,221566,83898
2014-11-08,1.02534954,301212.465942625,170855,74699
2014-11-09,1.07917955,295306.339159437,253202,72914
2014-11-10,1.0847227,289400.212376248,214221,89325
2014-11-11,1.09194006,253963.451677116,200922,84570
2014-11-12,1.25193043,289400.212376248,229329,97750
2014-11-13,1.24597359,285462.794520789,213181,90507
2014-11-14,1.1770509,303181.174870355,223425,85478
2014-11-15,1.11736503,275619.249882141,174268,72643
2014-11-16,1.15327838,295306.339159437,249080,75533
2014-11-17,1.14624262,283494.085593059,213572,88054
2014-11-18,1.10670813,303873.503789399,208693,87534
2014-11-19,1.1187722,282468.877689125,212316,89108
2014-11-20,1.05691479,276458.90156808,204567,86184
2014-11-21,1.04171403,254422.322457581,196858,80671
2014-11-22,1.04704666,308512.107546988,180131,75577
2014-11-23,1.09252099,284472.203062807,249395,78174
2014-11-24,1.11975677,294488.829931216,211890,86052
2014-11-25,1.11940193,264438.949325989,203972,83050
2014-11-26,1.09262566,274455.576194398,205408,87328
2014-11-27,1.09877029,282468.877689125,208264,83862
2014-11-28,1.13429879,296492.155304897,208778,84822
2014-11-29,1.12906205,314522.083668033,187909,80030
2014-11-30,1.13677757,320532.059789078,277774,84409
2014-12-01,1.13825789,260432.298578626,227571,100563
2014-12-02,1.1510639,300382.460137881,252787,99828
2014-12-03,1.13011906,230698.727588578,226744,95844
2014-12-04,1.11229742,290362.191620107,227387,99396
2014-12-05,1.1410958,310250.01296395,227490,90109
2014-12-06,1.13129289,272463.152410648,186079,79713
2014-12-07,1.13597735,250586.548932421,259501,74469
2014-12-08,1.10418082,324171.48790464,242048,91051
2014-12-09,1.06761307,282407.06308257,225674,90913
2014-12-10,1.06041309,284395.845216954,223236,89230
2014-12-11,1.06328138,294339.755888875,217332,83996
2014-12-12,1.07767689,280418.280948185,217065,79502
2014-12-13,1.06591465,290362.191620107,180986,75125
2014-12-14,1.08689147,280418.280948185,284878,81604
2014-12-15,1.06028962,280418.280948185,248144,96978
2014-12-16,1.00469489,284395.845216954,252332,99237
2014-12-17,0.98028857,251585.071833534,242691,97273
2014-12-18,0.96077271,253027.240872936,238736,94900
2014-12-19,0.97619248,268718.852710017,223509,94533
2014-12-20,1.01306177,262834.498271112,251036,86304
2014-12-21,0.98778637,258911.595311842,237992,79552
2014-12-22,1.0214974,321678.042660167,260678,96522
2014-12-23,1.03954357,294217.721945275,244340,100084
2014-12-24,0.99961153,300102.07638418,186732,80385
2014-12-25,0.98749454,309909.333782356,166473,67726
2014-12-26,1.01929944,298140.624904545,192091,77254
2014-12-27,0.97876537,298140.624904545,210729,78014
2014-12-28,0.98276009,331485.300058343,263683,72602
2014-12-29,0.97130504,321678.042660167,204682,85863
2014-12-30,0.9677018,306495.476137719,204192,83018
2014-12-31,1.00093553,307081.470445709,177886,75829
2015-01-01,0.98274685,333345.017260144,145765,60177
2015-01-02,0.98668726,333345.017260144,212932,83050
2015-01-03,0.89443575,327284.198764505,241755,81404
2015-01-04,0.826303,347486.927083302,235011,82769
2015-01-05,0.86470946,315162.561773228,242515,95721
2015-01-06,0.90423431,319203.107436987,215554,88848
2015-01-07,0.93577843,282838.196463153,204697,92569
2015-01-08,0.89651769,296980.106286311,230454,105611
2015-01-09,0.9241025,282838.196463153,237524,100397
2015-01-10,0.87375367,296980.106286311,274443,106342
2015-01-11,0.85069708,313142.288941348,249636,89751
2015-01-12,0.85146752,291349.141441684,222808,100751
2015-01-13,0.71350593,277602.083462638,250066,98240
2015-01-14,0.56357972,316947.260646319,257446,106993
2015-01-15,0.68179854,330062.319707546,262427,119661
2015-01-16,0.66753485,303832.201585092,246341,104742
2015-01-17,0.64325099,301646.358408221,272389,88416
2015-01-18,0.68000493,334434.006061289,247184,83765
2015-01-19,0.69895138,314761.417469448,255010,99008
2015-01-20,0.68366065,257929.494870797,234321,100182
2015-01-21,0.73912676,325690.633353804,215260,93268
2015-01-22,0.75789177,295088.828877607,230504,95488
2015-01-23,0.75661441,271044.553932025,216750,94078
2015-01-24,0.8081469,275416.240285767,201529,80633
2015-01-25,0.8258294,273230.397108896,318167,85829
2015-01-26,0.89147229,277602.083462638,263343,107895
2015-01-27,0.86202293,317507.026636064,249279,99265
2015-01-28,0.76846781,336476.453109996,198841,85087
2015-01-29,0.76357085,336476.453109996,217393,92284
2015-01-30,0.74804548,283132.625177924,193117,79736
2015-01-31,0.71163625,340579.824489386,276120,86631
2015-02-01,0.74387279,318011.28190274,250290,78157
2015-02-02,0.78676033,326218.024661521,228409,87190
2015-02-03,0.74694335,260564.082591277,241904,91378
2015-02-04,0.7443882,326218.024661521,228028,88890
2015-02-05,0.71333929,326218.024661521,217016,87548
2015-02-06,0.73237364,363148.367076033,231139,84709
2015-02-07,0.75214553,326218.024661521,195430,85768
2015-02-08,0.73731062,270822.511039753,293810,83307
2015-02-09,0.72729218,340604.722619783,232450,104895
2015-02-10,0.72810409,318224.262813905,227906,102102
2015-02-11,0.72439005,349162.732809701,236742,98560
2015-02-12,0.73482642,262976.994964268,232114,88258
2015-02-13,0.78098836,322644.044241876,312759,113789
2015-02-14,0.85038033,353582.514237672,260312,100479
2015-02-15,0.7743708,309384.699957963,342433,82100
2015-02-16,0.77684571,346952.842095716,261678,103452
2015-02-17,0.80607357,329273.716383832,272213,104074
2015-02-18,0.78023417,369051.74923557,246403,103957
2015-02-19,0.80139075,366841.858521585,213440,93715
2015-02-20,0.81236962,349162.732809701,249692,99228
2015-02-21,0.81269734,313804.481385934,271126,88178
2015-02-22,0.78366869,334358.311133104,273269,84628
2015-02-23,0.79211394,329538.396656716,253650,104512
2015-02-24,0.79522354,299369.388512087,232088,103153
2015-02-25,0.79086428,368990.176538154,226574,103255
2015-02-26,0.78721981,348103.940130334,230216,101222
2015-02-27,0.8470053,352745.325998738,247223,103585
2015-02-28,0.84675657,329538.396656716,281000,87971
2015-03-01,0.86514949,324897.010788311,272256,87940
2015-03-02,0.91679724,366669.483603951,286476,107024
2015-03-03,0.9391453,366669.483603951,266412,110488
2015-03-04,0.90841341,324897.010788311,240738,98822
2015-03-05,0.91835146,306331.467314693,249736,97524
2015-03-06,0.90850025,343462.554261929,235826,93661
2015-03-07,0.91980286,324897.010788311,254894,91134
2015-03-08,0.91749265,363358.067705216,276241,90034
2015-03-09,0.96777239,339499.662403796,260611,106792
2015-03-10,0.9731036,358360.754759563,242733,101987
2015-03-11,0.98702529,363076.027848504,259958,103305
2015-03-12,0.98143882,308850.387325676,237787,93481
2015-03-13,0.95005909,344214.935492738,243732,97080
2015-03-14,0.94250473,308850.387325676,261423,91210
2015-03-15,0.95476771,337142.025859325,254579,83260
2015-03-16,0.96883474,327711.479681442,260952,105590
2015-03-17,0.94842564,301777.477692263,226597,99700
2015-03-18,0.85686576,360718.391304033,251725,98308
2015-03-19,0.87346947,322996.2065925,261205,104914
2015-03-20,0.87674824,320638.57004803,236693,104055
2015-03-21,0.87101347,356003.118215092,251472,96199
2015-03-22,0.89689624,334537.327428476,271887,90009
2015-03-23,0.89015559,336739.588444724,255115,102332
2015-03-24,0.8245462,401765.164144395,220798,92642
2015-03-25,0.82488492,376219.402262381,226737,98232
2015-03-26,0.834809,343706.614412546,232228,101438
2015-03-27,0.82811622,397120.480165847,229847,98363
2015-03-28,0.84785463,343706.614412546,237409,88943
2015-03-29,0.81383575,355318.324358916,283051,91895
2015-03-30,0.83226724,329772.562476902,256087,104131
2015-03-31,0.82051756,348351.298391094,266605,114677
2015-04-01,0.83080879,306549.142584163,274206,120748
2015-04-02,0.85233643,385508.770219477,249771,109756
2015-04-03,0.85676268,339061.930433998,240801,105958
2015-04-04,0.85381712,355318.324358916,243687,87605
2015-04-05,0.87790912,361069.996691013,271639,96521
2015-04-06,0.86213123,309707.170078885,242694,105277
2015-04-07,0.85722526,373614.998825321,269775,113215
2015-04-08,0.82735719,307249.17666556,253258,109348
2015-04-09,0.82153081,326913.123972156,250608,116464
2015-04-10,0.7967323,373614.998825321,250196,109637
2015-04-11,0.80216867,344119.077865427,270860,100196
2015-04-12,0.80176151,314623.156905534,254516,86603
2015-04-13,0.76357046,383446.972478619,276787,116290
2015-04-14,0.74489185,366241.018585348,255342,108751
2015-04-15,0.75926768,299875.196425587,227570,107977
2015-04-16,0.77719921,339203.091038779,225691,99527
2015-04-17,0.75827898,309707.170078885,228675,100988
2015-04-18,0.76055574,358867.038345374,250243,97580
2015-04-19,0.76035314,351846.074225004,276814,93417
2015-04-20,0.76631946,364477.035874265,245521,116476
2015-04-21,0.80085177,362110.301875082,243752,110257
2015-04-22,0.79730639,359743.567875898,265898,113336
2015-04-23,0.80445024,307675.41989386,264221,109934
2015-04-24,0.78956794,293475.015898758,252037,105601
2015-04-25,0.77276772,385777.641866917,268305,100598
2015-04-26,0.75294572,340809.69588243,275889,93522
2015-04-27,0.77665961,324242.557888145,253708,113365
2015-04-28,0.77087913,362110.301875082,255162,113542
2015-04-29,0.77154151,300575.217896309,261510,117554
2015-04-30,0.80792304,317142.355890594,240159,110679
2015-05-01,0.7959527,350276.631879164,225580,101452
2015-05-02,0.80559481,347909.89787998,264029,92909
2015-05-03,0.8223728,333776.412541361,247646,83855
2015-05-04,0.81741779,303150.868676707,255868,104511
2015-05-05,0.80768013,364728.388876663,263807,115789
2015-05-06,0.78562752,381306.952007421,270868,111252
2015-05-07,0.81202047,333939.628776685,259340,110385
2015-05-08,0.83681725,355254.924230516,298182,110150
2015-05-09,0.83113721,305519.234838243,235324,96017
2015-05-10,0.82457424,305519.234838243,267176,87291
2015-05-11,0.83050336,374201.85352281,262404,110147
2015-05-12,0.83069449,355254.924230516,273959,109607
2015-05-13,0.81161902,383675.318168957,252379,110562
2015-05-14,0.81336253,364728.388876663,241337,102057
2015-05-15,0.81536167,348149.825745906,242013,104527
2015-05-16,0.80981981,312624.333322854,259761,89300
2015-05-17,0.81389832,410256.527852824,263667,89084
2015-05-18,0.80026593,349377.602526406,239338,96958
2015-05-19,0.79745588,315410.335614117,258201,108963
2015-05-20,0.80520035,351803.835877284,251166,104816
2015-05-21,0.81004487,376066.169386062,236381,97997
2015-05-22,0.82662537,334820.202421139,248185,103038
2015-05-23,0.8221977,271738.135298316,222628,87197
2015-05-24,0.82826864,354230.069228162,282015,91128
2015-05-25,0.81597835,342098.902473773,262222,107497
2015-05-26,0.8155281,349377.602526406,274566,110959
2015-05-27,0.81731823,334820.202421139,258192,106238
2015-05-28,0.81693429,320262.802315872,255987,110526
2015-05-29,0.81601049,373639.936035185,301378,130305
2015-05-30,0.80519424,329967.735719384,302015,122222
2015-05-31,0.79414393,356781.94209336,294212,97356
2015-06-01,0.77376466,312271.265830991,316894,132668
2015-06-02,0.78141163,354853.71117158,299987,125717
2015-06-03,0.781559,335928.179909096,295631,129398
2015-06-04,0.77606861,333562.488501286,270650,114685
2015-06-05,0.78040202,326465.414277854,261364,108893
2015-06-06,0.78204257,421093.070590275,271268,93591
2015-06-07,0.77660755,352488.01976377,255838,82502
2015-06-08,0.79532581,371413.551026254,252632,111670
2015-06-09,0.79751177,357219.402579391,287564,121137
2015-06-10,0.79522298,399801.847919981,354081,129616
2015-06-11,0.79912895,319368.340054422,281625,120640
2015-06-12,0.79991673,335928.179909096,296611,125402
2015-06-13,0.81144066,376144.933841875,282673,105230
2015-06-14,0.80992401,361934.276712658,292633,105380
2015-06-15,0.8248878,355711.957090776,318865,128569
2015-06-16,0.87513216,291486.187060497,276646,120372
2015-06-17,0.86325931,390295.064030157,322275,132006
2015-06-18,0.86709753,385354.620181674,287336,125830
2015-06-19,0.85251691,363122.6228635,291461,126014
2015-06-20,0.85520736,331009.737848361,259541,100545
2015-06-21,0.85070324,306307.518605946,279335,96769
2015-06-22,0.86017515,377943.954408949,264629,118897
2015-06-23,0.85051054,345831.06939381,303390,126676
2015-06-24,0.8379559,385354.620181674,267900,113349
2015-06-25,0.8448489,375473.732484708,227584,109193
2015-06-26,0.84717268,380414.176333191,294363,117718
2015-06-27,0.87686139,318658.628227153,290296,103789
2015-06-28,0.86825845,346814.543816443,275010,100641
2015-06-29,0.89447788,343810.247546963,290419,124779
2015-06-30,0.91895089,356089.184959355,312364,155748
2015-07-01,0.89877462,331531.310134572,308546,142709
2015-07-02,0.88759905,378191.27230166,317013,142954
2015-07-03,0.89360593,395381.784679008,300150,129344
2015-07-04,0.90895603,373279.697336703,271740,103718
2015-07-05,0.94652746,348721.82251192,307522,114726
2015-07-06,0.93879668,444497.534328574,352954,180882
2015-07-07,0.92913382,329075.522652093,321011,190910
2015-07-08,0.94328042,395381.784679008,317005,195582
2015-07-09,0.94097662,326619.735169615,333362,194989
2015-07-10,0.99548676,378191.27230166,319210,190131
2015-07-11,1.02415822,365703.823777367,321077,186958
2015-07-12,1.08367916,342767.691987456,313443,208628
2015-07-13,1.0183322,375774.951215878,299508,158460
2015-07-14,1.00130096,365618.871453287,288951,124862
2015-07-15,0.9949258,388470.050919117,268772,112163
2015-07-16,0.96964467,340228.672046808,278082,116060
2015-07-17,0.97483547,373235.93127523,248227,114852
2015-07-18,0.96571539,378313.971156526,251678,134042
2015-07-19,0.95860718,385931.03097847,296139,117660
2015-07-20,0.97272012,396087.110741061,283750,125270
2015-07-21,0.96438518,322455.532462274,313410,134200
2015-07-22,0.96830559,391009.070859765,287455,128982
2015-07-23,0.96492102,355462.791690696,264413,110507
2015-07-24,1.00796633,429094.369969483,264644,108126
2015-07-25,1.00828547,395370.72515724,243324,100567
2015-07-26,1.02127006,374222.682670225,299700,93547
2015-07-27,1.02492676,387216.525818497,283647,114211
2015-07-28,1.02815783,353432.53363299,303847,121880
2015-07-29,1.00910193,395012.83170746,312401,140018
2015-07-30,1.00375693,348234.996373682,278623,125022
2015-07-31,0.99098704,392414.063077805,299579,145443
2015-08-01,0.98089158,402809.137596423,300587,148454
2015-08-02,0.98353023,392414.063077805,292502,103972
2015-08-03,0.98277599,408006.674855731,300542,119397
2015-08-04,0.99397021,353432.53363299,293826,132986
2015-08-05,0.98382413,345636.227744027,313235,131314
2015-08-06,0.97232925,371623.914040571,295447,134811
2015-08-07,0.97419688,356031.302262645,283150,115384
2015-08-08,0.91166096,420413.404985863,266587,100950
2015-08-09,0.93317694,372000.719336283,262571,88144
2015-08-10,0.92856137,437493.803726473,292834,115928
2015-08-11,0.95127646,424395.186848435,271613,115981
2015-08-12,0.93998135,330085.145326561,278802,116970
2015-08-13,0.92822959,385099.336214321,272849,115808
2015-08-14,0.93435614,372000.719336283,268926,110518
2015-08-15,0.91933993,358902.102458245,272413,96407
2015-08-16,0.90950511,361521.825833852,275996,88617
2015-08-17,0.90668516,385099.336214321,293079,120631
2015-08-18,0.76798027,369380.995960675,293760,117676
2015-08-19,0.80186184,408676.846594789,280796,116441
2015-08-20,0.83203851,392958.506341144,278919,119447
2015-08-21,0.82326318,432254.356975258,281703,112811
2015-08-22,0.81611734,426143.652201538,295137,104345
2015-08-23,0.8092317,361412.970854469,284990,94037
2015-08-24,0.75213176,418052.317033154,309470,126407
2015-08-25,0.79407506,364110.082577264,288148,122964
2015-08-26,0.80814493,434234.987369922,288944,123779
2015-08-27,0.80418084,369504.306022853,270033,117058
2015-08-28,0.82998858,418052.317033154,296413,120019
2015-08-29,0.82198826,431537.875647127,290341,109044
2015-08-30,0.81927215,404566.758419182,280853,96776
2015-08-31,0.82540167,423446.540478743,308087,129082
2015-09-01,0.81598508,415355.20531036,308331,131180
2015-09-02,0.82188383,431537.875647127,292511,151003
2015-09-03,0.81397546,393778.311528004,297285,125273
2015-09-04,0.82872426,434444.799372061,260465,102134
2015-09-05,0.8456626,416212.869138725,323127,127522
2015-09-06,0.86322379,407718.72895222,290712,105924
2015-09-07,0.86259401,430369.769449566,318515,124388
2015-09-08,0.87516289,385067.688454875,338676,127806
2015-09-09,0.85581756,421875.629263061,298432,124005
2015-09-10,0.85661875,484165.990630761,283028,123230
2015-09-11,0.86421443,447358.049822575,317585,182060
2015-09-12,0.84831164,382236.308392706,276575,136766
2015-09-13,0.82782905,427538.389387398,317231,144629
2015-09-14,0.82963832,430369.769449566,311373,169000
2015-09-15,0.82794791,453020.809946911,324464,161744
2015-09-16,0.82333716,402055.968827884,301627,169119
2015-09-17,0.83834106,410910.027600594,315192,256980
2015-09-18,0.83835706,433587.717335429,320444,162145
2015-09-19,0.83518355,368697.038550535,268056,114319
2015-09-20,0.83222368,377545.767475748,336567,107742
2015-09-21,0.81585049,389344.072709365,357635,133015
2015-09-22,0.82986426,463083.480419472,348545,135214
2015-09-23,0.82892525,466033.056727876,297453,132602
2015-09-24,0.84398148,412940.683176599,295784,125773
2015-09-25,0.8484784,483730.514578302,292649,126477
2015-09-26,0.84518839,433587.717335429,314624,116096
2015-09-27,0.84044962,439486.869952237,324221,108836
2015-09-28,0.86502832,421789.412101812,295867,136065
2015-09-29,0.85547192,513226.277662345,355812,141219
2015-09-30,0.85345406,436537.293643833,334445,140556
2015-10-01,0.85908051,444776.382758561,297034,136279
2015-10-02,0.85804128,417179.763438577,309307,140746
2015-10-03,0.86449878,438341.05578691,252618,115341
2015-10-04,0.86381713,462525.389899291,303522,102050
2015-10-05,0.86904243,462525.389899291,297239,129445
2015-10-06,0.89045639,429271.930494767,325721,144666
2015-10-07,0.87953074,402064.554618338,310175,135767
2015-10-08,0.87738611,423225.846966672,301525,134073
2015-10-09,0.88249178,380903.262270005,274941,119845
2015-10-10,0.88802862,483686.682247624,317477,123713
2015-10-11,0.89733993,441364.097550958,296821,104828
2015-10-12,0.88965466,429271.930494767,307438,135172
2015-10-13,0.9052258,414156.721674529,307430,134743
2015-10-14,0.91550869,459502.348135244,317192,143317
2015-10-15,0.92101163,502137.288713881,360598,151601
2015-10-16,0.94954679,435823.398820657,342212,143758
2015-10-17,0.98206419,411610.987775065,375203,140784
2015-10-18,0.9516082,438849.950201356,327671,113308
2015-10-19,0.95474467,499380.977815336,349142,146674
2015-10-20,0.97727168,387398.576729473,403962,147549
2015-10-21,0.96713256,435823.398820657,343508,145239
2015-10-22,0.99332361,447929.604343453,352887,152044
2015-10-23,1.00428416,450956.155724152,361424,138354
2015-10-24,1.02166516,438849.950201356,378880,143796
2015-10-25,1.02981363,469115.464008346,371558,130520
2015-10-26,1.03170839,496354.426434637,371860,115817
2015-10-27,1.06222316,444903.052962754,353786,153539
2015-10-28,1.09230955,420690.641917162,355701,161025
2015-10-29,1.12707436,466068.004514329,385081,160480
2015-10-30,1.17145113,529187.24527939,372016,163703
2015-10-31,1.11900853,454915.351205088,367631,155851
2015-11-01,1.17301764,473483.324723664,393101,153010
2015-11-02,1.29040009,473483.324723664,404897,174085
2015-11-03,1.40849617,479672.649229855,449049,185118
2015-11-04,1.41400867,479672.649229855,498795,205457
2015-11-05,1.33554498,451820.688951993,441656,181730
2015-11-06,1.29585462,448726.026698897,426032,166618
2015-11-07,1.33922357,470388.662470568,365479,150863
2015-11-08,1.29084893,430158.053180322,386676,135361
2015-11-09,1.31634235,461104.67571128,408589,156149
2015-11-10,1.1732578,451820.688951993,399491,160462
2015-11-11,1.07637834,537055.796106772,374115,161943
2015-11-12,1.17484219,527006.857659411,374348,159916
2015-11-13,1.17320189,523733.523139787,358205,153174
2015-11-14,1.15846495,464813.50178656,383137,149141
2015-11-15,1.113692,523733.523139787,409132,140003
2015-11-16,1.15257372,566286.871894895,404593,160506
2015-11-17,1.16708912,487726.843423926,388743,158577
2015-11-18,1.16637111,500820.181502421,403730,166493
2015-11-19,1.13381269,445173.494668818,345821,148816
2015-11-20,1.11922908,546646.864777153,361600,157775
2015-11-21,1.13292142,569560.206414519,370942,148752
2015-11-22,1.12503742,563013.537375271,379184,129856
2015-11-23,1.12274649,533553.526698658,340771,146876
2015-11-24,1.11232756,560533.42415402,385973,152287
2015-11-25,1.14323112,535030.217025699,364221,152916
2015-11-26,1.23571942,636252.149976506,386928,163281
2015-11-27,1.24471977,480804.181516337,360234,161840
2015-11-28,1.23492724,556720.631229443,410729,163866
2015-11-29,1.28597204,538645.286059656,328208,130482
2015-11-30,1.30285581,585641.183501102,490103,184974
2015-12-01,1.25175777,603716.528670889,414541,176727
2015-12-02,1.2400996,582026.114467145,424374,182865
2015-12-03,1.24663471,513339.802821954,359444,163822
2015-12-04,1.25296246,553105.562195486,416094,171379
2015-12-05,1.34032565,632637.080942549,460264,188759
2015-12-06,1.35140208,577650.161239677,425554,176858
2015-12-07,1.35604281,578033.500385697,449269,193821
2015-12-08,1.41573376,688135.119506783,452823,198694
2015-12-09,1.4230962,660609.714726512,493312,217675
2015-12-10,1.4147374,849355.347505516,473257,212096
2015-12-11,1.53766856,629152.109263344,466766,210641
2015-12-12,1.47529212,637016.510629136,527840,204106
2015-12-13,1.46917519,558372.496971217,484886,188060
2015-12-14,1.49347951,766779.133164702,520571,231777
2015-12-15,1.5607304,719592.724969951,495314,224712
2015-12-16,1.52430436,640948.711312032,487898,222651
2015-12-17,1.52913908,609491.105848864,453218,213352
2015-12-18,1.54887254,684510.337699163,459189,217534
2015-12-19,1.5407991,729321.303625075,497028,208041
2015-12-20,1.47646827,766484.172599601,481622,196417
2015-12-21,1.46115451,692158.434650549,505331,233218
2015-12-22,1.45244997,696803.793272365,479097,218030
2015-12-23,1.47498552,729321.303625075,478167,219943
2015-12-24,1.51648924,641059.489810576,456965,213360
2015-12-25,1.51327284,752548.096734154,367825,173868
2015-12-26,1.39046843,794356.324330496,416167,179227
2015-12-27,1.40524438,952298.517472232,408582,160526
2015-12-28,1.39984175,701449.151894181,413657,174759
2015-12-29,1.43330598,738612.020868707,427804,184447
2015-12-30,1.41549314,766484.172599601,397910,177403
2015-12-31,1.42597532,702681.498032921,353317,153350
2016-01-01,1.44202141,697129.166405806,316781,124427
2016-01-02,1.44085731,748768.363917347,417966,147864
2016-01-03,1.42578556,748768.363917347,398443,145029
2016-01-04,1.4358758,934669.474958895,413159,178576
2016-01-05,1.43257229,810735.400931196,435291,183659
2016-01-06,1.42542709,728112.684912731,381359,171808
2016-01-07,1.51365061,759096.203419655,432867,191087
2016-01-08,1.49531085,893358.116949662,405522,179603
2016-01-09,1.48063286,779751.882424272,461784,185614
2016-01-10,1.47362064,903685.95645197,427477,155959
2016-01-11,1.4731839,877866.357696199,452499,192900
2016-01-12,1.44857001,877866.357696199,453665,194437
2016-01-13,1.41794151,813710.194014571,430325,192477
2016-01-14,1.4098903,749438.083305595,427750,181837
2016-01-15,1.21085056,687454.482430696,410879,179113
2016-01-16,1.2771992,800151.938566876,511206,197424
2016-01-17,1.25902054,850865.793828157,521728,196195
2016-01-18,1.26741248,974832.995577956,476975,216659
2016-01-19,1.24584593,749438.083305595,425484,188008
2016-01-20,1.3822596,856500.666634966,623972,209638
2016-01-21,1.34524409,771977.574532831,511702,217274
2016-01-22,1.25973209,991737.613998384,500516,216124
2016-01-23,1.27705234,1008642.23241881,466284,188043
2016-01-24,1.33208711,963563.249964338,492811,204384
2016-01-25,1.29373682,912849.394703057,528904,224278
2016-01-26,1.29079002,928141.002810171,528008,228799
2016-01-27,1.3020216,924867.907889316,531444,230341
2016-01-28,1.25165178,871165.900334451,513308,221571
2016-01-29,1.2534027,1008404.36408577,529268,223009
2016-01-30,1.24726247,1115808.3791955,490429,195106
2016-01-31,1.21190019,1080007.04082559,484082,177814
2016-02-01,1.23041296,960669.246259225,616260,226436
2016-02-02,1.236387,1074040.15109727,675786,238194
2016-02-03,1.22129665,1068073.26136895,542654,187411
2016-02-04,1.29128531,1002437.47435745,459997,202021
2016-02-05,1.27387646,1121775.26892382,503467,222655
2016-02-06,1.24218056,1193377.94566364,497975,228552
2016-02-07,1.24380766,1234537.96602865,516141,210537
2016-02-08,1.23006764,1060281.98712231,479473,228610
2016-02-09,1.23955252,1260875.87657788,515267,232957
2016-02-10,1.25743769,1174907.06681121,487454,229228
2016-02-11,1.25239109,1375500.95626678,496667,221125
2016-02-12,1.26735993,1225055.5391751,470121,201608
2016-02-13,1.29090383,1117594.52696676,448353,184733
2016-02-14,1.34395157,1189235.20177232,496649,189676
2016-02-15,1.32080872,1088938.25704454,498129,220619
2016-02-16,1.34439265,988641.312316752,481206,216248
2016-02-17,1.36891644,1110430.45948621,537228,224099
2016-02-18,1.387065,1210727.40421399,496326,213696
2016-02-19,1.37990407,1106210.05838203,523596,218073
2016-02-20,1.44479793,1219082.13715781,489626,216020
2016-02-21,1.43896168,1040283.423708,531113,208504
2016-02-22,1.43388713,1032156.20946028,537212,236206
2016-02-23,1.37701655,1105301.13768975,550408,249004
2016-02-24,1.38888584,959011.28123081,466104,219789
2016-02-25,1.38869889,1259718.20839641,529925,217622
2016-02-26,1.4125491,1137809.99468062,476826,203801
2016-02-27,1.41577688,1194700.49441466,467543,176879
2016-02-28,1.41489813,1089046.70919431,497556,239755
2016-02-29,1.42718873,1080919.49494659,563571,264062
2016-03-01,1.40836687,1145937.20892834,561876,275555
2016-03-02,1.37665947,1275972.63689184,553815,265637
2016-03-03,1.36370699,1097173.92344203,575225,228219
2016-03-04,1.32762119,1257200.65607867,513898,200730
2016-03-05,1.29300875,1181318.8523918,530671,235769
2016-03-06,1.31351951,1165567.93435991,409059,161087
2016-03-07,1.34309201,1047436.04912073,421465,187221
2016-03-08,1.33712484,1212820.68845558,460732,197505
2016-03-09,1.3411659,1323077.11467881,504399,186674
2016-03-10,1.35270133,1220696.14747152,445273,190661
2016-03-11,1.36229072,1260073.44255125,434658,195406
2016-03-12,1.33231582,1134066.09829613,374730,166468
2016-03-13,1.33700014,1047436.04912073,421585,147901
2016-03-14,1.34667706,1197069.77042369,451902,189108
2016-03-15,1.34702813,1267948.9015672,451559,204228
2016-03-16,1.3520056,1197069.77042369,449250,211838
2016-03-17,1.35638731,1110439.72124829,482125,206792
2016-03-18,1.32505057,1099528.52189976,425769,204309
2016-03-19,1.32598423,1118857.35233453,428645,180638
2016-03-20,1.33522284,1201126.2753003,430803,174786
2016-03-21,1.33302131,1143538.02922426,435918,199753
2016-03-22,1.34807127,1217580.05989345,462080,203183
2016-03-23,1.35020487,1225806.95219003,438399,189934
2016-03-24,1.33729801,1209353.16759688,430544,189092
2016-03-25,1.34555077,1201126.2753003,392195,170642
2016-03-26,1.34628144,1258714.52137634,471861,159417
2016-03-27,1.37287033,1159991.81381741,410531,158725
2016-03-28,1.36375683,1398571.69041816,520539,199341
2016-03-29,1.3408893,1291622.09056265,674110,200627
2016-03-30,1.3308193,1209353.16759688,475833,198494
2016-03-31,1.34039332,1020134.6447756,425668,209977
2016-04-01,1.3439179,1266862.83281171,498916,203564
2016-04-02,1.35165651,1152898.4861624,486983,189597
2016-04-03,1.35223224,1177781.1873026,456249,171837
2016-04-04,1.35014818,1376842.79642417,486496,209091
2016-04-05,1.35890201,1285606.22557678,464749,219126
2016-04-06,1.35566372,1302194.69300358,480231,219170
2016-04-07,1.35117853,1152898.4861624,450348,221115
2016-04-08,1.34214463,1194369.6547294,433298,210165
2016-04-09,1.34233375,1343665.86157057,428083,197534
2016-04-10,1.35084023,1434902.43241796,444157,186313
2016-04-11,1.35449753,1269017.75814998,476122,234053
2016-04-12,1.36654458,1227546.58958299,504477,233733
2016-04-13,1.35807492,1360254.32899737,497314,224860
2016-04-14,1.36084658,1425512.68730726,466772,228546
2016-04-15,1.37555561,1234618.41233425,439873,213187
2016-04-16,1.37971516,1225736.26548292,407712,180596
2016-04-17,1.37038391,1403379.20250943,485493,193251
2016-04-18,1.37101446,1190207.67807762,473379,222012
2016-04-19,1.39507656,1332322.02769883,480187,225653
2016-04-20,1.41003606,1465554.23046871,458038,211920
2016-04-21,1.43844551,1341204.17455015,481473,215427
2016-04-22,1.42445756,1270146.99973955,438706,209575
2016-04-23,1.44126699,1279029.14659088,433938,184000
2016-04-24,1.46984701,1172443.38437497,456476,182596
2016-04-25,1.47288881,1128032.65011834,496102,221427
2016-04-26,1.48393742,1341204.17455015,526580,250305
2016-04-27,1.40953828,1145796.94382099,477617,244862
2016-04-28,1.4252343,1199003.65014719,459333,245630
2016-04-29,1.44285983,1403229.58036089,513848,258516
2016-04-30,1.42025882,1296655.18185247,442245,217887
2016-05-01,1.43481218,1376585.98073378,424418,184944
2016-05-02,1.40306525,1394348.38048519,480773,224725
2016-05-03,1.42352585,1341061.18123098,461956,232184
2016-05-04,1.41279571,1483160.37924221,510639,239128
2016-05-05,1.41534562,1376585.98073378,455031,228717
2016-05-06,1.45231269,1438754.3798637,465712,238949
2016-05-07,1.45028008,1332179.98135528,411559,196121
2016-05-08,1.44965118,1492041.57911791,435990,184689
2016-05-09,1.45525025,1518685.17874501,489806,228993
2016-05-10,1.41626148,1403229.58036089,496262,246893
2016-05-11,1.42414735,1263377.10291735,475358,236434
2016-05-12,1.42876187,1342247.86954719,449920,227185
2016-05-13,1.43336991,1467781.84295808,461650,230934
2016-05-14,1.43505829,1390530.16701292,448880,208146
2016-05-15,1.44303466,1342247.86954719,437321,205289
2016-05-16,1.42545539,1361560.78853348,506052,235248
2016-05-17,1.41546718,1361560.78853348,488115,244451
2016-05-18,1.41776705,1477438.30245123,511129,234837
2016-05-19,1.36583656,1158775.13917743,452381,212191
2016-05-20,1.37946798,1438812.46447864,458726,212260
2016-05-21,1.38433791,1361560.78853348,489718,186149
2016-05-22,1.37324466,1776788.54673873,450660,185673
2016-05-23,1.38378129,1738162.70876615,524621,228956
2016-05-24,1.38792754,1424527.48797779,504685,241161
2016-05-25,1.40185071,1367284.21320355,494978,249524
2016-05-26,1.41287581,1337560.6433513,482152,221744
2016-05-27,1.46115986,1377192.06982096,520769,215751
2016-05-28,1.63473944,1317744.93011646,467539,187879
2016-05-29,1.61944736,1456454.9227603,446574,186986
2016-05-30,1.63256643,1426731.35290805,538546,205995
2016-05-31,1.62098355,1258297.79041196,480865,218981
2016-06-01,1.63749336,1416823.49629063,499855,229927
2016-06-02,1.63594156,1367284.21320355,483962,234060
2016-06-03,1.72607424,1406915.63967322,488080,229138
2016-06-04,1.73508921,1179034.93747262,441515,195593
2016-06-05,1.73449123,1684335.62496089,464095,189529
2016-06-06,1.76124697,1684335.62496089,518548,222496
2016-06-07,1.73648602,1387099.92643838,514462,237323
2016-06-08,1.74643017,1405239.8337768,482283,230863
2016-06-09,1.7262705,1608133.9309215,523498,230568
2016-06-10,1.73124783,1403462.33971331,498550,227239
2016-06-11,1.80308386,1520417.53468942,467524,213728
2016-06-12,1.97978904,1422954.87220933,526242,214242
2016-06-13,2.05438766,1569148.86592946,580506,252195
2016-06-14,1.99146107,1286507.1447372,534856,243818
2016-06-15,2.00817303,1481432.46969738,587472,261069
2016-06-16,2.18424554,1452193.67095336,586017,268010
2016-06-17,2.12593041,1452193.67095336,575677,249935
2016-06-18,2.14155867,1539910.06718544,564654,237493
2016-06-19,2.15941186,1725089.12589761,507096,213422
2016-06-20,2.03279428,1598387.66467349,567592,250874
2016-06-21,1.88290437,1531412.7730782,592134,251553
2016-06-22,1.68209991,1343144.51552347,553797,237433
2016-06-23,1.77191858,1457676.21839756,546971,234209
2016-06-24,1.86988311,1343144.51552347,534641,237560
2016-06-25,1.87909186,1686739.62414575,527647,209400
2016-06-26,1.7731205,1520148.05632888,498043,179209
2016-06-27,1.83085813,1530560.02931744,492341,218747
2016-06-28,1.81560781,1540972.00230599,542692,212946
2016-06-29,1.79144978,1520148.05632888,465149,225124
2016-06-30,1.88463722,1561795.9482831,506917,227705
2016-07-01,1.89054098,1613855.81322587,498334,209840
2016-07-02,1.95662702,1551383.97529455,438905,193271
2016-07-03,1.84470645,1603443.84023732,442711,180924
2016-07-04,1.89000024,1573973.22742671,507658,213768
2016-07-05,1.85502138,1538177.12694953,480529,214613
2016-07-06,1.87853142,1485136.53636507,477624,220805
2016-07-07,1.77579285,1453312.18201439,463940,209782
2016-07-08,1.8419359,1538177.12694953,463219,210222
2016-07-09,1.80354226,1580609.59941711,434260,182408
2016-07-10,1.79645545,1654866.42623536,400962,162504
2016-07-11,1.79504742,1516960.89071575,494651,220081
2016-07-12,1.84676287,1516960.89071575,475560,218015
2016-07-13,1.81377039,1368447.23707924,451100,217382
2016-07-14,1.81967435,1495744.65448196,485920,223467
2016-07-15,1.83455167,1432095.9457806,446635,211191
2016-07-16,1.82935184,1665474.54435225,468834,182111
2016-07-17,1.86895135,1580609.59941711,437943,170401
2016-07-18,1.8515086,1570047.99807086,488612,222469
2016-07-19,1.8472273,1358434.53362668,473547,221724
2016-07-20,1.82663887,1591915.46909377,470700,225390
2016-07-21,1.82456417,1411498.38259648,451643,222195
2016-07-22,1.7803472,1369047.30342064,470889,220460
2016-07-23,1.79860084,1390272.84300856,449056,196748
2016-07-24,1.80565737,1315983.45445085,435414,184404
2016-07-25,1.78771375,1390272.84300856,499950,238338
2016-07-26,1.78522608,1369047.30342064,510407,237031
2016-07-27,1.78796338,1358434.53362668,472568,230119
2016-07-28,1.78683669,1443336.69197835,495202,239806
2016-07-29,1.78935642,1560077.15971189,462610,229385
2016-07-30,1.78228347,1262919.60548106,453074,199444
2016-07-31,1.7008979,1634366.5482696,490761,192596
2016-08-01,1.6531908,1623753.77847564,510170,223058
2016-08-02,1.44664432,1611302.39442715,541551,250439
2016-08-03,1.56457026,1666003.54735094,512566,241845
2016-08-04,1.59778327,1535533.39002827,488042,232028
2016-08-05,1.59141223,1696112.04519463,482120,230143
2016-08-06,1.61723105,1666003.54735094,424854,195177
2016-08-07,1.62732927,1485352.56028879,444399,190474
2016-08-08,1.6187062,1485352.56028879,527222,234045
2016-08-09,1.6089797,1244484.57753925,494819,231091
2016-08-10,1.61532499,1515461.05813248,534986,249818
2016-08-11,1.61439329,1505424.89218458,526186,251317
2016-08-12,1.60770275,1495388.72623668,496269,233837
2016-08-13,1.60245343,1635895.04950725,465522,217616
2016-08-14,1.56450982,1635895.04950725,448752,195131
2016-08-15,1.55189891,1480672.78660971,503013,205074
2016-08-16,1.58343489,1458782.17092898,551712,255416
2016-08-17,1.5706748,1329112.64462418,507908,235185
2016-08-18,1.56943471,1664092.25424491,526059,237773
2016-08-19,1.57097556,1664092.25424491,507037,245627
2016-08-20,1.58942926,1674898.04810365,511306,215706
2016-08-21,1.5862522,1761344.39897351,445785,182112
2016-08-22,1.5971444,1707315.42967985,516221,223281
2016-08-23,1.5907111,1588451.69723378,512822,238968
2016-08-24,1.58033884,1642480.66652745,519952,239697
2016-08-25,1.5702844,1404753.20163532,485553,232049
2016-08-26,1.57746065,1426364.78935278,478025,225084
2016-08-27,1.55410904,1556034.31565758,460178,192507
2016-08-28,1.56720759,1642480.66652745,419012,172790
2016-08-29,1.56317394,1618801.46201982,512920,230540
2016-08-30,1.56851349,1799709.0589716,545062,248618
2016-08-31,1.55808288,1470493.9872085,497832,226351
2016-09-01,1.55789624,1536337.00156112,481213,233329
2016-09-02,1.57001279,1678996.8659918,490560,228902
2016-09-03,1.63244029,1382703.30140501,454210,179340
2016-09-04,1.65865731,1964316.59485315,433383,179857
2016-09-05,1.64951295,1536337.00156112,554978,234920
2016-09-06,1.66267259,1492441.65865938,507177,227334
2016-09-07,1.6686166,1668023.03026636,530571,253235
2016-09-08,1.70667998,1580232.34446287,499129,225530
2016-09-09,1.68507108,1558284.673012,486523,217460
2016-09-10,1.68900378,1700944.53744267,449720,196056
2016-09-11,1.64409449,1799709.0589716,460039,179546
2016-09-12,1.64235516,1821039.51020144,516128,212412
2016-09-13,1.64324029,1852325.13960032,525384,238121
2016-09-14,1.64445893,1751289.22289484,484948,227706
2016-09-15,1.63757095,1728836.7969603,494956,233885
2016-09-16,1.63843679,1560443.60245118,490815,216580
2016-09-17,1.63684292,1829872.71366577,497085,212263
2016-09-18,1.64735892,1627800.88025482,468394,191175
2016-09-19,1.63980889,1493086.32464753,499780,225146
2016-09-20,1.63608322,1695158.15805847,526478,241330
2016-09-21,1.60558003,1863551.35256759,511634,237941
2016-09-22,1.60186568,1582896.02838572,494102,229627
2016-09-23,1.61963842,1526764.96354935,501479,230152
2016-09-24,1.62065676,1863551.35256759,465376,203096
2016-09-25,1.61373559,2162558.09313961,474290,196599
2016-09-26,1.62933517,1834694.78231133,536915,231682
2016-09-27,1.62414841,2002575.3506274,556798,243713
2016-09-28,1.62251024,1774737.43648416,547404,234090
2016-09-29,1.62353046,1714780.09065699,554360,241142
2016-09-30,1.63296882,1702788.62149156,548051,248141
2016-10-01,1.64973693,1882660.65897306,501986,215905
2016-10-02,1.63963562,1690797.15232613,463086,189450
2016-10-03,1.64023485,1810711.84398046,631233,262768
2016-10-04,1.63178451,1894652.1281385,595024,261797
2016-10-05,1.63673816,2002575.3506274,599856,269389
2016-10-06,1.63502177,1930626.5356348,611468,271559
2016-10-07,1.65057413,1714780.09065699,577168,267487
2016-10-08,1.65345115,2109095.85982046,547264,246198
2016-10-09,1.6471487,2056197.68457302,517842,214311
2016-10-10,1.64905635,1593553.20554409,513555,224750
2016-10-11,1.71172286,1786321.73847281,595746,262242
2016-10-12,1.69165254,1850577.91611572,542168,233717
2016-10-13,1.68770306,1644958.14765842,553694,230741
2016-10-14,1.69764855,1747768.03188707,523032,237833
2016-10-15,1.6909697,1824875.44505855,499884,209799
2016-10-16,1.70485941,1670660.61871558,490575,199250
2016-10-17,1.69213973,1606404.44107267,544749,238183
2016-10-18,1.6808924,1991941.50693011,585111,249735
2016-10-19,1.66452177,1606404.44107267,456808,193769
2016-10-20,1.66126571,1722065.5608299,624972,277747
2016-10-21,1.66533193,2107602.62668734,574916,259442
2016-10-22,1.72581278,1906300.95008226,530899,218408
2016-10-23,1.71807394,1815470.1249901,527890,192661
2016-10-24,1.71141678,1802862.69356655,582797,224654
2016-10-25,1.72432365,1752432.96787238,620214,238454
2016-10-26,1.77111563,1739825.53644884,613266,221774
2016-10-27,1.79615707,2042403.89061386,724529,332576
2016-10-28,1.80415758,1916329.57637844,560747,244692
2016-10-29,1.8651885,1878507.28210781,542123,231604
2016-10-30,1.8226058,2118048.47915512,475892,205720
2016-10-31,1.81838639,1853292.41926072,587693,244943
2016-11-01,1.89570499,1815470.1249901,602551,248580
2016-11-02,1.91748494,1676788.37933113,586295,266408
2016-11-03,1.78730294,1954151.87064906,596454,273399
2016-11-04,1.82526343,1462462.04513091,552456,246796
2016-11-05,1.82779984,1856081.59672813,550980,236443
2016-11-06,1.84962453,1936557.43909685,526347,224122
2016-11-07,1.82330887,1847956.77194863,624606,277860
2016-11-08,1.83441017,2139073.24972136,660400,293470
2016-11-09,1.85565551,1860614.01011266,615584,272305
2016-11-10,1.83311387,2126416.01155733,603667,265908
2016-11-11,1.83712016,2063129.82073717,565366,258625
2016-11-12,1.80622068,2126416.01155733,583489,231859
2016-11-13,1.80498214,1797327.8192925,527525,213970
2016-11-14,1.80858594,2177044.96421346,640753,273607
2016-11-15,1.82341234,1974529.15358895,651339,279913
2016-11-16,1.89261677,2164387.72604942,621011,292039
2016-11-17,1.87204522,2012500.86808104,625675,274309
2016-11-18,1.90458043,2011089.71225163,624376,274958
2016-11-19,1.90689799,1989192.7397282,577027,250952
2016-11-20,1.85356329,1793075.14567049,581103,245259
2016-11-21,1.86694042,1947167.54100154,608552,285455
2016-11-22,1.89259128,1877125.54312379,617504,284460
2016-11-23,1.86965336,2059234.73760595,636445,270755
2016-11-24,1.85483303,2269360.73123921,737874,334765
2016-11-25,1.85929274,2129276.7354837,682142,314930
2016-11-26,1.84525241,2143285.13505925,654741,271985
2016-11-27,1.82681448,2017209.5388793,589127,243962
2016-11-28,1.83082068,2297377.53039031,701286,296689
2016-11-29,1.83343351,2087251.53675705,654015,289360
2016-11-30,1.85741761,1989192.7397282,632745,292055
2016-12-01,1.88258493,2045226.3380304,597486,234502
2016-12-02,1.92399804,2035532.46509142,732501,320261
2016-12-03,1.89395129,2451895.01734189,704699,287254
2016-12-04,1.89327742,2109770.13120116,645140,245198
2016-12-05,1.85781173,2166790.94555795,673152,278799
2016-12-06,1.87197007,2138280.53837956,752811,321714
2016-12-07,1.88398255,2480405.42452028,761638,308216
2016-12-08,1.88724567,2238066.96350393,657520,285072
2016-12-09,1.89591358,1924452.4845416,612161,265642
2016-12-10,1.90150182,1881686.87377401,587478,246301
2016-12-11,1.8880226,2665723.07117984,565550,227763
2016-12-12,1.90486371,2223811.75991474,646506,272264
2016-12-13,1.90337593,2537426.23887707,664583,294754
2016-12-14,1.89626794,1981473.29889839,620511,287634
2016-12-15,1.89136263,1952251.49677579,610613,281682
2016-12-16,1.90373524,2050571.62856036,640704,279272
2016-12-17,1.91920336,2220167.77829091,582085,235904
2016-12-18,1.91892195,2173914.28290985,578425,237674
2016-12-19,1.91635095,2328092.60084672,660086,284694
2016-12-20,1.93543766,2127660.78752879,649665,294641
2016-12-21,1.99546268,2451435.25519621,701255,322738
2016-12-22,2.05790608,2451435.25519621,685539,316500
2016-12-23,2.17751843,2343510.4326404,656294,302701
2016-12-24,2.11635351,2112242.9557351,548416,239590
2016-12-25,2.12388831,2543942.24595833,469228,196752
2016-12-26,2.13574409,2189332.11470354,598371,249168
2016-12-27,2.18144466,2405181.75981515,643553,294098
2016-12-28,2.2923126,2546127.99373219,663681,305997
2016-12-29,2.26582772,2368856.40597071,655045,305721
2016-12-30,2.23030531,2479403.03824934,641012,285492
2016-12-31,2.2443903,2337271.6538911,569619,246244
2017-01-01,2.30193946,2463610.66220954,466889,178054
2017-01-02,2.33524167,2510987.79032895,695006,289705
2017-01-03,2.35770988,2589949.67052797,665048,309610
2017-01-04,2.55770131,2416233.53409012,695057,326406
2017-01-05,2.23704042,2210932.64557266,652932,290836
2017-01-06,2.00164999,2542572.54240856,718728,344354
2017-01-07,2.0252978,2179347.89349305,641049,281650
2017-01-08,2.04304794,2637326.79864739,594176,256747
2017-01-09,2.02053011,2147763.14141344,615967,274558
2017-01-10,2.02492109,2545880.37552233,698656,321863
2017-01-11,1.76845775,2562350.134115,639505,305027
2017-01-12,1.81077416,2880550.47756719,607660,287002
2017-01-13,1.85366729,2512107.97462255,601486,279226
2017-01-14,1.83889611,2880550.47756719,595768,244189
2017-01-15,1.84823542,2796813.54507977,540189,228460
2017-01-16,1.86155157,2830308.31807474,642798,273717
2017-01-17,2.0228738,2646087.06660242,652459,287927
2017-01-18,1.96641888,2512107.97462255,651983,300621
2017-01-19,2.01003826,2914045.25056216,687454,301202
2017-01-20,1.99263298,3165256.04802441,659337,297795
2017-01-21,2.05421871,3031276.95604454,629947,259231
2017-01-22,2.04635127,2950275.25252868,572531,238139
2017-01-23,2.03609568,2695734.74214349,619539,232043
2017-01-24,1.96451725,2910612.14912595,724707,281463
2017-01-25,1.97868447,2910612.14912595,707539,307727
2017-01-26,2.02100235,3027818.00748001,719958,311685
2017-01-27,2.02710253,3320832.65336517,660526,261285
2017-01-28,2.03067894,2969215.07830298,669387,247025
2017-01-29,2.00928142,3262229.72418814,636175,240802
2017-01-30,2.01726706,2812940.60049756,649149,252820
2017-01-31,2.11732767,2832474.91022324,686217,310555
2017-02-01,2.1532295,3750587.46733008,780918,344963
2017-02-02,2.19051199,3066886.62693136,637933,258254
2017-02-03,2.19895326,2910612.14912595,713302,323167
2017-02-04,2.23392412,2824555.82436805,655245,285173
2017-02-05,2.18915215,3336807.82080876,694185,293960
2017-02-06,2.20253705,2623276.58868614,612564,227270
2017-02-07,2.25911131,3168918.11913285,721269,329143
2017-02-08,2.25075614,3063987.05558541,668157,308637
2017-02-09,2.10032332,3546669.94790366,753077,342842
2017-02-10,2.12395089,3084973.26829489,659353,304305
2017-02-11,2.15345527,2917083.56661898,623589,259144
2017-02-12,2.14002159,2938069.77932847,562366,233606
2017-02-13,2.12270941,3420752.67164672,674942,292905
2017-02-14,2.14502476,3546669.94790366,676693,315969
2017-02-15,2.14664641,2917083.56661898,630353,288117
2017-02-16,2.19057597,3168918.11913285,677760,291591
2017-02-17,2.22822443,3168918.11913285,697160,320136
2017-02-18,2.22851853,3254025.02653876,688930,282844
2017-02-19,2.22135058,2936112.56385841,592596,251635
2017-02-20,2.27876692,3242870.59291824,656025,282397
2017-02-21,2.35331243,3023757.71501836,644640,279162
2017-02-22,2.3431243,3023757.71501836,627239,279252
2017-02-23,2.45151251,3286693.16849821,702266,328502
2017-02-24,2.42731203,3571539.90976806,763642,343931
2017-02-25,2.35507801,3659185.06092801,741893,321609
2017-02-26,2.41199874,3900209.22661788,663264,271193
2017-02-27,2.42985611,3155225.44175829,661526,283200
2017-02-28,2.41245373,3352427.03186818,704366,327840
2017-03-01,2.48115883,3155225.44175829,680418,313728
2017-03-02,2.53571034,3440072.18302813,735015,330853
2017-03-03,2.57132568,3349345.38703688,732359,335165
2017-03-04,2.52422599,3023455.91166441,626694,267483
2017-03-05,2.53213829,3367030.44708082,695966,278466
2017-03-06,2.53275359,3252505.60194202,675606,287019
2017-03-07,2.43376828,3504460.26124739,738688,327507
2017-03-08,2.27006537,3252505.60194202,686030,298430
2017-03-09,2.34691879,3389935.41610858,705017,304802
2017-03-10,2.16260738,3573175.16833067,747049,307987
2017-03-11,2.31121876,3412840.38513634,690924,278371
2017-03-12,2.41252703,3550270.19930291,598360,221735
2017-03-13,2.41079093,3321220.5090253,681914,270973
2017-03-14,2.41809563,3573175.16833067,747825,313365
2017-03-15,2.43048179,3252505.60194202,673841,291717
2017-03-16,2.27079494,3504460.26124739,729304,323892
2017-03-17,2.07020764,3600869.26330221,711639,294408
2017-03-18,1.86260387,3712647.13922961,689478,263681
2017-03-19,1.97134108,3901826.61129226,664913,265099
2017-03-20,2.00477708,3216051.02506514,658172,281905
2017-03-21,2.1395375,3357935.62911213,686680,285044
2017-03-22,1.99485875,3759942.00724527,742361,316577
2017-03-23,1.97800188,3499820.23315912,680140,288453
2017-03-24,1.8009221,4161948.38537841,702675,287687
2017-03-25,1.86294639,3145108.72304164,622498,245888
2017-03-26,1.85054884,3925474.04530009,573816,214093
2017-03-27,1.99869446,3121461.28903381,610984,239466
2017-03-28,1.9993941,3665352.27121395,738882,294201
2017-03-29,1.98727297,3263345.8930808,677629,281428
2017-03-30,1.98163667,3942417.72740472,689337,286076
2017-03-31,2.0572416,3352999.96635802,634568,264354
2017-04-01,2.06862352,3278488.85599451,642373,255318
2017-04-02,2.09581972,3924251.81247828,648586,239768
2017-04-03,2.16252803,4371318.47465935,736529,291271
2017-04-04,2.15325451,3104629.59847965,634031,255190
2017-04-05,2.13735782,4023599.95962963,739640,318285
2017-04-06,2.23959041,3651044.40781207,700828,288456
2017-04-07,2.22647362,4023599.95962963,717479,295790
2017-04-08,2.21001181,3402674.03993369,599739,228220
2017-04-09,2.2586269,3949088.84926612,654193,235725
2017-04-10,2.24975256,3651044.40781207,691112,275186
2017-04-11,2.27711178,4147785.14356882,754368,308804
2017-04-12,2.24625621,3526859.22387288,687363,276453
2017-04-13,2.16504122,3274289.42119579,611405,228734
2017-04-14,2.16522828,3598646.52693503,696528,286708
2017-04-15,2.1659084,3883431.50388672,681237,268816
2017-04-16,2.16125164,3779873.33044974,589650,212360
2017-04-17,2.18766073,3572756.98357579,613136,249157
2017-04-18,2.20166725,3779873.33044974,713650,306095
2017-04-19,2.21134437,3702204.70037201,718648,309186
2017-04-20,2.25276621,3572756.98357579,687821,266967
2017-04-21,2.26940479,4323553.74099389,782123,323583
2017-04-22,2.26016436,3753983.7870905,691453,272882
2017-04-23,2.26874872,3961100.13396446,637701,241154
2017-04-24,2.27570599,3210303.37654636,616696,228745
2017-04-25,2.3093693,3831652.41716823,740074,323754
2017-04-26,2.33216845,3961100.13396446,769382,333528
2017-04-27,2.4099622,3813586.2247299,718553,298425
2017-04-28,2.40107994,3528859.19852578,726149,305139
2017-04-29,2.41223986,4488916.48047764,827017,342279
2017-04-30,2.44637619,3918071.61012788,726257,277080
2017-05-01,2.52560356,3892124.11602107,713866,298563
2017-05-02,2.55708418,4099704.06887553,782531,331695
2017-05-03,2.6373993,3425069.22209855,691453,295724
2017-05-04,2.64748386,4359179.0099436,851617,355309
2017-05-05,2.61101197,3347226.73977813,660727,267934
2017-05-06,2.6710611,4359179.0099436,867643,359458
2017-05-07,2.58516798,4333231.5158368,790638,318416
2017-05-08,2.82026827,4670548.93922529,887445,364313
2017-05-09,2.8500152,4021861.58655511,805373,333631
2017-05-10,2.92992045,4093329.66292194,730268,310417
2017-05-11,2.98180004,3757901.04949698,703146,295913
2017-05-12,2.75847679,4286790.8268336,742648,314538
2017-05-13,2.86505128,4398136.04311499,793427,330132
2017-05-14,2.87984317,4565153.86753708,894445,369462
2017-05-15,2.77569902,4732171.69195917,824667,329004
2017-05-16,2.7951762,3674392.13728594,653146,231042
2017-05-17,2.85141326,4314627.13090395,765393,320079
2017-05-18,2.96696988,3952755.17798942,742869,291987
2017-05-19,3.05210147,4565153.86753708,805861,316411
2017-05-20,3.14988555,4592990.17160743,854533,354493
2017-05-21,3.12275546,4091936.69834116,778746,320625
2017-05-22,3.12461059,4064100.39427081,781440,331686
2017-05-23,3.32739524,4887381.02634698,872972,368715
2017-05-24,3.49513899,4562009.63318436,811722,337146
2017-05-25,3.29706174,4828620.58577306,847501,350534
2017-05-26,3.20703848,4532386.19400784,814316,333093
2017-05-27,2.87538901,4976737.78165567,892105,330950
2017-05-28,3.1100624,4887867.46412611,848084,303645
2017-05-29,3.1715195,4473139.3156548,771791,326916
2017-05-30,2.99605054,5302595.61259742,851137,348103
2017-05-31,3.14282004,4858244.02494958,818815,320406
2017-06-01,3.24185226,5035984.66000872,837922,319348
2017-06-02,3.32189022,4325022.11977219,723130,263831
2017-06-03,3.38499502,5687700.3218922,879242,306209
2017-06-04,3.33016911,5049391.51326877,739511,271578
2017-06-05,3.49837338,5533581.08611424,767010,289269
2017-06-06,3.68734337,5094943.56099544,802549,299724
2017-06-07,3.45563714,5567322.43420031,877184,338421
2017-06-08,3.54000799,5567322.43420031,823165,307355
2017-06-09,3.50908106,5094943.56099544,762294,280990
2017-06-10,3.60375711,4757530.08013481,696034,252722
2017-06-11,3.64019441,4926236.82056512,670073,225018
2017-06-12,3.22800548,4959978.16865119,726296,270146
2017-06-13,3.24114582,4757530.08013481,768501,291856
2017-06-14,2.919798,4723788.73204875,740847,284904
2017-06-15,2.87371971,5162426.25716756,797366,293498
2017-06-16,2.93413098,4993719.51673725,730161,271022
2017-06-17,3.1272984,4907231.27624732,659616,233555
2017-06-18,2.93677553,5129905.64430105,628753,209445
2017-06-19,3.00723619,5342177.60199627,725338,268231
2017-06-20,3.14552423,4882255.02698997,745087,272588
2017-06-21,3.02520974,4953012.34622171,755305,279662
2017-06-22,3.0574306,4917633.68660584,728948,267507
2017-06-23,3.04158628,5660585.53853909,718091,263398
2017-06-24,2.89910643,5165284.30391692,638287,220439
2017-06-25,2.82389576,4316196.47313606,537762,185434
2017-06-26,2.74177101,5023769.66545344,705488,261094
2017-06-27,2.84709982,4634604.40967888,696698,261113
2017-06-28,2.86973355,5554449.55969148,738521,277158
2017-06-29,2.83338619,4245439.15390432,628876,232122
2017-06-30,2.7235698,5448313.58084387,715545,266457
2017-07-01,2.67604439,5801798.16405462,641147,220267
2017-07-02,2.78455696,6622798.79067703,604820,196813
2017-07-03,2.8067694,5988701.03412285,660964,250562
2017-07-04,2.84851858,5389830.93071056,718284,256743
2017-07-05,2.84213614,5248920.31814296,649605,235034
2017-07-06,2.82784137,5002326.74614967,637761,229220
2017-07-07,2.70091753,5213692.66500107,733315,243553
2017-07-08,2.7563821,5812562.76841335,630307,217777
2017-07-09,2.70314378,4861416.13358208,547682,185614
2017-07-10,2.50667922,6939847.66895412,778061,254337
2017-07-11,2.5040635,6094383.99354854,773747,269057
2017-07-12,2.5607933,6235294.60611614,746872,255592
2017-07-13,2.52324473,5530741.54327816,675427,243905
2017-07-14,2.38547763,5287415.70544483,647312,231329
2017-07-15,2.15162881,5079131.87191812,624607,216276
2017-07-16,2.0725336,6518885.78836735,617297,205409
2017-07-17,2.38704005,5918988.32318017,690739,232141
2017-07-18,2.47286929,6598872.11705897,809612,260132
2017-07-19,2.41800668,5958981.48752598,713341,253602
2017-07-20,2.98008325,6478892.62402153,660126,230755
2017-07-21,2.80324324,6158947.30925504,744868,269668
2017-07-22,2.956705,6398906.29532991,633583,214900
2017-07-23,2.86830102,6878824.26747965,536910,183120
2017-07-24,2.8571688,7118783.25355452,681339,243957
2017-07-25,2.63175728,5918988.32318017,702031,242360
2017-07-26,2.58755545,5878995.15883436,652653,236393
2017-07-27,2.70895213,6416436.63634687,686889,225488
2017-07-28,2.77596935,6414280.01814893,683771,249112
2017-07-29,2.65045335,6713613.08566255,634637,207797
2017-07-30,2.63429117,6285994.41778595,583526,193936
2017-07-31,2.66440296,6200470.68421063,692282,220968
2017-08-01,2.51234417,6371518.15136127,473639,131368
2017-08-02,2.45667542,6499803.75172425,599118,214635
2017-08-03,2.51633659,5901137.61669702,592805,212356
2017-08-04,2.52690325,7654374.15499106,668144,234256
2017-08-05,2.8058202,7568850.42141574,642015,235105
2017-08-06,2.74360243,5986661.35027234,547079,203085
2017-08-07,2.8173808,6542565.61851191,692078,250307
2017-08-08,2.79701154,7012946.15317617,786340,275494
2017-08-09,2.70304955,6107869.28310813,711839,257449
2017-08-10,2.74911842,6149818.07832045,730801,262413
2017-08-11,2.89608699,6608759.7259563,729508,278906
2017-08-12,3.02040239,6195712.24308403,695821,261652
2017-08-13,3.12865374,6792336.38501064,717839,263937
2017-08-14,3.25544228,5966241.41926611,681161,258450
2017-08-15,3.11536106,6975913.04406499,817719,309155
2017-08-16,3.22936466,5966241.41926611,688962,276520
2017-08-17,3.14349195,8215055.49268179,863099,348484
2017-08-18,2.97541172,6838230.54977423,727394,306485
2017-08-19,2.97749577,6930018.8793014,708914,264904
2017-08-20,2.88932289,5966241.41926611,627940,215808
2017-08-21,2.8086644,5277828.94781232,632318,238146
2017-08-22,2.84203031,4084580.6639591,530992,196446
2017-08-23,2.86484514,7297172.19741008,839588,313788
2017-08-24,2.96780825,4467992.01920994,542527,201411
2017-08-25,2.96751747,4459277.50765201,587663,212865
2017-08-26,2.94348577,4635882.55746001,617917,224662
2017-08-27,2.93116239,6843445.68006004,753881,257198
2017-08-28,2.93365297,5695512.85630802,661017,227603
2017-08-29,3.03875355,6578538.10534803,789243,276967
2017-08-30,3.00669499,7417412.09193603,805068,275731
2017-08-31,3.06677185,7196655.77967604,797023,281321
2017-09-01,3.14249768,7682319.66664803,767441,275267
2017-09-02,2.91990917,7240807.04212804,709832,241028
2017-09-03,2.92473488,6799294.41760804,587110,195123
2017-09-04,2.75162247,7726470.92910003,760792,270702
2017-09-05,2.78742564,8697798.70304403,780357,277339
2017-09-06,2.86204183,7283044.48578657,777010,277211
2017-09-07,2.84583752,8072925.27664423,767722,256625
2017-09-08,2.66619471,8027056.38302694,809056,271237
2017-09-09,2.65540041,7751843.02132316,625612,218820
2017-09-10,2.59879339,6329907.31918695,581564,199466
2017-09-11,2.56454296,7981187.48940964,724503,249732
2017-09-12,2.53102364,8623352.0000518,700869,254127
2017-09-13,2.36797159,8715089.78728639,715683,261808
2017-09-14,1.99521056,7981187.48940964,786448,274235
2017-09-15,2.26320938,8256400.85111342,831698,291839
2017-09-16,2.26588756,7751843.02132316,637532,224435
2017-09-17,2.26478555,8072925.27664423,582453,195890
2017-09-18,2.47915064,6687570.05931123,694432,224367
2017-09-19,2.38109715,8556655.83040941,784159,283774
2017-09-20,2.3596557,6417491.87280707,619406,234110
2017-09-21,2.19309389,9653662.9881542,684987,253479
2017-09-22,2.19168978,7624199.74632635,642171,224128
2017-09-23,2.28253357,9105159.4092818,571954,203754
2017-09-24,2.22242941,7953301.89364978,549507,190216
2017-09-25,2.34287282,6856294.73590499,655510,226331
2017-09-26,2.32052467,7569349.3884391,722077,258284
2017-09-27,2.4968666,8063002.60942426,702387,265442
2017-09-28,2.47501585,9708513.34604144,753933,270458
2017-09-29,2.44954557,9269710.48294352,741184,255919
2017-09-30,2.54204123,7569349.3884391,631821,211916
2017-10-01,2.56194858,7133598.09247187,628817,205006
2017-10-02,2.55136556,8380132.03962018,800519,289356
2017-10-03,2.49742904,10223761.0883366,787242,283080
2017-10-04,2.44055834,7486251.28872736,655363,239021
2017-10-05,2.48286744,6983443.36635015,725883,272044
2017-10-06,2.50112549,8882939.96199739,818384,284714
2017-10-07,2.535902,8827072.41506659,651679,223629
2017-10-08,2.61523452,10167893.5414058,699283,243087
2017-10-09,2.68982061,8994675.05585899,797851,296123
2017-10-10,2.65170924,8938807.50892819,833834,304468
2017-10-11,2.68235621,7765589.02338137,778349,294651
2017-10-12,2.9735157,8547734.68041258,784446,293950
2017-10-13,3.05039678,7597986.38258896,818187,307306
2017-10-14,3.12159957,7877324.11724297,789672,291820
2017-10-15,3.05072713,11485102.1666364,825816,285265
2017-10-16,3.05813234,10351762.4275094,844162,312096
2017-10-17,2.95026635,9756833.55236517,878509,337105
2017-10-18,2.93164856,8983426.0146777,824566,330289
2017-10-19,2.96891932,10589733.9775671,906491,354271
2017-10-20,3.09805688,10649226.8650815,850614,313394
2017-10-21,3.09579617,9102411.78970654,800937,309587
2017-10-22,3.04834116,10827705.5276248,907439,290846
2017-10-23,2.93951363,10173283.7649661,880240,316323
2017-10-24,2.73999189,9935312.21490844,955565,346088
2017-10-25,2.83167233,11006184.190168,911228,310122
2017-10-26,2.89701261,11103293.0112987,742163,272615
2017-10-27,2.82258819,7510989.9435995,668740,246216
2017-10-28,2.81072114,6138789.8577496,555227,208616
2017-10-29,2.99284618,11122042.8010992,905041,330193
2017-10-30,2.94639905,10616495.4010493,894901,316082
2017-10-31,3.07051562,9966505.88669932,827896,280319
2017-11-01,3.17194342,11266484.9153992,961473,351487
2017-11-02,3.26783421,10833158.5724993,916882,341608
2017-11-03,3.2996631,8594305.80084942,820113,277903
2017-11-04,3.37458714,9388737.42949936,800708,290835
2017-11-05,3.31955857,10183169.0581493,805781,251752
2017-11-06,3.12842422,9605400.60094935,831790,273071
2017-11-07,3.16064437,11266484.9153992,937089,332632
2017-11-08,3.2777098,10399832.2295993,871573,303382
2017-11-09,3.10220792,11049821.7439492,948030,339565
2017-11-10,2.86889448,8468739.81561046,786879,274118
2017-11-11,2.7353594,5426063.16330811,579558,192216
2017-11-12,2.4696982,5426063.16330811,586355,187788
2017-11-13,2.72664306,9495610.5357892,920515,308819
2017-11-14,2.74071229,8681701.06129298,819127,272441
2017-11-15,2.97614814,10309520.0102854,944172,319586
2017-11-16,3.15562228,10309520.0102854,907472,311127
2017-11-17,3.06551771,11326906.8534057,982559,305425
2017-11-18,3.06748215,9224307.3776238,843076,268902
2017-11-19,3.12664738,10852126.3266162,913898,267096
2017-11-20,3.18401839,11869513.1697365,979917,332821
2017-11-21,3.07693153,11733861.5906538,981593,373326
2017-11-22,3.11368282,10038216.85212,869698,311835
2017-11-23,3.0255203,10648648.9579922,959240,352980
2017-11-24,3.04932356,10083527.0255049,905792,307294
2017-11-25,3.19796528,10445729.4715118,922777,332515
2017-11-26,3.34857257,10244850.0585982,941512,330936
2017-11-27,3.43189779,11383166.7317757,1061044,381576
2017-11-28,3.42405668,10445729.4715118,1025283,365153
2017-11-29,3.31618599,11584046.1446894,1132724,398873
2017-11-30,3.33958212,11182287.318862,1086490,383941
2017-12-01,3.55287307,12253644.187735,1115596,412472
2017-12-02,3.54526509,10780528.4930347,943132,325296
2017-12-03,3.59996863,11784925.5576031,1008744,347132
2017-12-04,3.65371219,12119724.5791259,1155119,407287
2017-12-05,3.65310274,11918845.1662122,1146460,404804
2017-12-06,4.21096815,13218896.9761819,1228561,442897
2017-12-07,4.7166582,12020755.1114562,1065803,374945
2017-12-08,4.34686442,12337090.772284,1126652,385493
2017-12-09,3.96460494,13760601.2460091,1182172,401509
2017-12-10,4.00840979,12969762.0939396,1073634,336561
2017-12-11,4.25607302,13523349.5003882,1163072,376572
2017-12-12,4.23927385,12337090.772284,1099485,372599
2017-12-13,3.93575963,14709608.2284925,1251052,417596
2017-12-14,3.8994793,14630524.3132855,1290363,498142
2017-12-15,4.07868942,13365181.6699743,1179313,400877
2017-12-16,4.43076633,13523349.5003882,1132973,366938
2017-12-17,4.25193445,14630524.3132855,1175732,389211
2017-12-18,4.12995773,15613766.2496263,1204183,398048
2017-12-19,3.80550806,13035760.9505203,1046267,378510
2017-12-20,3.49226172,12663310.6376483,1027644,370374
2017-12-21,3.30154348,12290860.3247763,998866,334454
2017-12-22,3.01016272,14432449.6237903,1110734,380012
2017-12-23,3.11960008,12942648.3723023,979504,307204
2017-12-24,2.92511724,14153111.8891363,1020552,274389
2017-12-25,2.92950297,12570198.0594303,878323,229330
2017-12-26,3.23788307,13221986.1069563,911656,247416
2017-12-27,3.13118795,14525562.2020083,1037747,311934
2017-12-28,2.90015736,13873774.1544823,999488,303032
2017-12-29,2.94080172,15363575.4059704,1096215,356789
2017-12-30,2.60242905,13687548.9980463,998615,338045
2017-12-31,2.78726716,15177350.2495343,1007208,292987
2018-01-01,2.69423548,14923655.7184224,972783,241625
2018-01-02,2.92544313,16415540.6673567,1142721,343664
2018-01-03,2.96026687,15071578.273538,1130917,396942
2018-01-04,2.94402195,16127548.7258241,1253986,424762
2018-01-05,3.26196426,13727615.8797194,1069525,339441
2018-01-06,3.24692954,16127548.7258241,1163503,356470
2018-01-07,3.04278121,15551564.842759,1130388,372566
2018-01-08,2.80152545,15935554.0981357,1157303,345855
2018-01-09,2.69017079,15743559.4704474,1145338,354874
2018-01-10,2.73334467,15935554.0981357,1118949,347701
2018-01-11,2.45400706,18527481.5719289,1222969,334581
2018-01-12,2.55762013,17087521.864266,1153290,304727
2018-01-13,2.63127775,15881806.2094572,939348,264304
2018-01-14,2.52606465,17165770.5545811,971840,236042
2018-01-15,2.50804935,16612036.0205623,949563,272139
2018-01-16,2.12079726,17608758.1817961,1001819,306170
2018-01-17,2.07376393,18494733.4362261,1090483,314242
2018-01-18,2.09352287,19159214.8770486,1050790,307893
2018-01-19,2.129939,18273239.6226186,1027992,242661
2018-01-20,2.37080852,19712949.4110673,970060,236313
2018-01-21,2.12617327,20709671.572301,988506,217475
2018-01-22,2.00268788,18494733.4362261,946599,250083
2018-01-23,2.02766184,19602202.5042636,893416,266082
2018-01-24,2.09753554,19491455.5974598,940167,251628
2018-01-25,2.08000559,19419246.3436515,854029,238459
2018-01-26,2.05791562,20056949.5413983,807029,218851
2018-01-27,2.10883443,20315748.8903196,860840,192395
2018-01-28,2.15410037,20445148.5647802,765711,213698
2018-01-29,2.06552658,19151151.8201739,775230,230013
2018-01-30,1.85916763,21609745.6349259,845185,239554
2018-01-31,1.87794381,15139761.9118942,685452,208360
2018-02-01,1.69691999,20703947.9137015,833934,252498
2018-02-02,1.66151934,21739145.3093865,853582,237739
2018-02-03,1.72878243,20445148.5647802,714800,190833
2018-02-04,1.56184746,23033142.0539929,711645,172621
2018-02-05,1.30831891,23938939.7752173,915758,221421
2018-02-06,1.48101152,22105953.9129441,999753,245035
2018-02-07,1.46484643,20149017.2119133,804119,207672
2018-02-08,1.58085047,18720008.8990117,753618,177469
2018-02-09,1.6660923,19291612.2241723,781921,178845
2018-02-10,1.64139497,20434818.8744937,737187,176305
2018-02-11,1.55971533,21578025.524815,814528,147871
2018-02-12,1.71364615,23721537.9941675,912131,185649
2018-02-13,1.64241903,23435736.3315871,868109,188299
2018-02-14,1.81957973,25579248.8009396,937769,197735
2018-02-15,1.93482187,18720008.8990117,779005,195903
2018-02-16,1.9474862,22435430.512556,773561,185173
2018-02-17,2.11360732,21292223.8622346,765638,172015
2018-02-18,1.99108492,23149934.6690068,730130,160325
2018-02-19,2.11485368,23149934.6690068,857787,191633
2018-02-20,2.12780635,20835108.4972582,703065,194005
2018-02-21,1.97827013,25265138.8267234,713740,208330
2018-02-22,1.84607258,22275181.569123,719848,182712
2018-02-23,1.89577059,22125683.706243,732287,180733
2018-02-24,1.8093287,21677190.1176029,690001,153121
2018-02-25,1.7940982,25564134.5524835,526879,143945
2018-02-26,1.92409125,21079198.6660828,688379,191999
2018-02-27,1.98459986,23919658.0608032,699046,215369
2018-02-28,1.91774992,23172168.7464031,817155,190181
2018-03-01,2.0275908,24667147.3752033,821011,236700
2018-03-02,2.0411051,23321666.6092831,752300,192887
2018-03-03,2.11464502,26909615.3184037,934083,179832
2018-03-04,2.11715719,22125683.706243,792569,154847
2018-03-05,2.124487,24020983.5292903,857168,205776
2018-03-06,1.96727059,25517998.1075581,834323,208778
2018-03-07,1.82720774,25681575.018504,922143,212833
2018-03-08,1.72480924,26499459.5732334,903578,189879
2018-03-09,1.72471755,23882228.9980992,888997,202179
2018-03-10,1.6363096,22900767.5324239,803717,149505
2018-03-11,1.76958222,25027267.3747204,889324,157234
2018-03-12,1.70331347,26335882.6622875,828676,185230
2018-03-13,1.70702426,25845151.9294498,773506,199201
2018-03-14,1.53691592,23555075.1762074,580666,193089
2018-03-15,1.54749227,23555075.1762074,602746,201087
2018-03-16,1.56958433,25517998.1075581,601517,188256
2018-03-17,1.47896206,24372959.7309369,452543,151432
2018-03-18,1.5372127,25426608.9713916,535510,164511
2018-03-19,1.60262445,26679206.959874,587514,193494
2018-03-20,1.66984764,21859737.3155097,567891,193222
2018-03-21,1.66685407,26162835.2122636,586910,199262
2018-03-22,1.6366036,24613719.9694322,577941,180421
2018-03-23,1.64830412,22892480.8107306,619608,177341
2018-03-24,1.61787156,26851330.8757442,543804,159401
2018-03-25,1.58785272,23236728.6424709,454187,137632
2018-03-26,1.54056226,25818587.3805233,582295,187477
2018-03-27,1.47972397,26162835.2122636,598612,185428
2018-03-28,1.49995286,23236728.6424709,552755,181035
2018-03-29,1.34902071,26162835.2122636,559619,189556
2018-03-30,1.30076662,27884074.3709651,571020,183947
2018-03-31,1.31875342,22031861.2313799,475498,149294
2018-04-01,1.29804435,28151789.8209148,425276,133901
2018-04-02,1.34269917,27227579.616214,485666,167141
2018-04-03,1.41752889,28449329.9836082,605514,203600
2018-04-04,1.29795987,25656757.7152785,565002,183926
2018-04-05,1.30312944,27227579.616214,534893,181407
2018-04-06,1.26963243,24085935.8143431,631476,169899
2018-04-07,1.32349168,31416438.0187084,502038,155865
2018-04-08,1.34758367,28100258.450067,414992,139770
2018-04-09,1.29733763,25656757.7152785,535496,174115
2018-04-10,1.3143587,28623865.7503788,569509,188256
2018-04-11,1.33919481,28100258.450067,533732,179955
2018-04-12,1.52215846,26878508.0826727,629328,216526
2018-04-13,1.52369622,28798401.5171494,638968,213311
2018-04-14,1.54037773,25934796.2703183,502546,165043
2018-04-15,1.60406337,31109116.9538305,590187,170677
2018-04-16,1.54777167,26910340.4324546,721332,194303
2018-04-17,1.51791712,30918263.4755861,614295,204094
2018-04-18,1.57002305,30536556.5190974,588686,200441
2018-04-19,1.58612722,33971919.1274958,657714,215282
2018-04-20,1.69131108,26146926.5194772,661833,210669
2018-04-21,1.69378446,30345703.0408531,602722,191121
2018-04-22,1.68092587,30536556.5190974,502665,168980
2018-04-23,1.70339486,29200582.1713869,642298,227377
2018-04-24,1.83531084,30345703.0408531,776436,253956
2018-04-25,1.68455575,23474977.8240562,701507,217684
2018-04-26,1.75708104,26910340.4324546,661663,217258
2018-04-27,1.70402847,27882432.4329455,674680,212647
2018-04-28,1.77091583,25592018.8297845,541764,194970
2018-04-29,1.78054751,31590148.2430152,549120,183812
2018-04-30,1.74740041,30990335.3016921,645424,215603
2018-05-01,1.71724649,31590148.2430152,634217,198167
2018-05-02,1.7386519,27991270.5950767,673769,210896
2018-05-03,1.83904816,30190584.7132614,660104,227954
2018-05-04,1.82662477,27591395.3008614,710689,224579
2018-05-05,1.84393794,32189961.1843383,606625,195965
2018-05-06,1.80577797,27391457.6537537,535825,172671
2018-05-07,1.75762436,29990647.0661537,662775,204816
2018-05-08,1.73387152,27791332.9479691,665870,219628
2018-05-09,1.74723256,31990023.5372306,603396,204710
2018-05-10,1.69887071,30790397.6545844,633729,215367
2018-05-11,1.58493865,26155095.4999563,772234,207053
2018-05-12,1.5974431,33988897.1882542,563749,181270
2018-05-13,1.63680889,30487010.8112825,488836,159530
2018-05-14,1.62361239,27191117.7506033,641192,211328
2018-05-15,1.58958164,30075024.1786976,624136,208197
2018-05-16,1.56132079,36872803.6163485,617403,213978
2018-05-17,1.50426871,27191117.7506033,635676,190427
2018-05-18,1.5392871,30487010.8112825,701918,216419
2018-05-19,1.53821787,31722970.7090372,500408,167502
2018-05-20,1.59036292,29663037.5461127,483041,159863
2018-05-21,1.56883389,32340950.6579146,620329,201185
2018-05-22,1.49717102,31104990.7601599,595706,207023
2018-05-23,1.40810171,33370917.2393768,636565,222546
2018-05-24,1.41826534,30032592.1199289,559734,202902
2018-05-25,1.39150485,37681533.9302757,624713,198774
2018-05-26,1.37360478,34684139.1858219,459370,155834
2018-05-27,1.37644815,35112338.4350296,441802,143384
2018-05-28,1.33597351,33399541.4381989,598556,192951
2018-05-29,1.40088628,29759847.8199336,600021,204915
2018-05-30,1.38664652,37253334.681068,596173,204891
2018-05-31,1.40689168,36396936.1826526,620191,206264
2018-06-01,1.41524122,35540537.6842373,683588,201858
2018-06-02,1.43730299,32543142.9397835,524370,175813
2018-06-03,1.44919617,34898238.8104258,542740,167198
2018-06-04,1.40952829,39180231.3025025,694350,205524
2018-06-05,1.43371987,38570079.4652277,655014,214242
2018-06-06,1.44133056,36103754.4868986,653426,207161
2018-06-07,1.44450247,35121339.3988197,635530,207335
2018-06-08,1.43712165,35612546.9428592,640966,197681
2018-06-09,1.42518183,35121339.3988197,503993,176022
2018-06-10,1.27551954,31191679.0465042,527886,178072
2018-06-11,1.29750932,34384528.0827606,586393,213701
2018-06-12,1.23858038,35612546.9428592,662032,216723
2018-06-13,1.20092906,35121339.3988197,660241,212718
2018-06-14,1.2632478,37577377.119017,586144,212115
2018-06-15,1.22097074,37577377.119017,613937,201252
2018-06-16,1.23955794,40770226.1552733,434955,155858
2018-06-17,1.23172728,38559792.2070958,439145,145540
2018-06-18,1.28056779,40279018.6112339,569167,194397
2018-06-19,1.28664559,38748592.0678864,628857,192770
2018-06-20,1.29123078,39122596.1405431,590701,199288
2018-06-21,1.28466547,42908653.8315634,556428,200306
2018-06-22,1.16113556,38112980.756271,616964,202454
2018-06-23,1.18384639,40384615.3708832,473376,159934
2018-06-24,1.17963703,43161057.6776314,465159,160718
2018-06-25,1.19907224,39627403.8326791,618481,202227
2018-06-26,1.17183193,36850961.5259309,601757,189209
2018-06-27,1.19000509,30540865.3742304,591319,189544
2018-06-28,1.13776355,39627403.8326791,566389,195746
2018-06-29,1.20834141,38112980.756271,584573,194630
2018-06-30,1.23851505,35588942.2955908,560237,177709
2018-07-01,1.23860628,37103365.3719989,476547,153443
2018-07-02,1.28633397,36328697.2314513,662310,206702
2018-07-03,1.26579418,30929068.6931176,655359,217338
2018-07-04,1.28137705,35728406.9386013,594400,201935
2018-07-05,1.27324533,36528296.646182,555588,202507
2018-07-06,1.28661278,42660784.4043001,640591,200485
2018-07-07,1.31378163,41594264.7941926,460458,164668
2018-07-08,1.30865599,42127524.5992464,501981,157910
2018-07-09,1.30098801,36261666.7436551,627774,206977
2018-07-10,1.2330456,39727855.4765045,669373,215433
2018-07-11,1.24746562,35995036.8411282,636817,201326
2018-07-12,1.20621817,37594816.2562895,923421,207840
2018-07-13,1.21722522,38128076.0613432,941540,206358
2018-07-14,1.22667095,35461777.0360745,793757,175324
2018-07-15,1.24480827,35461777.0360745,502106,158295
2018-07-16,1.31568081,31995588.3032251,602482,213849
2018-07-17,1.43309368,41051426.467194,681518,232829
2018-07-18,1.44339934,44793365.5190134,762246,233249
2018-07-19,1.46018625,44021066.1135132,626926,225038
2018-07-20,1.43265396,39644702.8156786,653321,226470
2018-07-21,1.44833778,35268339.5178439,511119,186978
2018-07-22,1.44583406,46852830.6003474,459458,167495
2018-07-23,1.50619599,42733900.4376795,716690,229101
2018-07-24,1.63581402,40931868.4915123,717759,259522
2018-07-25,1.59635249,45565664.9245137,771199,248976
2018-07-26,1.5404035,42476467.3025127,641543,230206
2018-07-27,1.58953743,42991333.5728462,721812,232444
2018-07-28,1.59195773,37327804.5991779,545883,181696
2018-07-29,1.59809411,47480188.0482407,494042,172401
2018-07-30,1.5863148,39630250.2088987,638966,231060
2018-07-31,1.50002457,43474975.9754336,696566,243458
2018-08-01,1.47548838,44362220.3830956,698015,238104
2018-08-02,1.46550321,45249464.7907575,622521,222669
2018-08-03,1.44098379,49094190.5572924,694601,232465
2018-08-04,1.36290424,52051671.9161655,547308,192558
2018-08-05,1.36894032,47319701.7419686,495532,171233
2018-08-06,1.35040999,38743005.8012368,651894,219051
2018-08-07,1.31126727,44657968.5189829,710766,236513
2018-08-08,1.22457474,46432457.3343067,634443,229381
2018-08-09,1.28263103,44066472.2472083,636143,224091
2018-08-10,1.20148237,52051671.9161655,656819,224863
2018-08-11,1.23709272,52485702.5441051,523641,192213
2018-08-12,1.237715,49230273.0794214,486939,168546
2018-08-13,1.22859486,47642199.7542788,602328,217348
2018-08-14,1.21462636,43195594.4438794,672592,252662
2018-08-15,1.23272558,51135961.0695926,677460,246292
2018-08-16,1.23701888,50183117.074507,621029,231430
2018-08-17,1.28997856,48277429.0843358,650774,235627
2018-08-18,1.25820087,50818346.404564,498238,189867
2018-08-19,1.27574994,46054126.4291361,502449,160808
2018-08-20,1.23354388,47642199.7542788,639365,219696
2018-08-21,1.27272294,47006970.4242217,589991,219552
2018-08-22,1.25162869,50818346.404564,622189,224396
2018-08-23,1.28108729,47324585.0892502,574017,217634
2018-08-24,1.31632801,47295605.0753526,633016,221813
2018-08-25,1.32478942,45145645.9144945,540988,194213
2018-08-26,1.31333891,57853309.2089448,495145,170466
2018-08-27,1.34163355,61866255.5124554,675295,227920
2018-08-28,1.38993223,51165065.3697604,676219,236793
2018-08-29,1.37670606,46483294.6823314,643056,235130
2018-08-30,1.36359134,51499477.5617197,626114,233686
2018-08-31,1.37493819,51833889.7536789,658225,238587
2018-09-01,1.40711254,50496240.985842,556577,211324
2018-09-02,1.42507788,48155355.6421275,491997,184405
2018-09-03,1.41924297,48155355.6421275,616107,224964
2018-09-04,1.43842941,42135936.1868616,646393,239053
2018-09-05,1.32907873,44142409.3386169,644928,239620
2018-09-06,1.27139307,50161828.7938828,659910,251946
2018-09-07,1.25683206,52746513.6394839,694327,230315
2018-09-08,1.21428401,52338942.9548858,541935,204695
2018-09-09,1.22689803,56874984.6776426,506971,189529
2018-09-10,1.23657997,47105048.6593973,620579,222834
2018-09-11,1.23448848,49198606.3775927,642145,235440
2018-09-12,1.24485106,58619616.1094721,602958,234777
2018-09-13,1.27856168,51641090.382154,618775,238597
2018-09-14,1.27941999,46058269.8002995,615099,222661
2018-09-15,1.28532707,48849680.0912268,547938,207837
2018-09-16,1.28016559,48500753.8048609,479019,183118
2018-09-17,1.23381568,47105048.6593973,616149,234503
2018-09-18,1.25024052,49547532.6639586,640750,243846
2018-09-19,1.25910583,54432500.6730812,638350,254819
2018-09-20,1.28206545,53860675.976615,628755,256241
2018-09-21,1.3314931,51200543.8778614,713347,271751
2018-09-22,1.32462421,55111696.535198,550844,219158
2018-09-23,1.32411544,53333899.8727723,524121,207166
2018-09-24,1.29944603,52622781.207802,601707,232771
2018-09-25,1.26947306,60089527.1899902,653042,252662
2018-09-26,1.27892467,49422747.2154357,624467,244200
2018-09-27,1.3210537,50844984.5453763,642476,251227
2018-09-28,1.31014502,54756137.2027129,654875,248966
2018-09-29,1.30289231,54045018.5377426,564628,222847
2018-09-30,1.3069717,57956171.1950792,514766,202606
2018-10-01,1.29942083,56178374.5326535,688212,246557
2018-10-02,1.28953035,48711628.5504654,660448,240379
2018-10-03,1.2814305,51556103.2103466,695230,243276
2018-10-04,1.29764795,54987108.4738221,653916,248357
2018-10-05,1.30556584,48176505.2061282,686857,241297
2018-10-06,1.298913,46323562.6982002,569596,211031
2018-10-07,1.30175802,52623567.2251554,618542,227911
2018-10-08,1.30960738,50029447.7140562,643328,248404
2018-10-09,1.30696334,48176505.2061282,604271,227800
2018-10-10,1.29493068,53364744.2283266,651334,248451
2018-10-11,1.22741162,58923571.7521107,689144,262974
2018-10-12,1.23438108,48917682.2092994,699176,241875
2018-10-13,1.23595286,52252978.7235698,553344,203529
2018-10-14,1.23348719,42247089.1807586,522288,189268
2018-10-15,1.28526524,60035337.2568675,711826,275017
2018-10-16,1.28989252,50029447.7140562,674140,253557
2018-10-17,1.28666145,51141213.218813,662174,255908
2018-10-18,1.27802221,50884200.6681646,673350,261959
2018-10-19,1.2749913,50702736.5834671,684662,251721
2018-10-20,1.28642152,51059798.1087028,583046,225898
2018-10-21,1.28793139,49274490.4825244,540049,204835
2018-10-22,1.28689576,55344536.411531,687801,258515
2018-10-23,1.28492912,54987474.8862954,688951,259288
2018-10-24,1.2887609,40347952.3516322,630269,249113
2018-10-25,1.28694965,48917428.9572887,664579,258172
2018-10-26,1.28863398,51059798.1087028,681997,252435
2018-10-27,1.28980748,48560367.432053,578121,234281
2018-10-28,1.28937475,49988613.5329958,547630,215502
2018-10-29,1.26107732,52130982.6844099,708860,268291
2018-10-30,1.26329155,54987474.8862954,697640,287764
2018-10-31,1.27073654,58201028.6134165,694833,283381
2018-11-01,1.27883905,54989095.6997791,702856,287126
2018-11-02,1.27995054,51070835.0767113,764821,290925
2018-11-03,1.276901,57499331.799654,635423,247512
2018-11-04,1.29459494,43928060.9401084,619152,227689
2018-11-05,1.29123581,51427973.7835415,709024,295977
2018-11-06,1.2989943,45713754.4742591,698165,287608
2018-11-07,1.31084446,46428031.8879194,708634,296293
2018-11-08,1.29195817,43213783.5264481,702459,276879
2018-11-09,1.2768824,45356615.767429,696353,283042
2018-11-10,1.28133653,46785170.5947495,583550,247175
2018-11-11,1.27781403,52142251.1972018,601176,252172
2018-11-12,1.27501457,49999418.9562209,680949,298929
2018-11-13,1.26499475,42856644.8196179,637890,273801
2018-11-14,1.12750028,48213725.4220701,734241,298332
2018-11-15,1.12835655,45356615.767429,709708,291290
2018-11-16,1.12138354,44814668.5643965,704543,281416
2018-11-17,1.12295891,47956936.4976081,587644,261511
2018-11-18,1.13432294,40680711.6496951,543353,238029
2018-11-19,0.98256686,41672924.128956,680899,269543
2018-11-20,0.89259762,43657349.0874777,769611,289046
2018-11-21,0.94205218,34727436.77413,620393,256543
2018-11-22,0.89310508,40349974.1566082,653846,264718
2018-11-23,0.89181194,41342186.635869,624434,273038
2018-11-24,0.79317203,47295461.5114342,578522,251955
2018-11-25,0.82453777,42003661.622043,577253,241502
2018-11-26,0.77562836,36711861.7326517,628614,255328
2018-11-27,0.7940544,43326611.5943908,627815,262477
2018-11-28,0.88549955,39027024.1842604,630438,262267
2018-11-29,0.89130855,34727436.77413,612685,245371
2018-11-30,0.8373706,33404486.8017821,597612,248304
2018-12-01,0.8734641,41011449.1427821,579421,242745
2018-12-02,0.86368527,37704074.2119126,502649,221524
2018-12-03,0.80763958,34851039.8061178,586010,241785
2018-12-04,0.81335924,38734427.5898648,671416,268150
2018-12-05,0.78473772,36488953.5266842,609238,256736
2018-12-06,0.74841821,37892374.8161721,655016,280512
2018-12-07,0.72100902,31998005.4003231,658859,256146
2018-12-08,0.72908961,35646900.7529915,531426,231269
2018-12-09,0.75773343,35927585.0108891,518114,237071
2018-12-10,0.73200608,34804847.9792988,600210,253368
2018-12-11,0.7222971,35085532.2371964,635401,255759
2018-12-12,0.73845418,33682110.9477085,616176,258638
2018-12-13,0.7044642,36769637.7845818,638713,266702
2018-12-14,0.69277432,40979901.6530454,701381,278774
2018-12-15,0.69048064,41821954.4267381,594065,263117
2018-12-16,0.69338644,32278689.6582207,539434,225399
2018-12-17,0.75972613,44909481.2636114,682984,296295
2018-12-18,0.79650093,35632316.4387212,656410,269609
2018-12-19,0.80573894,37822407.4037366,701481,302963
2018-12-20,0.88611656,34268624.1577479,641537,282826
2018-12-21,0.8376707,35537832.4598867,656212,280679
2018-12-22,0.86519497,44422290.5748584,551516,251236
2018-12-23,0.86090691,44676132.2352862,520086,249032
2018-12-24,0.88260111,38583932.3850198,583425,278193
2018-12-25,0.82260882,40360824.0080142,481186,259581
2018-12-26,0.83308567,39853140.6871587,536230,281142
2018-12-27,0.78552581,44168448.9144307,624625,302098
2018-12-28,0.85252346,42391557.2914363,644439,312462
2018-12-29,0.84031284,35030149.1390311,572182,265401
2018-12-30,0.8415034,44676132.2352862,514111,259817
2018-12-31,0.81213582,40567549.5659183,557851,262001
2019-01-01,0.8391035,41615985.2733756,433715,235813
2019-01-02,0.85907301,42174589.1025484,578607,271103
2019-01-03,0.83487141,43291796.7608941,598436,287081
2019-01-04,0.8447265,41615985.2733756,580495,283490
2019-01-05,0.83856669,45526212.0775854,519070,269637
2019-01-06,0.89346662,39381569.9566843,498140,251485
2019-01-07,0.8841578,39381569.9566843,613474,288254
2019-01-08,0.88278743,47202023.5651039,607366,317666
2019-01-09,0.88542141,45805513.9921718,619701,320698
2019-01-10,0.80976747,43571098.6754805,634499,322365
2019-01-11,0.80976244,41336683.3587892,623617,308638
2019-01-12,0.80855945,38543664.212925,521168,288972
2019-01-13,0.784834,38264362.2983386,477843,273864
2019-01-14,0.82050798,43489353.9009638,604549,328198
2019-01-15,0.80090242,38609293.9848548,621686,303591
2019-01-16,0.80691139,38901788.6362552,639811,300170
2019-01-17,0.81482992,37146820.7278527,619396,301704
2019-01-18,0.80838072,40364261.8932572,606378,301071
2019-01-19,0.82616434,38901788.6362552,519467,278030
2019-01-20,0.79319975,45921660.2698651,518578,298153
2019-01-21,0.79297133,43874197.7100622,604061,317864
2019-01-22,0.80398567,38024304.6820539,594573,293737
2019-01-23,0.79874618,42704219.1044605,685141,294680
2019-01-24,0.80256605,47384133.5268671,619376,304938
2019-01-25,0.80172488,40364261.8932572,629078,301170
2019-01-26,0.8011809,43874197.7100622,585285,291468
2019-01-27,0.79718191,40071767.2418568,487233,269916
2019-01-28,0.77522856,42053315.6218028,650793,314000
2019-01-29,0.76708054,42201068.2451955,607365,322797
2019-01-30,0.77747695,39310584.1188122,622377,326328
2019-01-31,0.77173662,44802503.9589404,632855,355308
2019-02-01,0.78014383,45669649.1968553,654356,336300
2019-02-02,0.78422167,41622971.4199188,560738,326634
2019-02-03,0.77343528,39888680.9440889,518121,296555
2019-02-04,0.77384742,42490116.6578338,610696,333136
2019-02-05,0.77765737,42490116.6578338,645414,355590
2019-02-06,0.76510945,47403939.6726853,686774,349372
2019-02-07,0.76378864,50294423.7990685,645404,348678
2019-02-08,0.8216013,47114891.260047,691966,338602
2019-02-09,0.82367897,43357261.8957488,561955,311894
2019-02-10,0.8284814,41080343.9102215,501124,300848
2019-02-11,0.81717159,43691361.6410391,709903,306149
2019-02-12,0.81707553,38568926.1382966,809914,280287
2019-02-13,0.81622357,46101919.5246827,758224,351610
2019-02-14,0.81324408,42486082.6992174,617275,355246
2019-02-15,0.81432592,38267606.4028412,621340,293872
2019-02-16,0.81951471,45197960.3183164,587666,328238
2019-02-17,0.82849268,47909837.9374153,526787,333183
2019-02-18,0.88420768,46704558.9955936,693311,340577
2019-02-19,0.89133025,47005878.731049,713530,350653
2019-02-20,0.89885411,39171565.6092075,690103,314347
2019-02-21,0.89047082,35857048.5191977,643083,294962
2019-02-22,0.90331002,48813797.1437817,728261,348456
2019-02-23,0.94072884,43088722.1701283,581866,332241
2019-02-24,0.8599356,41300825.1419887,558515,319278
2019-02-25,0.87606044,43162133.9136362,679440,336764
2019-02-26,0.87035678,48595129.7908771,702086,366379
2019-02-27,0.8713884,42558467.7050539,668278,346851
2019-02-28,0.87032071,45274965.6436743,688385,363432
2019-03-01,0.87459349,48896962.8951683,727984,358837
2019-03-02,0.87461492,39841969.7664334,616539,333961
2019-03-03,0.86848471,44067633.2265097,553981,355233
2019-03-04,0.85007558,41351135.2878892,687289,298916
2019-03-05,0.88264283,44973132.5393832,701551,286974
2019-03-06,0.88556451,38634637.3492687,734311,276931
2019-03-07,0.88659022,42860300.809345,689254,284201
2019-03-08,0.88315552,44067633.2265097,698786,281209
2019-03-09,0.89955742,41652968.3921804,604793,242010
2019-03-10,0.89825462,41044308.6239489,525757,213175
2019-03-11,0.88665284,42839445.3543402,749756,295205
2019-03-12,0.88880804,43141131.5892299,696573,283351
2019-03-13,0.88736975,40727641.7101121,720085,289611
2019-03-14,0.88808394,46761366.4079065,735928,296141
2019-03-15,0.89930632,46157993.938127,715166,296890
2019-03-16,0.92006352,49174856.2870242,602121,257699
2019-03-17,0.91484274,44046190.293899,548345,229399
2019-03-18,0.91560369,48571483.8172448,720573,295707
2019-03-19,0.92168535,52493404.8708111,739893,299996
2019-03-20,0.92967286,48571483.8172448,745772,309808
2019-03-21,0.91748018,43141131.5892299,705159,299110
2019-03-22,0.9194745,48571483.8172448,726789,300913
2019-03-23,0.91913227,43744504.0590093,566705,243553
2019-03-24,0.91670464,47567250.8442935,569884,225704
2019-03-25,0.90273487,46933020.8330363,715056,331828
2019-03-26,0.90526912,42493410.7542356,688572,364225
2019-03-27,0.93039612,47250135.8386649,778566,382838
2019-03-28,0.92674903,46298790.821779,765998,391284
2019-03-29,0.94438915,46615905.8274077,759323,372063
2019-03-30,0.944965,44078985.7823787,683748,380746
2019-03-31,0.94641855,44078985.7823787,623888,380878
2019-04-01,0.95655086,43127640.7654928,697929,368694
2019-04-02,1.12892016,49787055.8836939,879271,399631
2019-04-03,1.14051964,45030330.7992646,856707,359553
2019-04-04,1.12838804,44396100.7880073,802957,355050
2019-04-05,1.15614507,50104170.8893225,873077,389172
2019-04-06,1.15841744,44084457.1991955,677458,358555
2019-04-07,1.19121228,44809649.5150318,623548,350634
2019-04-08,1.21179209,47034242.0441469,778923,371209
2019-04-09,1.19099798,41949459.1204553,776284,346875
2019-04-10,1.21651316,47034242.0441469,773468,396407
2019-04-11,1.15695368,49894432.4387234,813510,402681
2019-04-12,1.16368455,47987638.842339,763723,370652
2019-04-13,1.16156591,42902855.9186475,602847,372612
2019-04-14,1.18135304,38771469.7931481,596510,337631
2019-04-15,1.15555322,46080845.2459547,767910,378373
2019-04-16,1.19224124,46080845.2459547,777026,360057
2019-04-17,1.1961381,43856252.7168397,734917,350486
2019-04-18,1.20765693,47352040.9768776,739768,383772
2019-04-19,1.20719787,48305437.7750698,798377,361175
2019-04-20,1.21246475,41631660.1877246,689643,316867
2019-04-21,1.20835451,51189192.6714095,673424,391493
2019-04-22,1.22794551,42318655.5416624,646342,343644
2019-04-23,1.2632969,36634060.0211406,714325,308585
2019-04-24,1.238908,51477170.5469476,875920,408325
2019-04-25,1.17030753,45160953.3019233,751975,381671
2019-04-26,1.17673094,47687440.199933,761966,382165
2019-04-27,1.18413668,43266088.128416,619281,360931
2019-04-28,1.17650667,51477170.5469476,574359,370571
2019-04-29,1.17708337,51477170.5469476,807672,375559
2019-04-30,1.20333737,44213520.7151697,839425,343390
2019-05-01,1.21799733,54003657.4449573,760187,441332
2019-05-02,1.23567987,58109198.654223,787748,453346
2019-05-03,1.2951638,48003251.0621842,803354,380134
2019-05-04,1.32099457,43092854.4112328,658798,355688
2019-05-05,1.30956777,42978500.6950409,613917,329799
2019-05-06,1.29939268,50308167.4802416,776590,379526
2019-05-07,1.32870246,42312167.3509317,754405,331131
2019-05-08,1.35126305,50641334.1522962,839633,392431
2019-05-09,1.39928506,49975000.808187,831454,362109
2019-05-10,1.44472955,41645834.0068226,775704,322692
2019-05-11,1.6543368,43311667.3670955,773667,342753
2019-05-12,1.56569495,52640334.1846237,819732,335831
2019-05-13,1.74753483,55638834.2331149,882729,395478
2019-05-14,1.77133721,50641334.1522962,896277,365699
2019-05-15,1.81667469,49641834.1361325,879106,367621
2019-05-16,1.72799889,48642334.1199687,882945,376258
2019-05-17,1.61073752,50308167.4802416,903650,360950
2019-05-18,1.59950822,50987355.5821806,845558,356335
2019-05-19,1.80201739,54326123.0260991,750954,349207
2019-05-20,1.74723194,53659544.8294598,836865,382185
2019-05-21,1.74497388,50993232.0429028,888770,381653
2019-05-22,1.67542929,55659279.4193776,862194,394258
2019-05-23,1.72268374,52659677.5345009,825753,386213
2019-05-24,1.73899884,50993232.0429028,862849,375098
2019-05-25,1.75307893,46660473.7647477,701431,336585
2019-05-26,1.89396436,54992701.2227383,670124,378005
2019-05-27,1.90714924,55659279.4193776,884928,397195
2019-05-28,1.88105961,54659412.1244187,944118,387999
2019-05-29,1.84071984,57992303.107615,887870,405506
2019-05-30,1.75787076,53851726.7142329,862822,380276
2019-05-31,1.81476063,43386260.5763855,766989,297215
2019-06-01,1.81246057,55994233.7353351,850116,332532
2019-06-02,1.8504971,48577778.935953,690143,296672
2019-06-03,1.72701182,44127906.0563237,727530,298454
2019-06-04,1.62636908,57106701.9552424,911280,375104
2019-06-05,1.65612566,59331638.395057,874396,372790
2019-06-06,1.651342,58219170.1751497,812486,364084
2019-06-07,1.70183629,58589992.9151188,864227,350679
2019-06-08,1.6835165,45982019.7561692,617675,289229
2019-06-09,1.61842434,54510942.7754586,580387,303848
2019-06-10,1.69111483,58219170.1751497,809202,353081
2019-06-11,1.67511723,53027651.8155822,835542,342338
2019-06-12,1.72008481,48577778.935953,795814,327686
2019-06-13,1.73649236,55994233.7353351,892695,364181
2019-06-14,1.82901577,62251625.6357354,1041358,366631
2019-06-15,1.85878621,53775192.2320143,860753,328798
2019-06-16,1.88896018,47882020.4805607,689588,290875
2019-06-17,1.9511578,48986990.1839583,805931,324974
2019-06-18,1.88755922,60036687.2179338,950212,395670
2019-06-19,1.93150882,65193212.5004558,892254,393499
2019-06-20,1.98086596,53038545.7630826,839162,335359
2019-06-21,2.08422475,48986990.1839583,842659,340137
2019-06-22,2.19688103,51933576.0596851,848072,348735
2019-06-23,2.2136737,66666505.4383192,875010,379617
2019-06-24,2.24706654,65193212.5004558,978017,389565
2019-06-25,2.37982686,53775192.2320143,911584,362627
2019-06-26,2.57176389,60773333.6868655,1035885,400110
2019-06-27,2.21524309,55670540.6800857,891448,361594
2019-06-28,2.44168454,64293187.5738047,1008973,402045
2019-06-29,2.35329242,68631991.6432025,846946,359234
2019-06-30,2.13021037,59954383.5044069,675915,331336
2019-07-01,2.07558255,56404452.9021723,836709,334925
2019-07-02,2.11000412,62321003.9058966,894242,372380
2019-07-03,2.33157806,67843118.1760393,883931,397650
2019-07-04,2.17425127,65870934.5081312,814107,367092
2019-07-05,2.13840364,74548542.6469268,837154,383936
2019-07-06,2.17712562,70209738.577529,654703,343762
2019-07-07,2.22256119,60348820.2379885,614084,317421
2019-07-08,2.37905472,70209738.577529,834590,382393
2019-07-09,2.41917807,66020895.9353463,815561,360758
2019-07-10,2.31328701,58125055.93338185,802293,319829
2019-07-11,2.15704038,58125055.93338185,778056,324853
2019-07-12,2.24857787,73895419.94631507,899488,358858
2019-07-13,2.15890911,63532037.880673245,645726,304776
2019-07-14,1.95875859,65334365.19643704,592612,303453
2019-07-15,2.07837284,65784947.02537798,757007,349052
2019-07-16,1.80452153,72994256.28843316,794106,363942
2019-07-17,1.84011447,59927383.24914565,739298,325893
2019-07-18,2.02312657,54520401.30185428,740918,316059
2019-07-19,1.9920017,53168655.81503144,732618,295703
2019-07-20,2.0519756,79752983.72254743,702633,316713
2019-07-21,1.99813946,67136692.51220085,558672,290166
2019-07-22,1.94697902,71191928.97266938,708667,319856
2019-07-23,1.86302934,64200324.93722811,702928,318384
2019-07-24,1.84274782,62282811.34553916,733358,297882
2019-07-25,1.86177246,67211666.91964662,764542,332671
2019-07-26,1.84937883,74380911.39107564,750605,321796
2019-07-27,1.7764295,68107822.47857523,587410,285151
2019-07-28,1.79184692,78413611.40625447,521206,270123
2019-07-29,1.75506806,75277066.95000428,738306,336634
2019-07-30,1.76975529,63627044.68393211,737831,325262
2019-07-31,1.85482085,76621300.28839722,786236,365194
2019-08-01,1.91516898,63627044.68393211,752575,333913
2019-08-02,1.93668955,75725144.72946858,775949,351743
2019-08-03,1.98633631,77517455.84732585,612854,321871
2019-08-04,2.0166431,74828989.17053996,583300,298741
2019-08-05,2.15209305,70546861.81990622,807955,339296
2019-08-06,2.07763358,79916269.03403816,850550,371039
2019-08-07,2.16935722,75945274.29942758,819832,370946
2019-08-08,2.15713659,70485156.53933802,815367,337539
2019-08-09,2.13982687,72967028.24846964,749568,340632
2019-08-10,2.03923311,74952525.61577493,596821,296009
2019-08-11,2.07768124,75945274.29942758,550565,273676
2019-08-12,2.04944243,66017787.46290111,660039,303296
2019-08-13,1.95417056,77930771.66673285,873566,372239
2019-08-14,1.8019476,75448899.95760125,750768,360140
2019-08-15,1.85280853,77930771.66673285,701215,347508
2019-08-16,1.86332594,72967028.24846964,706459,329465
2019-08-17,1.83353888,63535915.753769495,565674,288730
2019-08-18,1.85527013,62789407.41868819,526730,272544
2019-08-19,1.95283046,82514504.79037575,711022,333840
2019-08-20,1.92992501,77452265.23268399,743636,329880
2019-08-21,1.80967076,68846457.984608,784357,310110
2019-08-22,1.81392145,71377577.76345386,808723,321501
2019-08-23,1.85888092,77452265.23268399,791057,341649
2019-08-24,1.81099778,80995832.92306823,700721,302706
2019-08-25,1.8021966,78464713.14422233,513916,288354
2019-08-26,1.8474094,69352681.94037716,759470,320470
2019-08-27,1.81156248,68340234.02883881,726784,324695
2019-08-28,1.73309226,76439817.32114564,705437,339895
2019-08-29,1.69107373,83526952.7019141,735396,346467
2019-08-30,1.70811556,80995832.92306823,734849,353926
2019-08-31,1.71310224,84033176.65768328,596235,334787
2019-09-01,1.7403943,76105398.3346369,574358,286147
2019-09-02,1.84745992,79786349.93155265,728155,332061
2019-09-03,1.88765943,87818532.81056806,799532,370996
2019-09-04,1.87870879,72825124.76973927,750620,324650
2019-09-05,1.8773914,88354011.66916907,744004,354399
2019-09-06,1.81873604,84605659.65896188,775304,361399
2019-09-07,1.84632204,80321828.79015365,617013,313050
2019-09-08,1.83013043,94779757.97238144,567664,288498
2019-09-09,1.81652807,78179913.35574953,769573,316630
2019-09-10,1.77328813,97457152.26538657,807975,338913
2019-09-11,1.77786135,98528109.9825886,783950,335304
2019-09-12,1.82231036,84605659.65896188,757805,339021
2019-09-13,1.81108514,81990003.47587636,759154,304604
2019-09-14,1.813611,91618125.62606,652357,305924
2019-09-15,1.80307986,86889448.17439239,554317,269747
2019-09-16,1.79436332,96346803.07772762,779631,349425
2019-09-17,1.78283665,87480532.85585083,777701,344330
2019-09-18,1.77473473,102848734.57377055,855706,360321
2019-09-19,1.79282081,87480532.85585083,733322,347535
2019-09-20,1.77523927,89253786.90022619,742828,346533
2019-09-21,1.74318445,98120057.12210296,625288,327703
2019-09-22,1.7535283,98120057.12210296,606415,320368
2019-09-23,1.69241697,67383653.68626347,735518,291156
2019-09-24,1.5076985,92800294.9889769,840208,354704
2019-09-25,1.47778949,92209210.30751844,783948,344325
2019-09-26,1.42454001,102371761.97619784,739854,351788
2019-09-27,1.44132571,83726816.31844728,714047,307940
2019-09-28,1.44491153,100852756.01994784,619808,314444
2019-09-29,1.42120643,86263992.57052143,564381,288605
2019-09-30,1.45994759,82458228.1924102,750859,310433
2019-10-01,1.46687818,90704051.0116512,750562,331458
2019-10-02,1.47560342,93875521.32674389,717573,329482
2019-10-03,1.45721375,93241227.26372536,708956,327406
2019-10-04,1.44209083,93241227.26372536,712900,336945
2019-10-05,1.43793767,100218461.9569293,636638,327164
2019-10-06,1.38789488,94509815.38976245,555377,271853
2019-10-07,1.45350223,98315579.76787366,734959,329430
2019-10-08,1.44711351,102755638.20900343,715311,332738
2019-10-09,1.5187746,87532580.6965585,701690,313118
2019-10-10,1.51523934,103742972.6980896,743456,349406
2019-10-11,1.4650268,100875176.08460964,726820,346995
2019-10-12,1.47085893,86002553.969571,578474,294174
2019-10-13,1.46532541,91822275.66676004,555407,286586
2019-10-14,1.46837588,87295825.4578352,694167,304204
2019-10-15,1.43701211,98935268.85221332,712296,343443
2019-10-16,1.41022441,92468911.41089214,733220,333799
2019-10-17,1.42275851,96995361.61981696,730671,335681
2019-10-18,1.40337963,103461719.06113812,673650,336621
2019-10-19,1.40147566,91822275.66676004,643714,309836
2019-10-20,1.4480022,94408818.6432885,546144,281555
2019-10-21,1.44819078,102815083.317006,749935,356016
2019-10-22,1.41660892,109281440.7583272,732596,343436
2019-10-23,1.31849373,109314233.41859664,736263,342228
2019-10-24,1.32043974,90520752.85884188,719988,308626
2019-10-25,1.53033296,93923788.68060283,786680,329616
2019-10-26,1.63052996,95285003.00930724,761194,303527
2019-10-27,1.68313273,78269823.90050235,598714,259835
2019-10-28,1.63844571,91201360.02319407,753434,305938
2019-10-29,1.65571824,90520752.85884188,728736,309538
2019-10-30,1.61181743,91201360.02319407,711325,308902
2019-10-31,1.60646394,89840145.69448967,721957,300632
2019-11-01,1.62077063,88478931.36578529,790414,315875
2019-11-02,1.62876338,91201360.02319407,634816,284358
2019-11-03,1.61294847,93923788.68060283,610943,288785
2019-11-04,1.64848919,89840145.69448967,757129,310329
2019-11-05,1.63757092,98007431.66671602,782184,335704
2019-11-06,1.64148312,89840145.69448967,831199,310101
2019-11-07,1.61571232,91495629.00498705,799136,331125
2019-11-08,1.54350145,80936306.11613324,728522,312840
2019-11-09,1.54712396,91053344.3806499,709807,296119
2019-11-10,1.58742033,104964271.99436028,594556,305653
2019-11-11,1.52978275,95479548.62137592,704180,327772
2019-11-12,1.5426696,85362510.35685928,682025,301363
2019-11-13,1.5361222,85362510.35685928,746140,316690
2019-11-14,1.51523438,106861216.66895716,746968,346544
2019-11-15,1.48420069,99905752.862102,779428,328438
2019-11-16,1.48640991,93582603.94677904,666406,280324
2019-11-17,1.4912036,97376493.2959728,598140,267492
2019-11-18,1.43585132,88524084.81452073,696269,306782
2019-11-19,1.42462588,92950289.05524676,823018,325197
2019-11-20,1.41836156,89788714.59758532,702168,320826
2019-11-21,1.33896278,87206195.79641934,803455,326131
2019-11-22,1.28344958,85127203.65307556,790198,303688
2019-11-23,1.29339001,111568229.0301672,681817,312324
2019-11-24,1.22636138,84482300.59509772,557217,264419
2019-11-25,1.26222308,80612882.24723066,678695,283328
2019-11-26,1.26841696,78678173.07329711,784964,319461
2019-11-27,1.33297166,89641525.05892047,812540,312560
2019-11-28,1.31736129,105119198.45038874,716192,316000
2019-11-29,1.37249236,87706815.88498695,730014,305085
2019-11-30,1.33947241,81257785.3052085,683831,284912
2019-12-01,1.31531292,89641525.05892047,593329,268135
2019-12-02,1.29871273,93510943.40678756,749060,318601
2019-12-03,1.29767248,101894683.16049951,744688,333969
2019-12-04,1.28246605,107698810.68230017,749562,332204
2019-12-05,1.31656246,93362398.66941904,746859,319133
2019-12-06,1.34019312,92816137.37716064,748047,311069
2019-12-07,1.33632666,99217250.29972345,642350,282629
2019-12-08,1.33937263,94736471.25392948,587017,278763
2019-12-09,1.30638835,94736471.25392948,803439,316995
2019-12-10,1.28784015,94736471.25392948,803226,321466
2019-12-11,1.28292787,84494690.57782899,771631,288155
2019-12-12,1.28218893,85134801.87008528,722853,310072
2019-12-13,1.29164777,97296916.4229546,746512,329512
2019-12-14,1.26106197,96656805.13069834,623464,291279
2019-12-15,1.26826677,79373800.23977876,657604,258366
2019-12-16,1.22841184,100497472.884236,777556,330126
2019-12-17,1.18120445,90255692.20813552,875713,314849
2019-12-18,1.30300236,85774913.16234156,751472,318200
2019-12-19,1.27839546,100640144.00517271,725702,319162
2019-12-20,1.28507153,100413778.96363248,708265,332107
2019-12-21,1.27731542,113287340.36922646,610208,305042
2019-12-22,1.33772206,108781593.87726855,589250,282133
2019-12-23,1.30974111,92045964.0499964,727796,313917
2019-12-24,1.29430833,80459758.78496182,649535,283750
2019-12-25,1.28852354,82390792.9958009,537049,241535
2019-12-26,1.28945009,107494237.73670918,653003,302825
2019-12-27,1.29743017,93333320.1905558,721861,325259
2019-12-28,1.30991222,95908032.4716746,611206,291276
2019-12-29,1.32663778,99770100.89335278,589993,281440
2019-12-30,1.29751611,106850559.66642946,735877,326626
2019-12-31,1.28681852,93333320.1905558,657164,289968
2020-01-01,1.28743526,112929774.50430363,524360,251867
2020-01-02,1.24755453,96717718.31238092,671016,291935
2020-01-03,1.31328518,115924073.72193182,721747,323153
2020-01-04,1.31850725,115238132.457305,611397,282301
2020-01-05,1.31891454,111808426.13417092,597061,288212
2020-01-06,1.39343235,92602070.72462,724219,297843
2020-01-07,1.45871525,120725662.57431954,775757,347212
2020-01-08,1.44434936,97403659.57700774,754553,318633
2020-01-09,1.40023893,107692778.54641,773570,322838
2020-01-10,1.45520178,102205248.42939548,792103,332463
2020-01-11,1.43755242,111808426.13417092,640445,303555
2020-01-12,1.46084233,103577130.9586491,581504,278853
2020-01-13,1.45276596,98089600.84163456,705443,299786
2020-01-14,1.57463765,99850250.9686384,850757,346978
2020-01-15,1.56868373,110915119.3661842,759192,328833
2020-01-16,1.55078627,116791417.08094886,739283,326587
2020-01-17,1.58368313,116791417.08094886,756728,323884
2020-01-18,1.58583813,96958912.29361787,649187,290970
2020-01-19,1.54314165,110180582.1518386,622774,282105
2020-01-20,1.53413892,111649656.58052978,741539,312967
2020-01-21,1.5503965,112384193.79487535,756250,311835
2020-01-22,1.53544323,114587805.43791208,771727,326380
2020-01-23,1.48547764,116791417.08094886,789764,337280
2020-01-24,1.49494018,111649656.58052978,720051,311823
2020-01-25,1.4807681,120464103.15267676,665971,283292
2020-01-26,1.52095733,105038821.65141945,544915,256739
2020-01-27,1.5779271,94755300.65058112,726725,285400
2020-01-28,1.64585254,107492950.68599442,812560,339784
2020-01-29,1.64528656,123011831.71279211,767507,340075
2020-01-30,1.67702648,119936535.91997232,765495,332584
2020-01-31,1.64732688,110710648.541513,762130,329369
2020-02-01,1.650978,116092416.17894764,743933,304884
2020-02-02,1.64356756,109941824.59330806,706042,292383
2020-02-03,1.6319591,113785944.3343328,879860,336226
2020-02-04,1.61069803,101484761.16305356,764885,307816
2020-02-05,1.69086813,122243007.76458718,823713,363153
2020-02-06,1.70571675,103791233.00766842,765225,321928
2020-02-07,1.7097118,106866528.80048823,865396,333319
2020-02-08,1.72664271,106866528.80048823,709380,315526
2020-02-09,1.76640757,117630064.07535753,695691,318974
2020-02-10,1.71346985,93796521.681004,703356,295461
2020-02-11,1.7792319,114210895.7545908,885934,361869
2020-02-12,1.79208365,109742275.1892226,822547,350973
2020-02-13,1.76851563,108969442.26535484,815808,336765
2020-02-14,1.7883096,104332444.72214828,741471,329123
2020-02-15,1.71075719,109742275.1892226,736640,316931
2020-02-16,1.71695434,109742275.1892226,655188,299527
2020-02-17,1.67061779,121334769.04723918,773751,337935
2020-02-18,1.75425426,115924938.5801648,783570,327054
2020-02-19,1.65794069,108969442.26535484,792783,340104
2020-02-20,1.65435215,97376948.40733844,766448,311982
2020-02-21,1.66881312,119016270.27563588,768521,341390
2020-02-22,1.66379813,114379272.73242924,660812,300166
2020-02-23,1.71384131,109742275.1892226,622397,289114
2020-02-24,1.65765413,108969442.26535484,758122,328045
2020-02-25,1.60369037,111005384.3400511,743278,339313
2020-02-26,1.51151916,104700775.42728595,778003,328537
2020-02-27,1.50901158,113169220.49861053,777389,338194
2020-02-28,1.50435395,121637665.56993525,778213,361653
2020-02-29,1.47581569,107010351.35582905,679597,309086
2020-03-01,1.46928146,136264979.78404152,674209,312717
2020-03-02,1.53109223,114708937.78430596,829550,341655
2020-03-03,1.50704354,117788372.35569674,840712,346828
2020-03-04,1.50859699,128566393.35556456,857423,350503
2020-03-05,1.56090164,125486958.78417374,793221,350421
2020-03-06,1.57478419,119328089.64139213,804945,338758
2020-03-07,1.53210003,120867806.92708752,682432,313782
2020-03-08,1.39731984,121637665.56993525,654911,304534
2020-03-09,1.36296685,120142063.4511651,809850,347351
2020-03-10,1.3667676,108616241.39191228,807778,329508
2020-03-11,1.37532279,97919187.31543608,728889,290284
2020-03-12,0.87746909,124250397.34983888,909601,346057
2020-03-13,1.00230839,102856289.19688664,786409,279662
2020-03-14,0.91943052,105324840.13761193,772769,276029
2020-03-15,0.9586443,97919187.31543608,629326,224876
2020-03-16,0.9005596,97919187.31543608,725120,269587
2020-03-17,0.97465625,101210588.56973644,765477,279277
2020-03-18,0.97098752,82285031.35750929,633373,233212
2020-03-19,1.11612479,88044983.55253497,709786,265543
2020-03-20,1.11275432,89690684.17968515,734614,282852
2020-03-21,1.11317824,102033438.88331154,637554,238359
2020-03-22,1.05120625,104501989.82403682,579901,215499
2020-03-23,1.16908967,92159235.12041044,667486,256978
2020-03-24,1.21902362,108616241.39191228,736233,280363
2020-03-25,1.20405859,75702228.84890854,587460,219772
2020-03-26,1.21539093,111836546.3991491,889704,286521
2020-03-27,1.168733,107197274.86378048,807651,273175
2020-03-28,1.12273873,93365368.42974424,627230,241957
2020-03-29,1.06488351,104430893.57697324,591287,234751
2020-03-30,1.16111925,101664512.29016598,770915,278279
2020-03-31,1.16086021,109963656.15058772,816889,288338
2020-04-01,1.20232747,105814084.22037683,824108,285331
2020-04-02,1.2293196,105814084.22037683,798186,300020
2020-04-03,1.22207588,91290582.4646388,750332,276158
2020-04-04,1.24154011,108580465.50718407,657862,255653
2020-04-05,1.22896481,121029181.2978167,596364,237774
2020-04-06,1.31870276,88524201.17783155,780832,282652
2020-04-07,1.29919781,116188014.04590404,938358,310534
2020-04-08,1.33180003,103260704.52088556,760207,283150
2020-04-09,1.3184332,112650577.8263946,730620,289249
2020-04-10,1.24393645,119234053.15391116,735297,286082
2020-04-11,1.24828502,116308064.11945938,634944,249141
2020-04-12,1.26554137,111919080.56778164,618062,232510
2020-04-13,1.24500204,125086031.2228148,764583,281944
2020-04-14,1.24727346,122891539.44697596,843493,303129
2020-04-15,1.20252464,123623036.70558888,926278,309402
2020-04-16,1.29329091,112650577.8263946,880665,321911
2020-04-17,1.28483033,92900151.8438449,844316,287202
2020-04-18,1.31739282,115576566.86084642,847811,285552
2020-04-19,1.29699559,111187583.3091687,718815,254065
2020-04-20,1.24397211,117771058.63668528,842251,307154
2020-04-21,1.2473842,116039619.81187668,818062,311455
2020-04-22,1.29301523,103923467.23346885,762361,283681
2020-04-23,1.35798226,112649865.24543951,935989,327396
2020-04-24,1.3603772,114236483.06579782,893187,317682
2020-04-25,1.36573263,107890011.7843646,813456,278517
2020-04-26,1.39182404,108683320.69454376,724250,257046
2020-04-27,1.40592618,111856556.33526036,876229,311090
2020-04-28,1.40416612,122169572.16758937,926669,326468
2020-04-29,1.57124906,115029791.97597696,911617,330308
2020-04-30,1.54783671,107096702.87418544,947585,320861
2020-05-01,1.58149669,111856556.33526036,955523,330551
2020-05-02,1.60183196,117409718.70651443,970554,292646
2020-05-03,1.58639791,133275896.91009754,909805,283545
2020-05-04,1.58241067,125342807.80830598,889636,324017
2020-05-05,1.59959352,126330903.87563804,970464,327645
2020-05-06,1.64574813,123288445.65559772,972369,334650
2020-05-07,1.76246608,117684425.39852506,1020443,343684
2020-05-08,1.73504927,109678682.17413558,949216,324693
2020-05-09,1.68527866,108878107.85169664,906900,310119
2020-05-10,1.53444392,136097634.81462088,869262,283795
2020-05-11,1.51427708,125690168.62291455,999192,311653
2020-05-12,1.55398556,116883851.07608612,954129,342304
2020-05-13,1.64026769,95268344.37023447,858458,299956
2020-05-14,1.72149026,91265472.75803976,880861,268116
2020-05-15,1.63770129,100071790.3048682,895670,311224
2020-05-16,1.64923495,100872364.62730716,880534,295280
2020-05-17,1.69855053,81658580.88877237,763444,236007
2020-05-18,1.7030904,102473513.27218504,970423,275691
2020-05-19,1.70545218,92066047.08047871,890493,272964
2020-05-20,1.66337697,86731596.76375672,865708,276199
2020-05-21,1.58611169,98579623.70355073,928630,302259
2020-05-22,1.60231403,83529299.47400093,797526,278942
2020-05-23,1.60568496,89549429.16582084,848702,267042
2020-05-24,1.54008682,87291880.53138837,807939,216545
2020-05-25,1.55903037,94064526.43468578,828919,267395
2020-05-26,1.54624899,93312010.2232083,852839,286759
2020-05-27,1.60359036,103847237.18389316,913075,299984
2020-05-28,1.67222784,98579623.70355073,866559,299064
2020-05-29,1.64770853,95569558.85764076,852420,282773
2020-05-30,1.69215433,117392528.99048796,902498,284116
2020-05-31,1.64704955,112877431.72162303,801889,258529
2020-06-01,1.77456298,100837172.3379832,870833,302044
2020-06-02,1.65555855,97074591.28059576,899961,308948
2020-06-03,1.67699652,104599753.39537065,950153,311153
2020-06-04,1.70498933,108319274.22458892,884109,315771
2020-06-05,1.67491159,122192367.72521374,918647,331389
2020-06-06,1.67895972,133797229.46448,771819,281291
2020-06-07,1.69210512,108539589.20842996,690992,254724
2020-06-08,1.6929366,110587505.98594747,986341,316297
2020-06-09,1.69357425,109222228.13426912,910121,328115
2020-06-10,1.71128591,111952783.83762586,909669,324907
2020-06-11,1.60651966,126288201.28024888,1048342,336672
2020-06-12,1.63695561,111270144.91178666,909615,309817
2020-06-13,1.63756141,107856950.28259078,800767,283164
2020-06-14,1.61687359,116048617.392661,698545,279097
2020-06-15,1.63326898,94204171.7658072,867844,292792
2020-06-16,1.64602728,106884937.53919552,986219,343031
2020-06-17,1.63347313,108283617.57348618,918592,330975
2020-06-18,1.61930293,96513659.14158548,854866,283106
2020-06-19,1.601515,112206937.0507864,947402,345029
2020-06-20,1.61343538,107498953.67802612,760742,281510
2020-06-21,1.6005863,114560928.73716654,710176,256980
2020-06-22,1.66795041,112206937.0507864,850006,307776
2020-06-23,1.65453862,123976895.48268712,1034537,351192
2020-06-24,1.60043802,109068281.46894622,917620,311143
2020-06-25,1.59283584,110637609.25986633,901033,315538
2020-06-26,1.57369557,128684878.8554474,929963,328405
2020-06-27,1.5467905,108283617.57348618,761896,272210
2020-06-28,1.56486434,117699584.31900674,686270,265941
2020-06-29,1.57752462,113776264.8417065,962232,314488
2020-06-30,1.56990039,115344545.21897344,926238,306323
2020-07-01,1.5861884,127111309.03923196,1078007,378081
2020-07-02,1.56106575,128680584.45946936,951042,339419
2020-07-03,1.5561961,127895946.74935064,944676,327948
2020-07-04,1.56620843,123188120.4886384,799989,292761
2020-07-05,1.55815127,127895946.74935064,771473,273114
2020-07-06,1.60183713,120834207.3582823,989688,337284
2020-07-07,1.58667765,126326671.32911325,969354,349022
2020-07-08,1.61561301,118480294.22792618,1024085,347004
2020-07-09,1.58050888,128680584.45946936,1033334,360126
2020-07-10,1.58940706,126326671.32911325,976205,345294
2020-07-11,1.58104284,122403482.7785197,885970,310565
2020-07-12,1.58969582,119264931.93804488,745665,280425
2020-07-13,1.58057885,121474836.12740123,909653,311275
2020-07-14,1.58381858,124167138.54257391,993499,357160
2020-07-15,1.57234112,118993507.76996668,971186,318436
2020-07-16,1.56130786,117268964.1790976,966383,347671
2020-07-17,1.56536628,101748071.86127588,847984,290533
2020-07-18,1.56854068,112095333.40649036,892684,313304
2020-07-19,1.57544863,112957605.20192488,872974,274629
2020-07-20,1.56656719,121580323.1562703,940265,312187
2020-07-21,1.6036542,107783974.42931764,927506,313100
2020-07-22,1.62670582,124167138.54257391,1017627,362798
2020-07-23,1.6387837,117268964.1790976,977856,336506
2020-07-24,1.62771038,138825759.0649611,1083981,369218
2020-07-25,1.6530963,122442594.95170484,972156,290603
2020-07-26,1.69125357,136238943.6786575,999311,301312
2020-07-27,1.87222939,128082098.07778554,1022491,325521
2020-07-28,1.84950049,121437040.3952344,1059084,354433
2020-07-29,1.87484925,123949530.88617031,1039672,348023
2020-07-30,1.87475515,113062072.09211469,968423,329417
2020-07-31,1.90517626,128137015.03773022,1062923,355688
2020-08-01,1.97908671,114737065.75273862,954055,292274
2020-08-02,1.8599879,118087053.07398652,950873,287133
2020-08-03,1.87772343,135674486.51053798,1080975,334722
2020-08-04,1.87038652,121437040.3952344,1003351,331448
2020-08-05,1.95126913,108037091.11024292,957619,291603
2020-08-06,1.95155359,130649505.52866612,1120216,355285
2020-08-07,1.91764781,127299518.20741823,1049182,327415
2020-08-08,1.93742923,118924549.9042985,951540,277399
2020-08-09,1.92470744,130649505.52866612,911571,275199
2020-08-10,1.95320633,114926419.49958968,967780,307280
2020-08-11,1.87194792,129741892.84212302,1086328,348465
2020-08-12,1.89982911,132269332.31307349,1049344,342524
2020-08-13,1.92924287,123844534.076572,952528,330257
2020-08-14,1.9265623,140694130.54957497,1086754,364429
2020-08-15,1.93989709,131426852.48942332,973628,309355
2020-08-16,1.94366153,128056933.19482274,892624,293129
2020-08-17,2.00437877,105309977.95626876,878796,289826
2020-08-18,1.95013602,117947175.31102096,1008612,345122
2020-08-19,1.90751141,116262215.6637207,988648,336660
2020-08-20,1.92666487,123002054.25292186,994559,331546
2020-08-21,1.86965642,130584372.66577318,1095556,313078
2020-08-22,1.89433444,114577256.0164204,950674,308966
2020-08-23,1.89095764,132269332.31307349,906460,287940
2020-08-24,1.90603293,128593100.89647324,944242,334304
2020-08-25,1.83853818,111720008.69546545,951716,301021
2020-08-26,1.8556766,123939384.64653216,1030264,328396
2020-08-27,1.82960462,112592821.26339878,947577,324735
2020-08-28,1.86186629,142268448.5731322,1080096,352344
2020-08-29,1.85563351,127430634.91826548,972062,291205
2020-08-30,1.88762446,110847196.12753214,821271,266126
2020-08-31,1.88187726,130921885.18999884,935410,310357
2020-09-01,1.92471346,134413135.46173215,1074307,371778
2020-09-02,1.83478767,125685009.78239882,1029017,320017
2020-09-03,1.65212902,112592821.26339878,983249,309835
2020-09-04,1.68560929,117829696.6709988,1004854,300021
2020-09-05,1.63131545,123066572.0785988,984198,324594
2020-09-06,1.65140122,130921885.18999884,988383,258964
2020-09-07,1.67005527,151709442.06778005,1086059,328020
2020-09-08,1.62894233,133652505.32879294,974053,329714
2020-09-09,1.64757745,128478859.9612268,968245,321941
2020-09-10,1.66531058,136239328.01257607,1103924,343183
2020-09-11,1.67381361,118993843.45402215,951505,308280
2020-09-12,1.68190081,146586618.7477084,890683,297027
2020-09-13,1.66341746,139688424.92428684,803998,256977
2020-09-14,1.71735678,151760264.11527455,1016193,353963
2020-09-15,1.7348274,134514779.55672064,976024,335248
2020-09-16,1.76292263,133652505.32879294,1064243,340027
2020-09-17,1.75667708,153484812.57112998,1101957,347774
2020-09-18,1.75269523,142275247.6080699,974291,326660
2020-09-19,1.77573693,128478859.9612268,892685,292875
2020-09-20,1.75066035,135654384.57842135,820833,261651
2020-09-21,1.67690819,139219832.7594406,946997,299730
2020-09-22,1.68568673,123857644.31701958,968239,311008
2020-09-23,1.64062817,136339422.42648664,1013565,349540
2020-09-24,1.72053475,131538738.53823008,943668,318555
2020-09-25,1.71066582,162263115.42307213,1140261,345399
2020-09-26,1.71935636,144020516.64769718,952990,281747
2020-09-27,1.72167524,145940790.2029998,784428,258919
2020-09-28,1.71621999,123857644.31701958,884124,297685
2020-09-29,1.73140353,135379285.64883533,998051,345931
2020-09-30,1.71995233,149781337.31360504,1118241,351403
2020-10-01,1.69356781,119056960.428763,922880,304377
2020-10-02,1.68748627,130578601.76057877,996361,315938
2020-10-03,1.68506329,144980653.4253485,1002444,303899
2020-10-04,1.70216949,151587945.74942547,923546,274508
2020-10-05,1.71835152,134303836.4311297,946902,295868
2020-10-06,1.69012311,124710705.2574776,978521,318289
2020-10-07,1.70039927,144856280.72214702,1063425,369576
2020-10-08,1.73638098,155408725.0131643,1033122,329472
2020-10-09,1.76179817,136222462.66586015,1006667,339374
2020-10-10,1.79700041,137181775.7832253,917402,294652
2020-10-11,1.80770338,134303836.4311297,791020,257292
2020-10-12,1.83284911,142937654.4874166,945894,315903
2020-10-13,1.81348383,159245977.48262516,1049377,330320
2020-10-14,1.80880169,142937654.4874166,952949,318750
2020-10-15,1.82050458,144856280.72214702,1035214,337702
2020-10-16,1.7940757,148693533.19160783,973228,319791
2020-10-17,1.79732641,152593470.69353917,851147,278655
2020-10-18,1.81665683,119288755.69898535,744786,234650
2020-10-19,1.85166488,124259120.5197764,930306,303148
2020-10-20,1.87699868,143146506.83878234,1011847,331386
2020-10-21,2.013415,129229485.34056744,1013298,308240
2020-10-22,2.02018679,136187996.0896749,1048775,341549
2020-10-23,2.00849858,130223558.30472566,977710,321018
2020-10-24,2.02902772,151099090.55204803,1098917,304224
2020-10-25,2.01568826,116306536.80651072,851199,242596
2020-10-26,2.01954164,109348026.05740324,825846,255058
2020-10-27,2.10370037,98413223.45166296,827512,255102
2020-10-28,2.04049323,99407296.41582118,817505,259212
2020-10-29,2.06357066,107359880.12908688,887772,277836
2020-10-30,2.0801745,110342099.02156147,901403,267995
2020-10-31,2.10747626,112330244.9498779,875335,274513
2020-11-01,2.09316771,124259120.5197764,897445,276664
2020-11-02,2.06586073,94436931.59503014,777173,225214
2020-11-03,2.09497527,123534519.48211516,1029970,330051
2020-11-04,2.10823433,132689483.09191573,1175181,319925
2020-11-05,2.30749272,122675182.48120517,1071518,319993
2020-11-06,2.29919169,127682332.7865603,1080743,334639
2020-11-07,2.18711473,121840657.43031262,1055012,273328
2020-11-08,2.26976446,115164457.02317227,920529,243396
2020-11-09,2.23751677,154387134.41512182,1188873,320528
2020-11-10,2.23228692,122675182.48120517,1026623,308276
2020-11-11,2.28563276,122675182.48120517,1004339,318925
2020-11-12,2.35643005,133524008.14280824,1064270,329630
2020-11-13,2.35455292,115998982.3411126,999523,301426
2020-11-14,2.317866766319,118502557.09321824,915336,272079
2020-11-15,2.29883051,125178757.6338828,845204,248137
2020-11-16,2.39979607,135735925.23468184,1041491,312340
2020-11-17,2.51738625,137334451.1504863,1142716,350945
2020-11-18,2.51023261,147831351.5740522,1197076,362407
2020-11-19,2.504430386254,119839616.50472264,1052034,309724
2020-11-20,2.596127396527,146956610.2686377,1177776,346562
2020-11-21,2.589987418208,147831351.5740522,1007240,308830
2020-11-22,2.55377715,152205060.20050347,875364,273653
2020-11-23,2.52775968,128587033.61766668,1014814,301519
2020-11-24,2.61774563,118964874.63947392,1052398,330918
2020-11-25,2.555478063978,135584967.55994713,1127776,362628
2020-11-26,2.326869284941,131211259.21341324,1115848,321713
2020-11-27,2.31953985,134710225.69469845,1099990,323696
2020-11-28,2.40313103,134710225.69469845,1038684,292638
2020-11-29,2.45853128,135787629.27682322,875712,259705
2020-11-30,2.63721867,107610727.91731204,903580,262264
2020-12-01,2.51290662,144750713.6586849,1179012,378285
2020-12-02,2.55197705,124752259.7979457,1015318,327335
2020-12-03,2.57495934,149512250.29219425,1165469,343706
2020-12-04,2.47230116,137132255.04506996,1070208,315591
2020-12-05,2.51909742,137132255.04506996,1077064,283933
2020-12-06,2.54722977,129513796.43145505,906549,256611
2020-12-07,2.51748691,142846099.0052812,1017188,305857
2020-12-08,2.40341294,137132255.04506996,1057637,329557
2020-12-09,2.422360712922,132370718.71629883,1059284,323845
2020-12-10,2.38235433,123799952.47124384,995137,311527
2020-12-11,2.34803699,131418411.08485878,1078069,304342
2020-12-12,2.43833504,125704567.12464756,962538,296177
2020-12-13,2.46411643,148342069.0427936,938739,274709
2020-12-14,2.474236613553,134574370.80097473,977389,313940
2020-12-15,2.48407194,129933875.82961448,1047043,322798
2020-12-16,2.70395115,132718173.76280424,1098912,313973
2020-12-17,2.838980097189,119724785.58585908,1066159,308001
2020-12-18,2.82221791,145711560.75178188,1194851,377227
2020-12-19,2.906877174893,146639659.56785923,1158142,339766
2020-12-20,2.850832494921,140142965.92487437,1075417,282293
2020-12-21,2.76690892,126221478.78335664,1126710,274086
2020-12-22,2.831513764707,132718173.76280424,1095221,322307
2020-12-23,2.75180066,142927263.4125759,1138302,337585
2020-12-24,2.77320466,116940488.24665304,969168,271363
2020-12-25,2.87742129,133646272.28188916,1021183,298020
2020-12-26,3.06732801,127149578.49040844,957062,277615
2020-12-27,3.033869719213,137344635.42361856,1049825,304240
2020-12-28,3.03336124,147934525.66917643,1154354,314503
2020-12-29,3.00690895,140537799.38571763,1146131,334580
2020-12-30,3.14848763,159029615.0943647,1221579,340919
2020-12-31,3.140996404211,153482070.67763954,1193822,338444
2021-01-01,3.145922773591,137764026.73355144,1001890,261318
2021-01-02,3.36183826,139613208.60028526,1140633,297595
2021-01-03,3.43360474,146085344.09831175,1184688,359641
2021-01-04,3.2392637,159954206.02773148,1270082,370865
2021-01-05,3.40781574,145160753.60874835,1230529,355008
2021-01-06,3.60095708,163652569.02152643,1344921,398455
2021-01-07,3.742047073313,155331252.39643875,1292297,402123
2021-01-08,3.78863874,136839436.2439882,1237271,358440
2021-01-09,3.6883279,134307072.19635198,1094947,318922
2021-01-10,3.47615243,162879650.92477036,1177151,332604
2021-01-11,3.17723254,157757649.32336253,1211948,333441
2021-01-12,3.024579234512,151611247.72948113,1202314,336350
2021-01-13,3.31893271605,155708849.33841553,1163164,320071
2021-01-14,3.43968572,150586847.08139154,1167975,338553
2021-01-15,3.21691863,158782049.8075481,1209589,345053
2021-01-16,3.16002808,150586846.5896793,1115276,308421
2021-01-17,3.14208979,136245242.43354535,1002014,268872
2021-01-18,3.16789734,148538046.4408284,1077578,313873
2021-01-19,3.12779915,152635647.7219547,1095890,326366
2021-01-20,3.05640832,144440445.15970212,1107233,315516
2021-01-21,2.671999724485,132147640.82461096,1059467,288464
2021-01-22,2.83570647,144440445.15970212,1115180,326671
2021-01-23,2.75080418,160859266.69140872,1128728,303320
2021-01-24,2.763770318383,143884925.71895775,1004162,254109
2021-01-25,2.777191691556,144920068.40457904,1121794,312958
2021-01-26,2.79160837,166658079.04619855,1182517,335923
2021-01-27,2.58416695,146990355.43205088,1106142,323598
2021-01-28,2.83537151,150095785.47638997,1097896,325159
2021-01-29,2.87127647,157341788.91318125,1208741,339577
2021-01-30,2.878188037248,140779494.68088105,1087755,313065
2021-01-31,2.77012967,149060642.12827694,1063553,287082
2021-02-01,2.798474060738,123182058.42545108,999221,283467
2021-02-02,2.95247741,158376932.26129428,1202183,363397
2021-02-03,3.10161426,155271502.21695518,1187019,345764
2021-02-04,3.046232040351,165622935.5324627,1226684,367536
2021-02-05,3.09428668,174939225.66548,1257476,360061
2021-02-06,3.18428793,169173097.28623727,1147256,328082
2021-02-07,3.141200247585,166219497.49211165,1159518,286807
2021-02-08,3.65741696,172612555.61907768,1249543,340919
2021-02-09,3.61855022,152367873.85185272,1174227,359788
2021-02-10,3.46683384,152367873.85185272,1191329,340736
2021-02-11,3.64585169,137450738.2222654,1052110,301861
2021-02-12,3.57975153,151302363.39685816,1157108,347247
2021-02-13,3.54773666,167285007.94710624,1217682,333184
2021-02-14,3.65475277,157695421.52382416,1122976,297041
2021-02-15,3.56148121,161957460.27513483,1140491,312281
2021-02-16,3.6125173,128926662.25397788,989854,293716
2021-02-17,3.79432537,147040324.64554748,1134666,318209
2021-02-18,3.70969063,145974815.72488672,1138881,317446
2021-02-19,3.90986635,163253417.20803392,1248515,340244
2021-02-20,3.87796973,157667240.26214835,1187083,321732
2021-02-21,3.95810037,152267677.5909614,1047141,272006
2021-02-22,3.68695731,143628376.07300296,1094544,284119
2021-02-23,3.28933195,137148899.93453413,1054613,288011
2021-02-24,3.32994398,171706104.4512937,1230122,354258
2021-02-25,3.17682646,168466365.60452223,1217040,328850
2021-02-26,3.06572143,150107852.21147177,1114180,305149
2021-02-27,3.04478896,169546279.0718041,1202477,322758
2021-02-28,3.00886446,141468550.69351333,1033508,252499
2021-03-01,3.269931,140388638.7813056,1073523,278708
2021-03-02,3.17061495,154427502.970451,1119669,340722
2021-03-03,3.3135168,164146716.40061715,1185450,332985
2021-03-04,3.161905493951,138228813.401816,1042797,290966
2021-03-05,3.17106851,160906977.55384567,1154593,315193
2021-03-06,3.175929809802,162185767.0079194,1147083,288073
2021-03-07,3.30549961,155665152.0772381,1043256,259265
2021-03-08,3.35002291,165260949.11257932,1164249,294249
2021-03-09,3.49855563203,149267953.54190147,1088598,299423
2021-03-10,3.56293331,158863750.57724267,1165773,342661
2021-03-11,3.63177042,140738357.0301135,1084417,293471
2021-03-12,3.570586382096,159929951.1007959,1186618,320069
2021-03-13,3.78957634,152466553.57723355,1104466,276253
2021-03-14,3.68484058,167393348.6243582,1155175,305716
2021-03-15,3.43735753,157797551.589017,1167577,295380
2021-03-16,3.44231318,158863750.57724267,1161912,319854
2021-03-17,3.55383882,145003154.51834372,1110541,290856
2021-03-18,3.48651656,162062350.61257476,1219716,335857
2021-03-19,3.50341884,158461331.28345832,1158820,315088
2021-03-20,3.49731896,167389188.3483424,1124513,281882
2021-03-21,3.440164039174,169563074.09425303,1112554,240660
2021-03-22,3.25092326,164128360.5120752,1144113,295471
2021-03-23,3.23614304,174997789.2416285,1234149,316687
2021-03-24,3.11041886,165215304.16762933,1153475,301818
2021-03-25,3.03612207,167389188.3483424,1218346,320449
2021-03-26,3.20883079,147824218.20034403,1085835,293636
2021-03-27,3.26897077,172823903.49571785,1149403,286113
2021-03-28,3.24472988,172823903.49571785,1063472,244181
2021-03-29,3.33795673,164128360.5120752,1115525,307500
2021-03-30,3.38330063,158693646.92989737,1154381,323613
2021-03-31,3.375535019449,170650017.74980718,1234495,330775
2021-04-01,3.35598363,157606703.2743432,1145125,315091
2021-04-02,3.35413045,160833893.90764642,1103476,302587
2021-04-03,3.25187507,150672055.36305547,1020968,278911
2021-04-04,3.298301283114,167924581.38053048,1032167,247000
2021-04-05,3.32023402,179426264.28801888,1229289,289931
2021-04-06,3.22914317,165624244.46778432,1180036,310254
2021-04-07,3.12214094,180576433.5725132,1246138,318898
2021-04-08,3.2057806,154122561.56029594,1092604,280374
2021-04-09,3.203576140634,174825592.118769,1222362,322101
2021-04-10,3.27565104,180576433.5725132,1163952,300140
2021-04-11,3.28353702,166774412.09603617,1043812,254567
2021-04-12,3.26759859,165624244.46778432,1126723,291473
2021-04-13,3.43453079,163323907.55503815,1178027,310996
2021-04-14,3.37622405,155272729.1885478,1149773,295564
2021-04-15,3.37419883,198624496.4285958,1366494,358905
2021-04-16,3.27664917,120743465.93956694,933121,218612
2021-04-17,3.19962738,106676264.94260553,828375,195677
2021-04-18,2.959841879616,145361065.15215343,1057891,276174
2021-04-19,2.92575459,113709865.44108623,884672,207290
2021-04-20,2.95532944,150050132.1511406,1126908,280365
2021-04-21,2.82653587,118398932.44007336,918079,226747
2021-04-22,2.70960708,167634132.55331036,1114976,269958
2021-04-23,2.65915763,158255998.5553361,1114180,296653
2021-04-24,2.61911452,169978664.36473995,1125210,291934
2021-04-25,2.54988868,165289599.0538168,1026103,241657
2021-04-26,2.79947785,133638399.34274958,943203,241837
2021-04-27,2.84255929,166461864.9595316,1092574,297541
2021-04-28,2.82520447,166461864.9595316,1113474,276370
2021-04-29,2.75289848,143016531.6526599,986056,256358
2021-04-30,2.9509244,169978664.36473995,1122022,292939
2021-05-01,2.95232813,158215613.46069756,1040203,260173
2021-05-02,2.88247785,189527186.1724504,1248724,235137
2021-05-03,2.90918692,181331416.76498824,1268856,288071
2021-05-04,2.72676307,185429300.7311,1293836,300350
2021-05-05,2.90068009,160841991.0334749,1208973,309762
2021-05-06,2.845644398322,174160117.98024437,1228892,310841
2021-05-07,2.86911512,176209059.22568092,1187763,306397
2021-05-08,2.93389162,175184588.60296264,1169650,275777
2021-05-09,2.90472472,190551658.27040732,1234486,246707
2021-05-10,2.78208874,184404830.10838172,1315147,305887
2021-05-11,2.81280636,176209059.22568092,1258920,309496
2021-05-12,2.528710162627,176209059.22568092,1245595,301570
2021-05-13,2.4489477,186999513.86234707,1187747,274151
2021-05-14,2.47934018,166839066.08152363,1066269,267317
2021-05-15,2.33381396,153143321.7171525,953308,231360
2021-05-16,2.2838578,164348930.5795564,971649,219486
2021-05-17,2.16428882,150653186.21518525,962984,252917
2021-05-18,2.13179763,124506764.34097786,856695,220564
2021-05-19,1.88892076,155633457.21911976,1031147,264932
2021-05-20,2.05205637,139447577.35278136,943686,226451
2021-05-21,1.87448768,136957441.8508141,942736,225921
2021-05-22,1.90162942,144427848.35671583,918673,221219
2021-05-23,1.75890282,148163050.713218,957018,195260
2021-05-24,1.94867935,156878524.07365465,975836,236897
2021-05-25,1.93329011,153143321.7171525,968674,232254
2021-05-26,1.97886373,151898253.06972015,933622,228063
2021-05-27,1.94636165,145672915.21125075,864432,217523
2021-05-28,1.80279078,148163050.713218,972164,217451
2021-05-29,1.75819515,144427848.35671583,863265,192912
2021-05-30,1.80573948,150864303.39569443,990443,182281
2021-05-31,1.88939041,147526659.5228379,977895,229620
2021-06-01,1.85490761,148572947.21506172,914351,231423
2021-06-02,1.905098964141,173683868.40164092,1090605,252343
2021-06-03,1.9791401,153804388.68949127,1015474,253523
2021-06-04,1.866853639007,137063775.06732357,907519,235300
2021-06-05,1.79378368,137063775.06732357,762659,192819
2021-06-06,1.81038933,156943254.7794732,737174,188480
2021-06-07,1.71255578,139156351.95842645,910652,237064
2021-06-08,1.7042113,155896965.58059415,998834,245071
2021-06-09,1.89766024,131832333.59289402,817282,213689
2021-06-10,1.87120729,123462026.02848256,948298,252966
2021-06-11,1.88860664,109860278.49629676,874050,212379
2021-06-12,1.81254069,138110064.26620263,1013611,223896
2021-06-13,1.976225,136447345.8977942,799859,182420
2021-06-14,2.04984505,133766696.21889952,972587,248537
2021-06-15,2.03798688,129803238.23607774,963054,242092
2021-06-16,1.937890111061,121876323.69727892,954838,254125
2021-06-17,1.927486814795,128812374.45379467,865333,236736
2021-06-18,1.812458657444,122867187.479562,825241,224077
2021-06-19,1.805038478086,102059035.21001476,688095,182467
2021-06-20,1.807459745287,104040764.20142566,652470,168027
2021-06-21,1.615498500377,104040764.20142566,835557,208474
2021-06-22,1.651499802307,90168661.26154941,776432,196802
2021-06-23,1.713698226674,100077306.21860388,847730,233460
2021-06-24,1.766672167447,104040764.20142566,843836,226845
2021-06-25,1.630917169218,108995085.96653052,880813,223011
2021-06-26,1.643033945428,88186933.69698328,715801,180868
2021-06-27,1.776255857109,57470136.4703816,518219,123967
2021-06-28,1.769776037417,87196068.48785548,776365,215492
2021-06-29,1.849675862855,89177797.47926635,792995,207236
2021-06-30,1.805586334557,87196068.48785548,790273,217133
2021-07-01,1.727368166727,95122984.45349903,817115,232056
2021-07-02,1.746141242195,89177797.47926635,809016,189904
2021-07-03,1.787452030946,97321703.03432867,1027108,234315
2021-07-04,1.8265447061,82108835.9632785,843475,169312
2021-07-05,1.752492211228,94246664.3621258,902032,223372
2021-07-06,1.763785729615,101386562.69452158,853332,232857
2021-07-07,1.753796589122,87820755.45171146,811614,220912
2021-07-08,1.697989573018,99244593.40043193,802085,228850
2021-07-09,1.754049012631,93532673.91199897,818441,223467
2021-07-10,1.738516988105,114952370.96547714,726034,193966
2021-07-11,1.771750243299,89248735.3238197,690684,160653
2021-07-12,1.713116506244,89962724.74580109,838472,225239
2021-07-13,1.688811469688,97102623.07819687,807050,227411
2021-07-14,1.697934967437,121378279.87589152,817900,235584
2021-07-15,1.643649164372,91390704.61790931,828844,224713
2021-07-16,1.63221452573,107098482.18295453,764392,223179
2021-07-17,1.630400402935,101825980.89464508,640355,181727
2021-07-18,1.639258220118,97872242.08868937,651828,163158
2021-07-19,1.597725750094,115543619.56746826,845474,228590
2021-07-20,1.540648215719,82919538.21875685,822257,228207
2021-07-21,1.661721371109,98551910.00153977,815589,237007
2021-07-22,1.670492594499,103989257.21923248,780869,223683
2021-07-23,1.732406654257,91755226.95814627,803246,234138
2021-07-24,1.769606297066,104668925.13208283,712132,196325
2021-07-25,1.81848487747,103989257.21923248,641796,172110
2021-07-26,1.93010945385,101950252.50195892,958347,269826
2021-07-27,2.001791162085,115543619.56746826,903400,251334
2021-07-28,2.033833059073,106707930.82807882,868607,255513
2021-07-29,2.017407304464,108746935.54535235,880689,261353
2021-07-30,2.099162197424,112824945.95862192,841162,250833
2021-07-31,2.098153113059,112670630.57380445,720022,204354
2021-08-01,2.006838470091,110975800.32998534,695892,190234
2021-08-02,1.972933571383,103048958.33872564,899861,236019
2021-08-03,1.922865034712,121785131.92177844,820918,246833
2021-08-04,1.995697932518,98004602.83491194,842870,237723
2021-08-05,2.052274774394,115299533.17424172,854629,249454
2021-08-06,2.140827816615,114578911.55238023,894265,258639
2021-08-07,2.222890074166,120343887.64035964,724467,207621
2021-08-08,2.195821362505,113858288.89282292,740945,197270
2021-08-09,2.303684409546,109534557.08626235,934412,254532
2021-08-10,2.261488524708,118902643.35894084,875882,259626
2021-08-11,2.268172978331,105931445.86386745,866724,261571
2021-08-12,2.20343699514,108813934.42670503,842547,252677
2021-08-13,2.362590119037,108438697.15589663,917929,256053
2021-08-14,2.327809478249,126820808.67061576,724702,211657
2021-08-15,2.323985756424,140740165.7062498,750378,181221
2021-08-16,2.268193061802,124500916.20252626,978773,270372
2021-08-17,2.204708913004,133007188.95670392,953226,254546
2021-08-18,2.213680687968,104395177.76725549,876483,247197
2021-08-19,2.293129661764,119087831.92106985,888796,254656
2021-08-20,2.414499299985,123727617.9707974,984372,272396
2021-08-21,2.403261370099,131460594.72034328,787645,216018
2021-08-22,2.414996575605,126820808.67061576,715639,191939
2021-08-23,2.420040085444,152339630.2737944,973417,271010
2021-08-24,2.33794635096,119087831.92106985,945668,263660
2021-08-25,2.379019545564,131199199.26766804,867743,264966
2021-08-26,2.287786761638,127844614.26004224,818959,254481
2021-08-27,2.375147501066,127844614.26004224,864176,260937
2021-08-28,2.363961726236,123466374.33066265,726381,212867
2021-08-29,2.367277866365,136601094.11880136,685753,196139
2021-08-30,2.277961082403,118212485.65884729,910173,249956
2021-08-31,2.280110865221,126093318.03610376,930055,273720
2021-09-01,2.346384601556,119963781.88278574,954959,277500
2021-09-02,2.375035051723,130471557.96548332,1026339,293611
2021-09-03,2.395390356338,129595910.48398069,1008068,278164
2021-09-04,2.395772281636,135725446.63729873,776022,227677
2021-09-05,2.480946695916,143606279.0145552,735688,206820
2021-09-06,2.51931377876,150611462.64937586,968860,269949
2021-09-07,2.245742480847,134093473.52179764,938525,277913
2021-09-08,2.213572688033,129989982.27183735,907794,271871
2021-09-09,2.222094260363,125412870.50778995,937415,275020
2021-09-10,2.142454311237,124497447.36405551,906178,260963
2021-09-11,2.157808262825,135482517.1796192,823454,210848
2021-09-12,2.208217016174,134567094.03588477,705573,193569
2021-09-13,2.151863481078,145552163.85144845,908372,253041
2021-09-14,2.245175277381,153790965.55401707,952892,270910
2021-09-15,2.293761212961,129989982.27183735,976201,268455
2021-09-16,2.273981867172,124497447.36405551,1021047,270023
2021-09-17,2.244949537952,134567094.03588477,943981,273808
2021-09-18,2.290426705637,141890473.9129272,819880,227894
2021-09-19,2.242941684172,146467585.6769746,714326,199632
2021-09-20,2.040586287582,150129275.61549583,1014971,273371
2021-09-21,1.933233183973,114073685.15409195,844883,245996
2021-09-22,2.075944471859,126546634.44445217,888195,270233
2021-09-23,2.135308888042,155822347.18556657,918846,273598
2021-09-24,2.038939778388,139767924.24494308,958548,274940
2021-09-25,2.035666539997,135990412.4848302,702530,210070
2021-09-26,2.040529522117,131268523.46464118,699993,192460
2021-09-27,2.010425564687,146378569.1451885,901586,262162
2021-09-28,1.951689041262,143545436.00505593,935822,262395
2021-09-29,1.962665363543,122769122.68433928,830989,240916
2021-09-30,2.069864321133,161488614.82573587,1059608,289577
2021-10-01,2.26565626698,132212900.72471733,962201,279255
2021-10-02,2.248711046277,177543039.12626347,963528,260972
2021-10-03,2.266397740964,141656680.1249995,808347,216090
2021-10-04,2.31284262096,147634521.78479335,1015651,265740
2021-10-05,2.411845063946,162177735.98974445,1037679,312571
2021-10-06,2.572944325306,129544410.62214965,914612,273475
2021-10-07,2.490026710036,139433297.74445093,1144142,324741
2021-10-08,2.492000787508,118666635.49961804,978503,280844
2021-10-09,2.538238578635,148333295.4425223,991926,241705
2021-10-10,2.520123658863,157233293.14059362,803826,212316
2021-10-11,2.631558646637,144377740.59360176,1009017,277496
2021-10-12,2.574418652958,132511077.47083984,937369,274993
2021-10-13,2.620098281333,167122178.8388953,975651,289461
2021-10-14,2.613922367304,135477742.8955304,1007101,284115
2021-10-15,2.783786506255,139433297.74445093,1017121,297755
2021-10-16,2.755061819188,131522188.0466099,937355,269680
2021-10-17,2.775039217832,158222181.14082393,823877,212511
2021-10-18,2.778276503838,146581499.01401103,1003479,291260
2021-10-19,2.86843851115,154737198.88886136,1077371,310438
2021-10-20,2.928317326688,148747371.3620959,977215,291740
2021-10-21,2.756592260011,147749067.49308088,1139133,321169
2021-10-22,2.683021944048,157732111.93346488,957015,281476
2021-10-23,2.702488997272,144754153.0109189,826969,228432
2021-10-24,2.679080716831,152740589.71327287,737951,208278
2021-10-25,2.761945352578,181691420.60296836,1079523,286798
2021-10-26,2.643400963823,149745676.66866937,998333,295695
2021-10-27,2.563731148388,156733808.06444988,944035,286086
2021-10-28,2.64447556709,152740589.71327287,1055114,297884
2021-10-29,2.709231626512,170710070.85601085,1014855,307314
2021-10-30,2.6854484387,154737198.88886136,906672,251998
2021-10-31,2.660031269082,140567236.29171762,893617,216741
2021-11-01,2.639313472843,159350397.3506241,1053426,289324
2021-11-02,2.705646798155,170117315.37816852,1035030,300911
2021-11-03,2.692667749587,173347392.02678087,1069212,290879
2021-11-04,2.624435938698,153966938.33685192,998917,286047
2021-11-05,2.601770640962,166887240.27999246,1037437,282446
2021-11-06,2.617491647791,165810547.54697624,825483,237201
2021-11-07,2.682304638596,164733856.36439633,826432,222930
2021-11-08,2.854649564891,145353402.67446733,1018796,294064
2021-11-09,2.82534877502,163657165.1818164,1195638,336872
2021-11-10,2.721054645529,160427088.53320405,1022756,295892
2021-11-11,2.723236415073,170117315.37816852,1037951,293052
2021-11-12,2.650242500833,152890245.60383567,975353,287476
2021-11-13,2.661045965713,164733856.36439633,828248,234794
2021-11-14,2.684880108371,175346393.03899404,806451,222847
2021-11-15,2.626068388319,170197841.1880367,1083387,291313
2021-11-16,2.481173720882,169070703.88709787,1030573,301154
2021-11-17,2.470657927214,167943564.96308032,993545,288569
2021-11-18,2.337640428663,162307875.21222878,990087,295608
2021-11-19,2.386216999692,154417909.23642084,976682,283868
2021-11-20,2.455017801074,163435012.5131676,848464,248520
2021-11-21,2.424879879847,148782219.4855693,842004,218828
2021-11-22,2.319018826324,158926461.6863336,947435,286930
2021-11-23,2.368765838495,148782219.4855693,909010,282832
2021-11-24,2.346842971087,176960669.86290583,1071921,295032
2021-11-25,2.404923210419,146527943.26061293,973237,287824
2021-11-26,2.198435955413,148782219.4855693,996141,291679
2021-11-27,2.23272965194,161180737.91128996,777970,238622
2021-11-28,2.336711996385,155140985.08780915,816560,215317
2021-11-29,2.35943908323,158774565.89045352,993217,303388
2021-11-30,2.324578694477,148781761.08892423,977183,296340
2021-12-01,2.324286205718,152112695.48981774,1057704,284941
2021-12-02,2.300196624281,172098305.0928763,1184757,315565
2021-12-03,2.184991514137,186532356.82816276,1010596,289452
2021-12-04,2.009166960477,172098305.0928763,961294,244342
2021-12-05,2.016818310956,184311733.36128417,978899,221615
2021-12-06,2.067537537544,190973602.1630712,1078373,286268
2021-12-07,2.064377234197,170987992.5600126,983177,284544
2021-12-08,2.06171865801,186532356.82816276,927369,268196
2021-12-09,1.960546627964,180980797.36154187,1123743,285532
2021-12-10,1.941373722658,173208616.0268912,930831,270853
2021-12-11,2.016910635367,176623989.86056373,805461,222133
2021-12-12,2.049751176277,168385593.15527847,725043,211066
2021-12-13,1.915299897932,169588348.35705444,996713,281785
2021-12-14,1.974877505476,178007627.84162176,966596,281921
2021-12-15,1.995926977652,169588348.35705444,1058257,280841
2021-12-16,1.94871973203,138316737.35840493,873836,256019
2021-12-17,1.896526938461,179210381.31143162,979005,260119
2021-12-18,1.919525855516,153952542.85772967,855978,234236
2021-12-19,1.918249189772,179210381.31143162,755797,214374
2021-12-20,1.922187343668,173196610.49845013,1015255,266803
2021-12-21,2.007205377658,193643433.34094653,1009227,303464
2021-12-22,1.990870317874,178007627.84162176,992589,286626
2021-12-23,2.070150565572,182818645.1847934,991240,292194
2021-12-24,2.071634649338,181615889.98301744,974212,256631
2021-12-25,2.064057745187,177168715.84969085,866151,204665
2021-12-26,2.071542317446,161682279.2989218,774902,201930
2021-12-27,2.070718360007,178574457.26635152,992531,248198
2021-12-28,1.945824586517,161682279.2989218,1051572,269681
2021-12-29,1.898459995686,174954703.60370144,1142870,276509
2021-12-30,1.923609297095,143583516.198115,977727,245011
2021-12-31,1.893385603418,179781040.6622474,1093396,262509
2022-01-01,1.941966039424,207532476.14266497,695722,188065
2022-01-02,1.933497096507,190640298.17523527,734444,194826
2022-01-03,1.897502355497,168921783.14925957,948843,241163
2022-01-04,1.876886228678,177367872.13297442,971141,274049
2022-01-05,1.782277170897,180987625.7956245,1023484,274757
2022-01-06,1.768057798633,176161288.73707852,937879,258406
2022-01-07,1.704571291459,168921783.14925957,961733,255659
2022-01-08,1.71699299406,174267690.69443852,823193,226064
2022-01-09,1.72082066082,170826077.22420472,734904,203966
2022-01-10,1.718638590786,172037608.9072826,977953,269292
2022-01-11,1.758039861455,191422128.04877573,973363,285302
2022-01-12,1.805597050184,168403012.11344224,958871,266587
2022-01-13,1.752041588022,216864310.8394785,943218,276789
2022-01-14,1.771675205411,192633661.47646037,959705,262404
2022-01-15,1.775752274618,201114388.49182567,819060,234931
2022-01-16,1.774015355513,212018180.61795348,768912,217903
2022-01-17,1.73630676024,195056726.58722284,963405,258684
2022-01-18,1.745911520714,164768413.57499513,906852,267423
2022-01-19,1.721981468557,209595115.507191,940760,267790
2022-01-20,1.681574639726,204748985.28566605,944092,272287
2022-01-21,1.514790775018,176007153.4708342,1017544,272514
2022-01-22,1.455165902925,177474950.51551133,980566,246984
2022-01-23,1.508378975549,186746029.7638628,764279,208492
2022-01-24,1.526343091945,198665989.06991372,967257,271583
2022-01-25,1.538880544803,201314869.1276132,892344,266941
2022-01-26,1.534660000135,172177190.40011233,872302,258696
2022-01-27,1.543763850705,173501629.47536534,894323,252850
2022-01-28,1.576577931046,203963747.2781192,953545,266473
2022-01-29,1.592485103381,197341548.08746725,800040,227066
2022-01-30,1.589486377439,193368228.9545148,780477,208908
2022-01-31,1.609690053329,189394909.8215623,993797,262993
2022-02-01,1.61452774476,203963747.2781192,1058396,274556
2022-02-02,1.539179072383,202639308.20286623,954043,275434
2022-02-03,1.544771260316,194692668.02976775,931571,267726
2022-02-04,1.709053357873,172457231.3989618,885216,249753
2022-02-05,1.726159971835,157888392.03489855,951087,253867
2022-02-06,1.760874145144,206979739.90370575,891700,221803
2022-02-07,1.821609827046,180443875.51955137,927917,262908
2022-02-08,1.831529736531,204326153.2742321,1014770,277455
2022-02-09,1.840095004198,185751048.77849868,998247,263940
2022-02-10,1.806667830508,195038601.0263654,1029721,261192
2022-02-11,1.754236923972,188404635.40797237,987669,258085
2022-02-12,1.745950590083,248110329.79467425,1060262,224735
2022-02-13,1.746704565079,209633326.53317943,829229,212378
2022-02-14,1.765131690456,202999360.9147864,899786,249689
2022-02-15,1.839746953131,232188811.9284145,1013694,272685
2022-02-16,1.820760197081,206979739.90370575,925324,267496
2022-02-17,1.680750155719,213573837.40352312,931220,256201
2022-02-18,1.658393382535,186294129.77324116,940726,258376
2022-02-19,1.660632849962,207147948.8360009,839236,218004
2022-02-20,1.597672365828,200196675.81508097,741534,202691
2022-02-21,1.53935959409,171001327.92603725,886316,238620
2022-02-22,1.585255941769,211318714.25012624,886571,256251
2022-02-23,1.548559725335,208538204.64136493,859810,253563
2022-02-24,1.589005849792,183513620.1644798,958866,255800
2022-02-25,1.632120546767,186294129.77324116,936543,260990
2022-02-26,1.621580052318,173781837.53479856,818914,221994
2022-02-27,1.564733720961,189074637.38003567,768705,206112
2022-02-28,1.785886675274,214099221.8569208,981066,274389
2022-03-01,1.831088158538,225221260.29196608,1065354,275460
2022-03-02,1.815856076135,189074637.38003567,1091796,289957
2022-03-03,1.753487692697,204804563.21490383,1011448,270823
2022-03-04,1.617160596022,190365287.083752,949176,257979
2022-03-05,1.62862859109,168452736.32210043,801293,226147
2022-03-06,1.588284555745,179409010.7168614,771254,205542
2022-03-07,1.578754463552,202691097.01043913,917289,255761
2022-03-08,1.603838311539,202691097.01043913,962840,258526
2022-03-09,1.735654059064,188995751.55182588,960901,272021
2022-03-10,1.630630592506,198582492.38679036,993366,259229
2022-03-11,1.605299073538,188995751.55182588,903967,252248
2022-03-12,1.610487025913,213647371.4052001,787792,222124
2022-03-13,1.563583025151,206799699.66195828,751546,206930
2022-03-14,1.638923579978,209538768.7536809,936153,263759
2022-03-15,1.62739184969,190365287.083752,949102,266692
2022-03-16,1.697348146346,212277837.8454036,1014991,276789
2022-03-17,1.69308040701,217498770.49195015,1009859,272685
2022-03-18,1.727490580808,195149455.61002576,1004891,266839
2022-03-19,1.742021306446,211525632.9748357,864890,236675
2022-03-20,1.705071792374,210160950.38143572,780069,211211
2022-03-21,1.695351371558,208796269.75317717,941088,260248
2022-03-22,1.748109505852,203337543.30986008,920483,260695
2022-03-23,1.761428760821,197878816.86654297,972037,266381
2022-03-24,1.810651634482,195149455.61002576,966209,269340
2022-03-25,1.816863848057,212890313.60309428,1068732,286600
2022-03-26,1.823441620909,219713722.6398113,825356,229765
2022-03-27,1.912928867709,178773276.2800745,812882,219139
2022-03-28,1.926069685862,216984359.4181528,1029256,289835
2022-03-29,1.931857269809,206066906.5315186,972049,293194
2022-03-30,1.916462997871,184232002.7233916,940234,269490
2022-03-31,1.854211355144,194529355.7761953,979952,280038
2022-04-01,1.880179566094,200371606.9667937,1073859,286454
2022-04-02,1.867666383452,191845154.9534147,932911,250576
2022-04-03,1.886983002157,197529456.29566735,794992,223619
2022-04-04,1.894586551764,224529884.601845,985718,276178
2022-04-05,1.855218925189,206055906.26269805,952254,276073
2022-04-06,1.760916830916,213161283.963688,919776,272206
2022-04-07,1.771822948566,196108379.93693003,927811,266096
2022-04-08,1.718699748527,190424080.6410257,929602,270556
2022-04-09,1.737109234767,217424508.9472033,786423,228357
2022-04-10,1.720498052487,198950530.6080564,754197,218201
2022-04-11,1.612532718343,194687305.62454104,986075,279217
2022-04-12,1.633029961572,217424508.9472033,970523,273114
2022-04-13,1.6754481725,198950530.6080564,960119,283767
2022-04-14,1.624100214604,194402491.2641441,910470,259632
2022-04-15,1.648615453539,221692722.38403672,893942,258904
2022-04-16,1.645198704281,188017879.75639227,774863,220729
2022-04-17,1.615563193564,231514551.65214053,760823,211027
2022-04-18,1.660587322655,188017879.75639227,930250,248528
2022-04-19,1.68715900189,173986693.6444649,945444,273229
2022-04-20,1.683056618589,224498959.60642216,961981,283298
2022-04-21,1.642192379664,237127026.0969115,970130,279919
2022-04-22,1.614479409264,189420997.35733968,945273,261784
2022-04-23,1.608260125691,228708314.42975503,857006,238246
2022-04-24,1.60550883035,239933263.31929696,796298,217733
2022-04-25,1.644601591866,227305196.82880765,1003326,277416
2022-04-26,1.549627067302,196436589.40305808,965991,277059
2022-04-27,1.596095580203,243520196.02683353,967943,285596
2022-04-28,1.617507844772,195503621.29393408,1003139,272681
2022-04-29,1.572635096383,222163205.91889024,1059989,290674
2022-04-30,1.537292898922,222163205.91889024,944577,256188
2022-05-01,1.567381909459,247341701.32425615,834397,233382
2022-05-02,1.573983130319,236974085.31819177,966035,269678
2022-05-03,1.540983434257,222163205.91889024,956710,283138
2022-05-04,1.618770611892,216238853.30606288,862312,229490
2022-05-05,1.493350506698,232530821.92495465,1189734,317562
2022-05-06,1.476077962977,210314500.6932356,1086467,288758
2022-05-07,1.454866736249,211795589.91282585,837217,234267
2022-05-08,1.397053307677,229568645.618541,813799,223007
2022-05-09,1.25746370058,229568645.618541,1067791,287708
2022-05-10,1.282199871846,227185770.43526813,978190,279809
2022-05-11,1.198898869373,225257596.8970556,981424,253805
2022-05-12,1.211574517788,209722591.14017215,1058679,282227
2022-05-13,1.224580870454,236132103.6113232,1028898,267948
2022-05-14,1.254528110725,219043595.9365268,1101356,292088
2022-05-15,1.301371234936,189527081.8665909,1016251,233949
2022-05-16,1.248816594441,254774110.96699148,1094147,272399
2022-05-17,1.272635339124,228364598.4958405,1029420,278212
2022-05-18,1.204897921252,208169091.4593002,902599,264173
2022-05-19,1.268265640482,189527081.8665909,897588,260343
2022-05-20,1.226785298597,198848086.6629456,949339,269360
2022-05-21,1.235285942059,209722591.14017215,758937,216560
2022-05-22,1.273331088604,189527081.8665909,749577,210953
2022-05-23,1.22293867204,248560107.76942167,939531,268759
2022-05-24,1.246431579256,186420080.26780605,841611,237379
2022-05-25,1.244237310755,219464677.3862468,1016156,284400
2022-05-26,1.235100855496,209555370.5705583,894042,260517
2022-05-27,1.20688817198,205096744.25322008,942679,275683
2022-05-28,1.225163407756,219958828.4107809,783393,227772
2022-05-29,1.241234457517,221445035.75646704,751185,205693
2022-05-30,1.337557348648,228876076.7651775,925404,267947
2022-05-31,1.340327318645,216986411.5792688,998795,277824
2022-06-01,1.258203816602,202124327.42170793,962754,274630
2022-06-02,1.289506254729,185776038.05860087,945705,262596
2022-06-03,1.255277674265,212527787.4020705,932672,269049
2022-06-04,1.261962571345,206582953.73904613,776053,219811
2022-06-05,1.26746929363,216986411.5792688,721815,195813
2022-06-06,1.32794694055,222931245.24229312,952859,268569
2022-06-07,1.322740859864,240765744.09122616,941706,265801
2022-06-08,1.283418736198,266501680.44994769,888118,261456
2022-06-09,1.278193263932,219787040.62041968,914304,264597
2022-06-10,1.237117043464,221292430.34450084,900195,259531
2022-06-11,1.208249128114,231830164.91635683,831309,228805
2022-06-12,1.144614146671,191184616.35301408,762985,219703
2022-06-13,0.962386955567,200216961.2007889,1011323,273372
2022-06-14,0.958749419408,219787040.62041968,1075994,275578
2022-06-15,0.982571637347,248389462.72006267,1063571,297032
2022-06-16,0.89010384052,179141492.05707693,911369,258005
2022-06-17,0.900449527228,162582194.25337103,876153,248214
2022-06-18,0.839761069586,234840946.53228176,924686,246705
2022-06-19,0.905122908176,200216961.2007889,733337,195875
2022-06-20,0.909413901996,198711571.47670767,833932,239275
2022-06-21,0.916201262025,225808603.85226956,927938,260657
2022-06-22,0.887627935977,193096459.39267665,859651,247129
2022-06-23,0.936392381423,223431041.43862215,866807,258973
2022-06-24,0.946260674502,189622395.5064278,869532,250666
2022-06-25,0.953541799671,221961099.20676237,742895,217926
2022-06-26,0.93595363596,202851865.00959057,734812,207474
2022-06-27,0.92317584654,199911982.66258603,953524,258934
2022-06-28,0.902427057507,214611394.39760864,922274,253741
2022-06-29,0.895265183982,221961099.20676237,899514,257517
2022-06-30,0.865015984997,251359920.5600924,967680,275120
2022-07-01,0.866810006703,196972102.43229663,946760,272893
2022-07-02,0.862322030966,202851865.00959057,844916,235532
2022-07-03,0.864908319377,227840863.90077135,701943,196946
2022-07-04,0.907445950743,210201571.9354594,883632,251379
2022-07-05,0.906388103368,173453043.65626052,864471,244533
2022-07-06,0.924592307191,186599522.89308375,969280,264360
2022-07-07,0.973646516264,227523378.27089572,1007259,284162
2022-07-08,0.981374953634,214480636.8679379,936111,264779
2022-07-09,0.97256585657,194191928.48263425,773277,219088
2022-07-10,0.938937826789,221726603.85028368,705622,198306
2022-07-11,0.903257154365,178250799.8693703,839927,234215
2022-07-12,0.875464077465,218828216.6399776,943773,274945
2022-07-13,0.91248166822,159411284.0458004,815549,225738
2022-07-14,0.931267482062,179699992.43110403,983744,282646
2022-07-15,0.947404727073,205785475.23701975,943171,267630
2022-07-16,0.963942951894,214480636.8679379,771028,223950
2022-07-17,0.947388315858,179699992.43110403,723539,201095
2022-07-18,1.014380417157,189844346.62375584,887138,254873
2022-07-19,1.064015965884,199988700.81640768,994059,279366
2022-07-20,1.059545792317,182598379.64141008,905497,254748
2022-07-21,1.055572042956,198824710.56678495,964460,278928
2022-07-22,1.037202359622,181711863.2994958,848578,262220
2022-07-23,1.027767986307,211997172.19748572,755495,219584
2022-07-24,1.035693112787,216126988.5789976,736224,201963
2022-07-25,0.984744106523,195477912.61837205,892636,251613
2022-07-26,0.970493939661,220256802.97819823,945582,260791
2022-07-27,1.048530886503,227139827.63763636,916926,265290
2022-07-28,1.090974652069,194101308.4794089,1008866,283820
2022-07-29,1.096121570662,200984333.13884705,945142,280447
2022-07-30,1.08119685014,177582046.91798395,785742,228995
2022-07-31,1.06930792552,209243963.91955948,787873,215224
2022-08-01,1.068081818605,187218281.8376596,907238,248469
2022-08-02,1.054827227962,213373778.31876007,946865,267917
2022-08-03,1.044976588452,199607727.01757264,977386,282580
2022-08-04,1.037537603272,183293576.20328617,948545,278115
2022-08-05,1.065899475533,210085555.7118224,944004,269270
2022-08-06,1.054367720796,225491829.9721472,856759,232291
2022-08-07,1.061585802404,222690689.0141953,716918,199770
2022-08-08,1.091208903728,201682132.83796665,918162,257482
2022-08-09,1.064322658536,200281563.36740136,941249,251924
2022-08-10,1.097349862382,207284414.7538705,1035793,270675
2022-08-11,1.098103095757,196079850.92206284,1002846,284126
2022-08-12,1.118913448413,215687835.61090487,948381,269215
2022-08-13,1.120303000575,194679281.45149755,834925,239894
2022-08-14,1.1152866103,186275858.57764184,811197,202156
2022-08-15,1.105125221321,203082702.30853197,922140,245572
2022-08-16,1.095336349684,207284414.7538705,1020819,269531
2022-08-17,1.071575714816,180673576.661738,915870,255933
2022-08-18,1.066480347068,202447354.27677864,1009836,292682
2022-08-19,0.962223516455,250867150.56061095,982140,276337
2022-08-20,0.97348633387,209995535.8811957,841648,226096
2022-08-21,0.99226378976,205767438.51073447,753797,201437
2022-08-22,0.981225385052,204358071.36758935,880923,250080
2022-08-23,0.992293505064,242410953.7902015,930754,257650
2022-08-24,0.987637310218,205767438.51073447,930584,260385
2022-08-25,0.995543286361,224089197.16521153,898274,255143
2022-08-26,0.934524032452,248048418.3038078,937226,265467
2022-08-27,0.925756657439,204358071.36758935,830874,221784
2022-08-28,0.908751979889,226907929.42201468,776186,204472
2022-08-29,0.936300029003,221270464.90840837,939245,253563
2022-08-30,0.91691540216,228317294.53567275,951380,263101
2022-08-31,0.926540201628,220515247.0319977,916812,258575
2022-09-01,0.930819103606,212503107.41825655,969786,270341
2022-09-02,0.924346524698,198644209.06016544,996822,270262
2022-09-03,0.917781321543,226362005.77634773,916603,235843
2022-09-04,0.924996509034,258699436.7568429,774639,206295
2022-09-05,0.917682178845,235601272.08754975,942780,253103
2022-09-06,0.874858544608,218662618.29239127,927513,267063
2022-09-07,0.895970446823,224822129.16652596,951645,264285
2022-09-08,0.897686434169,195564453.62309808,947648,266823
2022-09-09,0.991990113442,226362005.77634773,1021884,286018
2022-09-10,1.008276774233,241760782.96168444,873305,240963
2022-09-11,1.00926214108,281797599.2087124,871675,225743
2022-09-12,1.038445934441,235601272.08754975,989815,269113
2022-09-13,0.939370352409,212237771.66655177,948189,259359
2022-09-14,0.944134275318,202308898.95543608,977568,269647
2022-09-15,0.919794265144,234168568.49770647,953771,277597
2022-09-16,0.922172305414,203901883.69419253,933213,260328
2022-09-17,0.939999035144,270807189.9623499,918990,245261
2022-09-18,0.907953496893,245319452.49341664,775872,212149
2022-09-19,0.914684111914,207087850.8778092,912328,255334
2022-09-20,0.88338246827,242133487.6036962,952698,268728
2022-09-21,0.86699153682,224610669.24075273,918372,263619
2022-09-22,0.909510592046,203901883.69419253,860577,246387
2022-09-23,0.90563544045,215052767.68990275,968636,276441
2022-09-24,0.886975013788,232575586.05284625,799441,226763
2022-09-25,0.881057004179,234168568.49770647,781165,208905
2022-09-26,0.900322536822,238947520.42007956,938059,264276
2022-09-27,0.896561719809,205494866.1390528,966074,275487
2022-09-28,0.913487552122,234113533.83376324,849979,258906
2022-09-29,0.917870607279,222928607.6727852,874705,266329
2022-09-30,0.91356153704,263461080.36655265,1005499,292553
2022-10-01,0.907912672634,282168375.28330106,867330,236007
2022-10-02,0.894190083633,244753785.44980425,852250,216756
2022-10-03,0.923308111571,240076960.0369605,964012,268836
2022-10-04,0.956568501176,254107431.78574073,932869,280235
2022-10-05,0.948163366006,272814728.9473646,891063,267518
2022-10-06,0.938866609583,247871668.31007487,930050,276491
2022-10-07,0.919983246052,266578963.22682327,936123,270954
2022-10-08,0.914595870208,272814728.9473646,815047,235954
2022-10-09,0.915262738221,246312725.75750184,787417,214993
2022-10-10,0.902773565181,282818946.6660149,896218,253025
2022-10-11,0.897697758664,277924882.7693476,916599,272927
2022-10-12,0.904197086018,242520438.89338887,871140,260366
2022-10-13,0.915299590894,253141772.82091248,933599,275214
2022-10-14,0.905697877908,276154659.1735337,984001,284575
2022-10-15,0.900728724487,269073772.43763787,838678,241112
2022-10-16,0.909910910294,254911993.86760643,769067,214703
2022-10-17,0.924678135264,265533327.79513,870371,261168
2022-10-18,0.91398573907,251371549.22509855,887194,258490
2022-10-19,0.904610705933,267303548.841824,923688,260354
2022-10-20,0.900242542303,256682214.9143004,893489,268532
2022-10-21,0.907143363442,276154659.1735337,913925,266487
2022-10-22,0.909318069409,240750215.29757497,817446,231911
2022-10-23,0.926261633178,274810664.8495725,803523,218227
2022-10-24,0.915784798173,249031191.57743755,922514,266297
2022-10-25,0.951195313284,223395628.20390147,829386,251891
2022-10-26,0.983939477562,283822315.5587801,1051950,305561
2022-10-27,0.959624512348,247200081.0379568,895161,265430
2022-10-28,0.975004031923,291146762.99030495,925522,279384
2022-10-29,0.98443454901,261848975.90100643,871729,251735
2022-10-30,0.975832100659,247200081.0379568,830676,223333
2022-10-31,0.97009674747,316782326.36384094,980614,290008
2022-11-01,0.970049689813,263680086.4404872,955117,273150
2022-11-02,0.954490976446,223395628.20390147,869056,258761
2022-11-03,0.956986021054,300302320.96131057,1009478,294320
2022-11-04,1.000981821699,236213409.89066955,939102,281439
2022-11-05,1.007111287598,276497868.12725526,916525,253538
2022-11-06,0.991409279364,250862304.7537192,811578,223686
2022-11-07,0.976088727485,263168681.007737,920253,267661
2022-11-08,0.880744871078,297875785.7478076,1051006,296138
2022-11-09,0.753958696179,272291362.9163776,1076579,293667
2022-11-10,0.839903712816,268636444.99309605,1056871,294575
2022-11-11,0.811340136624,244879482.43907723,964454,278829
2022-11-12,0.806378353685,305185621.59437066,942728,245106
2022-11-13,0.785273663056,235742186.31510308,895185,224942
2022-11-14,0.801361740695,224777435.1767992,954601,244858
2022-11-15,0.81368542899,283256116.68622214,986709,281221
2022-11-16,0.806089820633,274118823.1937887,944275,264899
2022-11-17,0.81024033294,252189315.6540996,902258,254924
2022-11-18,0.818509642211,254016775.9315107,955851,275776
2022-11-19,0.820610369081,268636444.99309605,1113245,262900
2022-11-20,0.799184425512,272422405.82229453,1013890,229629
2022-11-21,0.777592696604,236949653.0891525,974239,269034
2022-11-22,0.79805211183,231439196.90173665,931145,257097
2022-11-23,0.817451445016,258991483.12885457,1057775,270971
2022-11-24,0.81837142484,236949653.0891525,988182,250821
2022-11-25,0.816011276502,225928740.7143208,981465,262820
2022-11-26,0.812740435671,200213272.3346683,892687,230269
2022-11-27,0.812332752733,249807385.956469,855437,223392
2022-11-28,0.802349876662,255317844.78890425,931505,259679
2022-11-29,0.814147810046,240623291.4291028,955669,271896
2022-11-30,0.850801464317,253481024.29641935,946754,272102
2022-12-01,0.840529289057,281033310.52353734,1030232,286994
2022-12-02,0.84670015577,229602379.05427116,970221,271522
2022-12-03,0.838232388894,240623291.4291028,938854,249912
2022-12-04,0.84968361727,257154662.63636968,842351,216703
2022-12-05,0.84468600446,268175577.6562208,960563,273083
2022-12-06,0.850384196971,230616963.69146737,941978,264624
2022-12-07,0.839503933452,292794731.64825046,899850,266558
2022-12-08,0.858945882155,284283257.4040977,905789,270258
2022-12-09,0.854978591377,258748834.6716393,946767,268606
2022-12-10,0.854415449082,262153422.4082566,909506,231276
2022-12-11,0.853211507586,250237357.97618172,781176,220885
2022-12-12,0.858539391858,243428180.05164236,905428,264207
2022-12-13,0.887729303381,280878667.2161756,974065,286344
2022-12-14,0.890254354657,251939654.29579517,930586,279228
2022-12-15,0.86728278142,236618999.6757982,897844,271326
2022-12-16,0.830992951979,221298345.05580127,893040,258839
2022-12-17,0.839657772493,234916703.3561848,967830,261183
2022-12-18,0.839875774864,246832767.78825969,783263,207910
2022-12-19,0.823536056851,234239565.5288072,971140,262020
2022-12-20,0.847633081501,246114014.5930937,950486,270300
2022-12-21,0.843195618816,251387888.03406775,905699,268746
2022-12-22,0.844194325117,237324228.9000814,908585,276334
2022-12-23,0.842886604017,232050357.99056572,891725,275188
2022-12-24,0.84590101132,156458196.4740352,758680,215536
2022-12-25,0.845706555551,247871973.2505712,731599,196741
2022-12-26,0.848591013908,226776484.54959163,787672,227132
2022-12-27,0.8399359586,202165083.596574,867369,241695
2022-12-28,0.83299277844,295336819.03058743,904203,269982
2022-12-29,0.838526883526,247871973.2505712,945186,266982
2022-12-30,0.836965256607,277757245.11310446,1050756,286348
2022-12-31,0.835246001939,274241330.32960796,839910,243946
2023-01-01,0.839542831106,272483374.2035889,719716,189355
2023-01-02,0.843780085391,274241330.32960796,842261,228547
2023-01-03,0.843211245785,261567697.33085105,985169,273459
2023-01-04,0.852695347503,242356483.09554732,922281,279254
2023-01-05,0.851818124476,266083690.58224788,922508,274976
2023-01-06,0.858998530318,305064103.230472,932794,273358
2023-01-07,0.858446501208,260999287.23473144,809225,250336
2023-01-08,0.864443193289,259304487.7459012,755503,229074
2023-01-09,0.870777665108,257609688.25707093,981056,286289
2023-01-10,0.883951640903,286421296.6507751,1146540,306036
2023-01-11,0.904886150128,249135683.4913812,944957,288569
2023-01-12,0.956915395927,255914886.32772788,1034292,310585
2023-01-13,1.006737285894,269473292.0004212,1072059,320370
2023-01-14,1.063923229924,289810898.0689484,965948,303624
2023-01-15,1.056945343653,281119760.7470869,807742,255156
2023-01-16,1.071886746547,274688842.3501408,966312,303811
2023-01-17,1.071274656024,291506526.63057446,988775,309004
2023-01-18,1.047738862359,261608421.54211783,942079,294539
2023-01-19,1.066296173366,270951578.87773,926693,298607
2023-01-20,1.145445917644,246659370.34330428,933005,303214
2023-01-21,1.152147571819,257871158.06970707,906764,286001
2023-01-22,1.147415859687,282163369.29496235,863236,249747
2023-01-23,1.157946337765,295243790.10298526,933346,296833
2023-01-24,1.14168583391,241053473.78927335,908199,288416
2023-01-25,1.166238508234,327010528.27306205,912032,306272
2023-01-26,1.161820741319,289637896.2397839,892287,297461
2023-01-27,1.165635900125,287769263.1581637,929064,305372
2023-01-28,1.162375118008,313930107.46503913,857014,268374
2023-01-29,1.200618353218,311438925.8972278,829895,258804
2023-01-30,1.15137768201,269948141.5759668,957363,311188
2023-01-31,1.167609671158,224956785.116114,944348,312359
2023-02-01,1.196241930423,267991996.86764717,1050528,343824
2023-02-02,1.184795889398,283641162.9847545,983946,335421
2023-02-03,1.181415746292,260167412.4006684,988867,317695
2023-02-04,1.176437733184,266035849.34247735,961115,302062
2023-02-05,1.156408398602,297334187.2103925,802171,256347
2023-02-06,1.145679319019,289509602.7434137,920525,304492
2023-02-07,1.171652534251,277772726.04294556,944049,303225
2023-02-08,1.154986688723,269948141.5759668,942153,315120
2023-02-09,1.099040577212,316895645.56098926,1056974,363668
2023-02-10,1.089446116412,287553455.21824396,923753,302716
2023-02-11,1.101770368949,289509602.7434137,896301,281958
2023-02-12,1.097210551986,315851203.95835894,861493,256348
2023-02-13,1.09866674955,303650130.99469703,957593,297879
2023-02-14,1.119923157609,299757180.2739148,913570,305330
2023-02-15,1.22364317031,317275457.1159728,993456,325059
2023-02-16,1.195012046683,348419062.8822308,1118226,341817
2023-02-17,1.237767811543,321168407.83675504,1050009,322140
2023-02-18,1.239058645614,327007835.31939054,1046593,273988
2023-02-19,1.225347760367,315328983.1570438,928713,244509
2023-02-20,1.246658143379,286131854.15263903,908106,267205
2023-02-21,1.226544841574,325061358.55753726,1012926,293613
2023-02-22,1.214898364016,272506528.0313633,931144,277803
2023-02-23,1.20196788302,332847259.99910176,1071298,291650
2023-02-24,1.165447448567,262774152.63086984,964247,298377
2023-02-25,1.164771417267,228809606.1413121,811239,259206
2023-02-26,1.183865293006,359556659.2106422,905055,271471
2023-02-27,1.181751158136,299630547.8012448,982682,296912
2023-02-28,1.165088210397,293209894.2181328,983627,335341
2023-03-01,1.188892073095,363837095.9600217,1076257,377754
2023-03-02,1.181929202448,308191421.3000036,939444,330024
2023-03-03,1.126016843463,359556659.2106422,1086253,355066
2023-03-04,1.125231451633,325313168.2975212,905589,306924
2023-03-05,1.130220819242,331733821.8806332,995537,287178
2023-03-06,1.130223291427,282508803.88564134,931807,318245
2023-03-07,1.122035533533,353136002.54561603,1063023,360867
2023-03-08,1.098460296734,284649020.719374,885079,290018
2023-03-09,1.031092147146,288929457.46875334,929904,339133
2023-03-10,1.026171253096,291688415.56457573,979055,322995
2023-03-11,1.043781214381,357219694.8827461,982511,323403
2023-03-12,1.118453254664,348559825.89122087,886609,263955
2023-03-13,1.222477139001,339899953.782142,999918,335201
2023-03-14,1.252017069531,316085307.04095167,1024780,327923
2023-03-15,1.233259096934,318250273.50944453,1006730,343857
2023-03-16,1.264318230866,290105693.8312686,879957,295146
2023-03-17,1.381709504388,318250273.50944453,1085422,339244
2023-03-18,1.357927080335,350724792.35971373,955447,293458
2023-03-19,1.41718434858,320415243.0954912,845573,271293
2023-03-20,1.398348824456,333405048.1415559,1014355,337263
2023-03-21,1.413889214116,313920337.4549051,990544,331907
2023-03-22,1.371700451034,344229889.8366814,940276,296448
2023-03-23,1.421886913625,398970829.72571325,902932,292159
2023-03-24,1.375231386162,377232885.4931153,893101,294570
2023-03-25,1.376280144651,337646717.00662136,898042,287422
2023-03-26,1.403671575252,335318120.43832463,851151,266890
2023-03-27,1.357098415255,344632513.417874,1057595,295339
2023-03-28,1.363066939643,312032141.34263265,982699,317587
2023-03-29,1.417071461284,342303913.49639606,977852,328588
2023-03-30,1.420441511641,360932699.4554946,1021839,331354
2023-03-31,1.443820674085,328332327.38025326,1043754,308895
2023-04-01,1.442211549223,326003727.45877534,1038858,316521
2023-04-02,1.425206305097,346961109.9861707,1012005,342161
2023-04-03,1.409099995135,305046344.9313801,985157,336905
2023-04-04,1.4219430768,377232885.4931153,1108155,419443
2023-04-05,1.424960408187,323675130.8904786,964688,345029
2023-04-06,1.41726242259,375586794.88083017,1022873,352346
2023-04-07,1.411891341659,338032941.7856073,956362,351639
2023-04-08,1.413111240664,349935509.40998685,885739,325340
2023-04-09,1.432780320048,347554997.25628686,936112,277152
2023-04-10,1.498410626119,292803183.44178885,947327,292988
2023-04-11,1.524007596955,366599104.7697063,1146146,375758
2023-04-12,1.506773205338,380882187.97572565,1056542,344791
2023-04-13,1.528589539867,338032941.7856073,1009669,326572
2023-04-14,1.531450017782,333271914.0502675,1016042,316304
2023-04-15,1.525286478334,376121160.24038583,1045660,275326
2023-04-16,1.523487449103,295183695.5954889,840992,235578
2023-04-17,1.481199761253,368979620.3513461,984242,316549
2023-04-18,1.524898878521,395165271.18174493,1149264,313000
2023-04-19,1.445557031038,330891401.89656746,985732,298359
2023-04-20,1.418296444501,319518832.834664,951443,297440
2023-04-21,1.370138666353,351118489.414672,1015546,352999
2023-04-22,1.396814023725,360804517.52650416,914896,356615
2023-04-23,1.385375480736,355961503.4705881,840711,434101
2023-04-24,1.381178300296,341432464.7898097,998948,358615
2023-04-25,1.420027669157,302688355.8294509,895988,373152
2023-04-26,1.423548393886,314795889.2257562,893248,433927
2023-04-27,1.477024680925,314795889.2257562,892914,419005
2023-04-28,1.470212541775,355961503.4705881,957827,484327
2023-04-29,1.463534273428,331746436.67797756,803633,487346
2023-04-30,1.470402257877,358383012.24203104,767567,561448
2023-05-01,1.408272273073,440714244.2186647,929691,685711
2023-05-02,1.436592482997,312374380.4543132,820724,460621
2023-05-03,1.45181633614,341432464.7898097,953701,488518
2023-05-04,1.442232154866,351712781.63476974,914598,490738
2023-05-05,1.476466635695,283977798.860469,822037,411057
2023-05-06,1.443843173393,355568839.3482855,764917,603617
2023-05-07,1.429877064919,331705160.33113664,549932,614264
2023-05-08,1.378067479397,326932423.8404329,696710,573864
2023-05-09,1.374090435543,360341575.83898926,772112,592036
2023-05-10,1.374436923429,405682570.78249,891517,672910
2023-05-11,1.341912915639,360341575.83898926,831417,544837
2023-05-12,1.331264514159,336477896.82184047,809188,508450
2023-05-13,1.334669775407,346023366.366878,705679,581550
2023-05-14,1.338338944895,415228040.3275276,835319,626942
2023-05-15,1.352469393563,350796102.85758173,817441,526691
2023-05-16,1.341803499909,365114312.32969296,814467,564700
2023-05-17,1.360182926857,381818888.3289712,841652,579967
2023-05-18,1.332798511609,345151895.57295674,814709,478050
2023-05-19,1.335285312277,369469366.94369566,904374,513521
2023-05-20,1.345668504663,322669911.9767492,719434,423450
2023-05-21,1.329584607553,371932494.47236896,775828,487763
2023-05-22,1.331796174941,354690591.130938,817592,506455
2023-05-23,1.349756710174,379321880.6052949,859507,514901
2023-05-24,1.306148991112,347301204.99801207,859470,398061
2023-05-25,1.312302574122,371932494.47236896,923963,466257
2023-05-26,1.323951129649,376858753.0766216,963216,533103
2023-05-27,1.330559181986,357153718.6596113,877266,469559
2023-05-28,1.391560954233,394100656.41805273,863880,499561
2023-05-29,1.374801000798,399026915.0223052,912071,548854
2023-05-30,1.371662586882,379321880.6052949,959148,511408
2023-05-31,1.347122513076,350148490.60783935,925966,421021
2023-06-01,1.32755818548,336187210.7165766,919298,351891
2023-06-02,1.348499664123,417687139.4758992,982760,485798
2023-06-03,1.339845350422,331093464.71068186,873884,380045
2023-06-04,1.343716524322,376937175.09623784,879948,357474
2023-06-05,1.276417765634,351468445.06676406,884289,363110
2023-06-06,1.3462357416,384577792.2713316,1032895,468063
2023-06-07,1.303228127244,343827827.89167035,1004588,429649
2023-06-08,1.312170481703,392218409.44642526,964762,403263
2023-06-09,1.309627647538,430421502.6568876,1020140,387748
2023-06-10,1.279906228962,392218409.44642526,943047,364874
2023-06-11,1.282204028842,415140264.63920337,872589,401105
2023-06-12,1.282415132209,399859030.28901595,985947,371500
2023-06-13,1.281288526881,374390300.2595421,933842,405497
2023-06-14,1.242758133707,312665624.1002992,828183,333934
2023-06-15,1.265794710232,385148460.99591213,919869,421465
2023-06-16,1.303742036635,398160232.4659681,958674,521861
2023-06-17,1.312806147734,364329623.64591026,863600,468094
2023-06-18,1.304485514887,392955523.1284677,883864,442763
2023-06-19,1.326002267293,369534332.9834107,920552,412858
2023-06-20,1.401058308786,353920204.9709093,951926,446312
2023-06-21,1.487688159529,314884890.5607413,920555,363604
2023-06-22,1.479224774259,356522561.5133547,1000988,390860
2023-06-23,1.511461032551,325294309.2357422,948738,373178
2023-06-24,1.506266238891,379943751.6584117,1011110,360123
2023-06-25,1.501725462895,398160232.4659681,944147,384437
2023-06-26,1.490477217783,379943751.6584117,998904,405162
2023-06-27,1.508993136561,364329623.64591026,978594,433747
2023-06-28,1.480047953676,280122385.0259662,826245,331234
2023-06-29,1.4974352167,367574940.7040657,970467,435226
2023-06-30,1.497404119431,397786578.42446953,1067040,446825
2023-07-01,1.500071404388,334845664.3921468,918349,320180
2023-07-02,1.500295120753,430515854.7363883,997177,307552
2023-07-03,1.525922363387,344916211.5074136,977874,333178
2023-07-04,1.509148391226,354986758.6226805,963366,377184
2023-07-05,1.494037535141,392751304.8668361,964759,494320
2023-07-06,1.470491737414,349951485.065047,973154,393611
2023-07-07,1.487208780434,440586401.8516551,1021136,558253
2023-07-08,1.483788128844,448139310.37540686,1009931,574664
2023-07-09,1.478660537861,425480581.17875487,978223,593770
2023-07-10,1.489525354536,387716031.30920255,925790,508406
2023-07-11,1.499536522954,339880937.9497802,937945,430012
2023-07-12,1.487755265888,383801277.4233714,942309,477324
2023-07-13,1.538500113181,321592672.2254732,874515,373263
2023-07-14,1.483457241083,369831573.2522498,996373,421261
2023-07-15,1.482403144167,369831573.2522498,914738,489697
2023-07-16,1.480253300626,415390537.04825526,927843,591972
2023-07-17,1.475399676867,364471694.9315955,931087,440009
2023-07-18,1.45985580542,434150109.24098927,1028951,569852
2023-07-19,1.463037215762,396630964.85552126,969285,482668
2023-07-20,1.457534391178,343032185.5080904,901211,398519
2023-07-21,1.463442609814,300153162.8019681,855163,322339
2023-07-22,1.453936935337,359111820.47005326,923147,288229
2023-07-23,1.470319604139,393951023.76563805,894084,560423
2023-07-24,1.427138509577,401990843.1761756,938461,530301
2023-07-25,1.42923855151,369831573.2522498,940528,463976
2023-07-26,1.436080716187,380796719.35454816,1015337,451236
2023-07-27,1.429632064392,358973120.0187306,943734,413776
2023-07-28,1.440164978549,364175629.4388057,948590,448372
2023-07-29,1.442211649973,343365595.50431174,889450,423912
2023-07-30,1.437384415792,437010757.5740507,1010937,645339
2023-07-31,1.435482408871,366776886.02174646,922082,446746
2023-08-01,1.449024030947,361574376.60167134,983005,405391
2023-08-02,1.432048628755,400593191.63352495,1069904,393762
2023-08-03,1.434367776395,392789429.3763156,1030326,476666
2023-08-04,1.427652983063,314751795.5668019,912508,318338
2023-08-05,1.427408392655,400593191.63352495,992041,499440
2023-08-06,1.427044043698,426605738.7339005,973822,611086
2023-08-07,1.432710437146,379783157.69903105,952272,423178
2023-08-08,1.46267267691,325156814.4069521,874562,332667
2023-08-09,1.452750656477,421665740.3548995,1057273,508817
2023-08-10,1.445222004734,330756211.7722732,947623,355773
2023-08-11,1.443460117805,393261324.22346073,954168,502936
2023-08-12,1.444002195989,434931397.9408168,926800,512116
2023-08-13,1.437480909277,351591250.5061046,860881,497535
2023-08-14,1.443311936754,445348917.30773246,1007719,563322
2023-08-15,1.43140313407,445348917.30773246,1073564,581895
2023-08-16,1.411251226179,424513878.57390106,947796,574119
2023-08-17,1.309597789983,406283221.556952,1050502,492845
2023-08-18,1.279955274829,362008769.87302023,1016460,424283
2023-08-19,1.282875825078,364613147.83959585,878361,521811
2023-08-20,1.287026193244,421909500.6073255,929724,611930
2023-08-21,1.285209423972,429722638.2573589,1002377,551541
2023-08-22,1.278234400958,381739775.69656736,922178,422819
2023-08-23,1.301640510691,392623891.47878736,937656,409372
2023-08-24,1.286264498958,384329021.8498855,946410,401881
2023-08-25,1.282530939849,373269193.0236576,922155,425953
2023-08-26,1.280910484603,378799107.4367715,917123,499325
2023-08-27,1.284719699038,320735012.071382,808508,411227
2023-08-28,1.285785965076,326264922.5029578,873786,326485
2023-08-29,1.3631929159,436863202.8021611,1060996,509039
2023-08-30,1.344866297954,348384580.15541375,877649,406652
2023-08-31,1.279294333561,398153805.89190143,968985,433684
2023-09-01,1.272142442172,417508504.3470313,1051172,418665
2023-09-02,1.275429178013,420273463.5443573,955720,545957
2023-09-03,1.280178738226,436863202.8021611,864433,627700
2023-09-04,1.272295663234,411978589.9339173,920027,575666
2023-09-05,1.271797475869,342854665.74229974,940913,453308
2023-09-06,1.270666304167,364053703.2546238,1001123,485735
2023-09-07,1.293153415402,393005454.3704645,1003310,541513
2023-09-08,1.278230950625,358011817.1993768,986937,408954
2023-09-09,1.277871761676,406464544.39743114,1116330,599142
2023-09-10,1.274805713565,395697270.8253705,1049360,557602
2023-09-11,1.240998802155,427999091.5415522,1120614,463598
2023-09-12,1.276849786407,379546364.3434978,1042537,461193
2023-09-13,1.294929881704,395697270.8253705,1049105,513232
2023-09-14,1.31072461763,436074544.78248847,1131002,574875
2023-09-15,1.316247721823,506061819.12466395,1234300,708663
2023-09-16,1.31045230781,417231817.9694916,1053706,591563
2023-09-17,1.30778359727,401080907.6114008,1039207,616879
2023-09-18,1.320321096515,419923634.4243977,1125172,625728
2023-09-19,1.341491282124,386415687.751435,1035954,491377
2023-09-20,1.337531751739,414558854.2037332,1062056,561350
2023-09-21,1.310046276386,391843298.7563836,1078476,427398
2023-09-22,1.310529519075,366288300.9225151,978848,433758
2023-09-23,1.310250960634,442953294.42412055,1090192,639336
2023-09-24,1.296058458113,414558854.2037332,1061159,428059
2023-09-25,1.296187807462,411719407.72841465,1104115,294377
2023-09-26,1.291644411828,386164409.89454615,1027673,305251
2023-09-27,1.298711354638,445792740.8994391,1072094,341149
2023-09-28,1.332826815107,414558854.2037332,1045920,376671
2023-09-29,1.326653306014,417398296.5902521,1050872,323661
2023-09-30,1.329742814001,391843298.7563836,1019753,280334
2023-10-01,1.377331393995,400361634.09353954,921731,320190
2023-10-02,1.35843524556,445792740.8994391,1027085,340200
2023-10-03,1.351957092666,466801496.99817747,1077556,309334
2023-10-04,1.369035570095,373280258.5727724,904067,293693
2023-10-05,1.350981968888,401774937.14888096,946720,321037
2023-10-06,1.37581058469,455914820.2886373,915218,293272
2023-10-07,1.376921632645,487258964.67074,853582,242646
2023-10-08,1.375035048808,421721210.10054034,786381,243277
2023-10-09,1.357643501831,444516948.85819376,942188,280007
2023-10-10,1.349224905545,461613756.003859,903210,283755
2023-10-11,1.320267435058,455914820.2886373,867301,265623
2023-10-12,1.316151935393,470162157.5250749,911879,272350
2023-10-13,1.321220609655,393226531.5244317,917035,278419
2023-10-14,1.321559699731,416022274.3853186,806946,258882
2023-10-15,1.334644980263,475861093.24029666,795940,258142
2023-10-16,1.401484702482,417078811.47604144,1018543,298000
2023-10-17,1.397569787083,491483968.44434166,917408,294069
2023-10-18,1.392147247637,439908488.33259135,932487,275052
2023-10-19,1.410163206398,424739231.01810473,918882,282274
2023-10-20,1.458847579295,406536123.98821926,952627,293330
2023-10-21,1.469157536053,455077750.0158244,871252,268430
2023-10-22,1.471860430263,464179303.53076714,795000,247456
2023-10-23,1.613500605985,476314711.12985504,1071672,312741
2023-10-24,1.654397557736,382265308.79004353,1021188,372695
2023-10-25,1.681601781377,436874638.61719257,1090466,477890
2023-10-26,1.663662918099,455077750.0158244,1099370,429794
2023-10-27,1.648793504518,467213153.24616593,1052994,456280
2023-10-28,1.65738945553,485416264.6447977,1018571,564578
2023-10-29,1.679987904494,415637677.503162,909920,403706
2023-10-30,1.674700476949,482896145.81756824,1097494,461480
2023-10-31,1.679986208289,481286783.3729944,1044499,437895
2023-11-01,1.715331297044,462656325.77122176,1053031,461955
2023-11-02,1.687432786238,447130946.6720661,1062991,410238
2023-11-03,1.677473281454,422290336.53636926,990903,450384
2023-11-04,1.695198047921,521652772.60784686,1118816,704138
2023-11-05,1.69531363252,506127389.0373817,1144443,666535
2023-11-06,1.690062847822,394344652.3693652,993108,439013
2023-11-07,1.707693280842,412975109.97113776,961106,449873
2023-11-08,1.724477503,462656325.77122176,1004807,585167
2023-11-09,1.762200964364,444025872.6407587,989778,571031
2023-11-10,1.792853668717,478181704.8703776,1127201,526138
2023-11-11,1.773581111946,496812162.47215015,1073475,628048
2023-11-12,1.776498366314,506634196.247056,1008655,706503
2023-11-13,1.751221714879,389037995.7448952,963722,418873
2023-11-14,1.705402061503,443696223.8353265,957065,525384
2023-11-15,1.810152914492,475848126.79723346,961281,569166
2023-11-16,1.729237075753,475848126.79723346,933700,628280
2023-11-17,1.747806543208,482278507.3896148,1014052,532945
2023-11-18,1.74769689693,479063314.77848727,860889,629610
2023-11-19,1.78814575059,546582308.683555,962703,712264
2023-11-20,1.789732455017,533721547.49879223,1064908,630519
2023-11-21,1.717720966087,488708887.9819962,1007505,530112
2023-11-22,1.780655097435,456556985.02008927,979014,536770
2023-11-23,1.775570834214,472632934.1861059,970303,586979
2023-11-24,1.793664605571,540151928.0911736,1136807,624489
2023-11-25,1.796938311512,511704247.86252016,1032695,612626
2023-11-26,1.781247130023,493217212.10255015,983533,578192
2023-11-27,1.768699884325,439166011.3759895,981736,478456
2023-11-28,1.795694998493,496595410.0196941,996007,447781
2023-11-29,1.794443185541,459435208.60806966,915309,358838
2023-11-30,1.787790724759,452678812.77378166,958958,410936
2023-12-01,1.831958430263,570915812.8429431,1131524,497410
2023-12-02,1.866562636124,429031407.8953413,860355,435763
2023-12-03,1.88957149278,557403011.4451509,919493,707186
2023-12-04,1.974157660867,523621012.8152785,1034656,567712
2023-12-05,2.070210110876,466191609.30696577,867570,513549
2023-12-06,2.049004981703,459435208.60806966,867353,469800
2023-12-07,2.024192806038,388493008.5665728,898183,368965
2023-12-08,2.063554127808,456057010.69092566,924415,411806
2023-12-09,2.040603828859,530377413.5141746,927620,593873
2023-12-10,2.039126541822,469156589.98176646,848613,528723
2023-12-11,1.920421604102,528635574.13248897,1010741,528218
2023-12-12,1.928403638971,481794448.28640914,886419,547067
2023-12-13,1.994507456072,498523421.1145884,742559,586126
2023-12-14,1.997076014934,488486038.3812697,711343,569840
2023-12-15,1.945584187067,545364546.9606683,860116,632050
2023-12-16,1.954587603816,508560808.6658516,724669,636141
2023-12-17,1.918432937883,501869218.570991,703993,621213
2023-12-18,1.970997560336,562093524.6067921,928612,641771
2023-12-19,1.952266717846,542018754.3222103,817240,662370
2023-12-20,2.010355157868,485140240.9248672,787679,580281
2023-12-21,2.02055347695,488486038.3812697,815395,589222
2023-12-22,2.024349186253,562093524.6067921,1012121,623750
2023-12-23,2.012046953684,561495983.9886068,893092,609387
2023-12-24,1.978993772604,612085087.5512701,880971,724746
2023-12-25,2.002168071468,497542850.09060687,702609,531891
2023-12-26,1.947666354666,497542850.09060687,742922,556724
2023-12-27,1.98454282113,461748397.6626492,776011,541778
2023-12-28,1.948191066046,433112840.8746837,848615,417387
2023-12-29,1.915289168243,540496187.8497554,910761,579710
2023-12-30,1.923525954915,519019516.3929808,787521,540497
2023-12-31,1.923147103068,558393411.4865339,791644,724837
2024-01-01,2.005011405976,554813968.8209385,827239,655722
2024-01-02,2.041843744783,468907288.14824075,867688,364237
2024-01-03,1.941607815328,565552301.9721255,940343,502203
2024-01-04,1.991280476371,608505644.8856747,1010934,482718
2024-01-05,1.983754393826,493963402.27061075,813324,416347
2024-01-06,1.972626827535,509355148.23104286,808917,389306
2024-01-07,1.968589392178,429363545.3243672,713381,348435
2024-01-08,2.105199604079,447556920.0629499,756849,409400
2024-01-09,2.061111820714,553078470.4920906,902934,470829
2024-01-10,2.090437479903,483943659.060734,839431,384427
2024-01-11,2.06755309096,629490625.5312515,960999,450822
2024-01-12,1.910157143573,611297256.0323596,987727,367870
2024-01-13,1.911017344621,578549188.8384776,845713,667027
2024-01-14,1.868072683047,465750289.5618419,722721,591106
2024-01-15,1.895817002527,414808852.869068,786699,401054
2024-01-16,1.915131498731,454834268.91044486,782242,469892
2024-01-17,1.892920670298,440279571.21545494,809220,455050
2024-01-18,1.826405496575,516691726.2546159,897358,480795
2024-01-19,1.840326498572,480304987.25683194,806018,461325
2024-01-20,1.842828285649,512668948.5237081,817313,565601
2024-01-21,1.836787376079,489551346.64456606,767739,593968
2024-01-22,1.750703117876,559487254.0274162,951076,451204
2024-01-23,1.75685238167,538506480.3019456,865990,368563
2024-01-24,1.769398537471,524519302.8536838,899326,368789
2024-01-25,1.759912897525,632919954.5134856,1101397,347123
2024-01-26,1.843658004535,531512894.0955074,892906,496525
2024-01-27,1.854538165179,597952003.3397532,965883,603739
2024-01-28,1.847823938144,559487254.0274162,898096,629248
2024-01-29,1.900281404617,545500071.5437692,959589,580828
2024-01-30,1.884454643724,503538529.1282132,907924,524001
2024-01-31,1.865776569305,458080188.5740528,870798,437107
2024-02-01,1.883692689819,535009687.1987265,933880,410372
2024-02-02,1.888479126867,677399664.675745,932903,432087
2024-02-03,1.880647419447,566738184.0279739,820828,515129
2024-02-04,1.862423695961,581751117.2721473,802004,331515
2024-02-05,1.863325630825,585504347.8808628,852467,281772
2024-02-06,1.881777313878,638049614.2354698,865722,280196
2024-02-07,1.929905898886,600517281.1250362,901234,425025
2024-02-08,1.974244701407,517946153.6867381,818130,287438
2024-02-09,2.050894304805,623036680.9912964,950564,330447
2024-02-10,2.075743628106,570491420.041345,963958,406003
2024-02-11,2.091679256465,514192923.0780225,840255,323411
2024-02-12,2.163451148703,671828711.3325322,1013562,413637
2024-02-13,2.144571750971,506686456.45593584,843469,305214
2024-02-14,2.227481564237,521699389.7001092,803805,298455
2024-02-15,2.227672856945,606890743.6292629,892019,309299
2024-02-16,2.233361065632,544386619.0220116,836256,306995
2024-02-17,2.211108586549,609388005.4074552,850883,330435
2024-02-18,2.229209056718,491572990.75567466,748090,346126
2024-02-19,2.207720044105,552511787.2013328,867774,366190
2024-02-20,2.226411177484,572824725.2000104,866223,396745
2024-02-21,2.199223255693,560636961.2307789,821320,369350
2024-02-22,2.176256754311,548449203.1116722,855859,366922
2024-02-23,2.151044247173,645951285.6149,938307,403218
2024-02-24,2.182874558495,556574377.1411183,819174,342157
2024-02-25,2.188723304731,666264217.7634528,894568,421219
2024-02-26,2.30035580813,540324029.0822262,887140,355313
2024-02-27,2.39296751458,524073681.0233341,917983,388230
2024-02-28,2.578804516452,605325415.4676697,1054242,415406
2024-02-29,2.523625575021,540324029.0822262,989364,407609
2024-03-01,2.552193764104,607463923.1349978,1058499,415081
2024-03-02,2.530515094253,500960507.5972892,843207,342086
2024-03-03,2.564912446775,611408497.2364957,868123,385135
2024-03-04,2.751198902437,508849650.1201027,889591,358771
2024-03-05,2.565781926711,658743346.6931943,1163884,424703
2024-03-06,2.612226371577,552239931.1554856,922558,381467
2024-03-07,2.630694305772,710022770.2513908,1034779,437969
2024-03-08,2.663773784415,607463923.1349978,947450,424558
2024-03-09,2.664446669894,642965061.6475674,915625,362520
2024-03-10,2.673324643842,564073647.779797,862638,363011
2024-03-11,2.776042557045,670577063.3175056,1150718,393001
2024-03-12,2.732831670246,556184505.2569835,1016389,344882
2024-03-13,2.746836537171,631131350.7034383,1093495,387845
2024-03-14,2.676637138189,580862770.2919041,1000634,330080
2024-03-15,2.593181988006,529980319.0136912,963220,311078
2024-03-16,2.443363523614,600922569.4689919,916345,355299
2024-03-17,2.541969044316,609268716.934864,861558,365645
2024-03-18,2.51875351754,600922569.4689919,910571,417117
2024-03-19,2.30649799611,655172524.9925482,974102,459004
2024-03-20,2.517432122856,621787935.1290596,942142,360623
2024-03-21,2.425056482588,500768805.88775134,819742,328692
2024-03-22,2.347242779085,563364908.8771799,915500,347556
2024-03-23,2.355130916016,650999448.2549993,908728,315648
2024-03-24,2.459089042138,709422480.5161047,918817,331993
2024-03-25,2.531973278125,550845690.6829845,918815,320633
2024-03-26,2.529858023857,559191838.1488568,851577,313314
2024-03-27,2.497305617703,567537979.6055032,865580,358499
2024-03-28,2.542320039061,630471212.2216165,942681,433584
2024-03-29,2.50681430136,595046224.9834744,847610,451776
2024-03-30,2.495980095994,640501145.6086524,826192,486300
2024-03-31,2.54947270434,566120367.485718,691124,315001
2024-04-01,2.483865174687,619839819.6746066,970510,330165
2024-04-02,2.325824861038,611575288.1108959,953501,358331
2024-04-03,2.343574739079,586781693.4197637,965290,369696
2024-04-04,2.422340254314,570252630.2923422,978380,324609
2024-04-05,2.401839662162,611575288.1108959,950040,346357
2024-04-06,2.442327543695,640501145.6086524,907389,433426
2024-04-07,2.449775072637,702485129.3612517,833045,526443
2024-04-08,2.52594267686,652897939.9789873,896193,454644
2024-04-09,2.431151797828,603310756.5471852,890535,450513
2024-04-10,2.480887886464,627214744.5940204,846297,538372
2024-04-11,2.459930871341,566860611.596584,748021,479937
2024-04-12,2.355699837214,584038201.0151991,832502,441977
2024-04-13,2.266724603585,704281364.049109,869723,510750
2024-04-14,2.303797513539,674220574.8366151,839158,468144
2024-04-15,2.224653591762,605510198.6103525,813736,503794
2024-04-16,2.235583060627,708575759.8577794,941086,453968
2024-04-17,2.150115532828,588332603.0078033,794595,385424
2024-04-18,2.223657090198,622687788.0289677,823945,416810
2024-04-19,2.229521797353,648454181.4327914,880733,398632
2024-04-20,2.268874228093,558271813.7953093,509709,630654
2024-04-21,2.270178573833,601215796.6177481,565959,644793
2024-04-22,2.336371416788,652748583.4253956,659537,673406
2024-04-23,2.315430605828,721458959.6516583,547174,928131
2024-04-24,2.229186378145,672198686.5397469,835569,600768
2024-04-25,2.239412644798,626294685.533232,818807,525222
2024-04-26,2.213395882136,582497851.0693291,847289,440854
2024-04-27,2.200293292653,613155632.0406892,856864,459297
2024-04-28,2.182739504636,613155632.0406892,707117,480244
2024-04-29,2.213049963714,573738484.1765486,856192,400991
2024-04-30,2.099491659604,617535318.6404513,827915,501881
2024-05-01,2.01516295818,578118170.7763107,781183,477225
2024-05-02,2.050901531028,635054046.1192688,744998,563418
2024-05-03,2.180678249434,564979117.283768,731936,437975
2024-05-04,2.210725676775,617535318.6404513,613171,668343
2024-05-05,2.216655067084,608775951.7476709,573428,626139
2024-05-06,2.186202853853,534321336.312408,670316,507965
2024-05-07,2.157205469069,534321336.312408,702887,373579
2024-05-08,2.110540935051,556219750.3909875,697417,453934
2024-05-09,2.175223560734,612635655.6510732,671205,521126
2024-05-10,2.102988744981,599332434.9336824,606931,720578
2024-05-11,2.100448702876,657199019.7430513,612137,712455
2024-05-12,2.119745795365,545599186.5386837,573640,562310
2024-05-13,2.168233271084,607599089.9064493,746125,541770
2024-05-14,2.121406641577,562132490.5322264,686207,422749
2024-05-15,2.275705533512,582799130.9401395,714393,499145
2024-05-16,2.238813737175,586932455.4505274,689540,481822
2024-05-17,2.293532882786,640665709.7975173,743911,564502
2024-05-18,2.293351817746,529065876.5931496,650957,399736
2024-05-19,2.267741433359,636532379.3351383,637953,641786
2024-05-20,2.430732575262,644799034.3079053,706063,632582
2024-05-21,2.392177115696,570399145.5049936,746087,544407
2024-05-22,2.350508549105,632399054.8247504,709347,587003
2024-05-23,2.30342600975,706501036.6485612,728396,736406
2024-05-24,2.329942400919,671140034.0912752,663534,739561
2024-05-25,2.351755247843,671140034.0912752,591356,844733
2024-05-26,2.321857258415,704697038.5139561,538911,852881
2024-05-27,2.349289009693,515938903.7370268,612909,549315
2024-05-28,2.276025405912,562079781.7980828,653177,594169
2024-05-29,2.249666771523,574663655.4364581,559784,721240
2024-05-30,2.274593932765,515938903.7370268,649063,510008
2024-05-31,2.240434640049,620804533.4975141,656289,713689
2024-06-01,2.250811711614,591442157.6477985,570980,737521
2024-06-02,2.252890611825,587247529.0748333,536181,729457
2024-06-03,2.282844084426,658556160.4529,689745,758731
2024-06-04,2.336035028633,562079781.7980828,637180,636795
2024-06-05,2.350051564625,515938903.7370268,592424,562197
2024-06-06,2.333807126267,554745618.7245225,624088,602842
2024-06-07,2.283767499815,590944002.2950455,583336,250713
2024-06-08,2.281753656488,715791324.8666921,772154,529506
2024-06-09,2.291783692164,636721355.3029393,609844,761292
2024-06-10,2.284430208974,578459271.8356823,684041,661124
2024-06-11,2.210797104332,511874032.7312927,684207,469892
2024-06-12,2.236528862009,607590313.5693108,677849,690905
2024-06-13,2.189193919128,603428732.7544087,613255,729876
2024-06-14,2.162288948988,532681918.8277885,606488,599059
2024-06-15,2.168574282271,557651385.7391865,635369,447381
2024-06-16,2.181700780897,678337127.4959309,735939,452652
2024-06-17,2.17600767278,582620846.6579129,724644,465013
2024-06-18,2.131170120016,632559780.4807088,733498,605888
2024-06-19,2.122527340691,570136116.1985496,622245,635236
2024-06-20,2.122824344632,553312848.2609437,661281,528366
2024-06-21,2.094841851078,582332777.6713909,719280,592761
2024-06-22,2.094393635978,632247019.8647388,639305,681231
2024-06-23,2.064629768046,465866224.5329962,511478,497676
2024-06-24,1.965852605759,632247019.8647388,756391,525488
2024-06-25,2.013824808421,515780460.7366355,631668,550745
2024-06-26,1.983142815892,503301903.1831528,659381,465408
2024-06-27,2.00449611147,540737581.8333095,741302,427935
2024-06-28,1.963323618484,561535179.7523502,752964,595003
2024-06-29,1.982090071071,653044617.7837796,720705,703622
2024-06-30,2.04224535277,503301903.1831528,653363,518698
2024-07-01,2.04314593286,586492300.8490242,907181,596143
2024-07-02,2.017079157971,615608939.1336229,750376,608523
2024-07-03,1.956495892684,603130375.5904316,769767,536681
2024-07-04,1.867131113244,582332777.6713909,715636,535655
2024-07-05,1.84216706331,480652547.19206446,694964,493163
2024-07-06,1.891715119434,652035051.0748852,720587,656568
2024-07-07,1.82212870475,557193592.6181126,594423,684693
2024-07-08,1.84231499501,628324689.305936,798942,586774
2024-07-09,1.882826099963,608566046.9111612,762581,644607
2024-07-10,1.873671456415,537434950.2233378,646708,632748
2024-07-11,1.860391707754,553241861.8629625,646553,646591
2024-07-12,1.877696697499,592759140.9620242,708446,659272
2024-07-13,1.924461076714,608566046.9111612,601071,733907
2024-07-14,1.978252221421,659938506.8946975,751254,588547
2024-07-15,2.094337235781,604614321.8464988,787506,544485
2024-07-16,2.10249498714,580903954.3870618,746639,536502
2024-07-17,2.0722141993,628324689.305936,729938,617766
2024-07-18,2.063284607936,515736551.8693225,764574,435804
2024-07-19,2.146794861585,599556359.5658232,755308,507835
2024-07-20,2.159544550027,672971424.2421772,673407,696460
2024-07-21,2.186185421436,689285884.3643016,607493,858284
2024-07-22,2.167482354881,730072034.6696123,749350,827992
2024-07-23,2.109594621683,689285884.3643016,671794,827733
2024-07-24,2.091076478928,571006057.2887083,681137,601149
2024-07-25,2.101052278672,664814194.1811152,713877,708129
2024-07-26,2.167988897972,652578352.0261246,715636,458448
2024-07-27,2.17149524018,628106661.8429381,694649,454253
2024-07-28,2.173689504641,603634977.5329568,578686,756828
2024-07-29,2.130351323441,725993416.7024785,794379,821955
2024-07-30,2.10753663783,611792207.594019,673555,670957
2024-07-31,2.060104597961,615358184.0246311,740485,578053
2024-08-01,2.073446664875,630987878.5179507,772675,532152
2024-08-02,1.958129492294,563382038.5632738,764749,410307
2024-08-03,1.931910948089,608452598.5330584,692352,502369
2024-08-04,1.85658107668,644509051.7010149,668340,526479
2024-08-05,1.734614783702,703100778.3637027,817104,550851
2024-08-06,1.790105908673,630987878.5179507,729981,483465
2024-08-07,1.76102665944,549860865.3802096,714826,381999
2024-08-08,1.974027468759,581410258.657091,722252,485878
2024-08-09,1.934847151042,585917318.548166,705635,394215
2024-08-10,1.937094140148,581410258.657091,594175,556497
2024-08-11,1.872742222889,725636064.838756,630696,641944
2024-08-12,1.890144044639,617466711.8250475,714520,442326
2024-08-13,1.926417221684,671551385.0868213,706882,582647
2024-08-14,1.87350048326,593799520.5910221,662757,510189
2024-08-15,1.835793831991,690944705.1107434,715632,658114
2024-08-16,1.876508258409,613213425.7080535,700335,581170
2024-08-17,1.891903199321,643442255.8959327,612305,706066
2024-08-18,1.871999609436,673671086.0838118,588717,758170
2024-08-19,1.891279440638,561392574.845761,687027,560243
2024-08-20,1.882426600371,647760663.7619168,696903,715687
2024-08-21,1.945233846186,634805446.3824669,711700,684872
2024-08-22,1.921170694846,690944705.1107434,719227,797502
2024-08-23,2.035903975825,708218324.137675,694990,799006
2024-08-24,2.032046751517,660715874.9228642,611271,797698
2024-08-25,2.046583028581,574347786.0067085,539499,703385
2024-08-26,1.998001382993,578666193.8726926,656542,606871
2024-08-27,1.891971799295,613213425.7080535,685194,676465
2024-08-28,1.875827072948,704440301.0132378,740845,721912
2024-08-29,1.883349152914,587091198.731184,723280,525910
2024-08-30,1.876982694923,631567801.6874318,826297,548197
2024-08-31,1.87073697854,653806103.1655557,670825,695519
2024-09-01,1.820019010688,631567801.6874318,660770,656333
2024-09-02,1.877143284457,742759315.4826823,717673,739986
2024-09-03,1.829729699885,662701425.0377314,699302,592324
2024-09-04,1.841861370616,671596746.9099072,699461,728756
2024-09-05,1.781930708989,689387390.6542588,734546,714387
2024-09-06,1.710811543806,644910781.2933799,726287,665444
2024-09-07,1.718206634267,702730370.2602069,606660,794571
2024-09-08,1.743469313486,742759315.4826823,596940,906655
2024-09-09,1.814072811646,644910781.2933799,736827,570838
2024-09-10,1.830850569033,609329500.2093079,733172,556413
2024-09-11,1.822802476165,496254188.9565946,662704,408991
2024-09-12,1.844923692611,700222817.5061857,775748,561823
2024-09-13,1.918166417135,566627674.5179347,794367,422965
2024-09-14,1.901061522523,640335338.4711612,688474,637192
2024-09-15,1.873189573393,695616084.7776585,643849,730022
2024-09-16,1.844209085413,575841133.3412993,746172,486773
2024-09-17,1.906555569386,691009358.6828212,732953,551806
2024-09-18,1.938486988135,635728605.742634,720313,535050
2024-09-19,1.989407371018,562020941.7894076,746741,449403
2024-09-20,1.991251479392,667975708.3075649,822445,524801
2024-09-21,1.997224680189,621908420.8244321,665209,564640
2024-09-22,2.00309504051,626515146.9192694,595289,629903
2024-09-23,1.993210662996,672582441.036092,796781,573531
2024-09-24,2.02322807255,667975708.3075649,749184,531570
2024-09-25,1.980828516174,655944699.4434932,713234,504605
2024-09-26,2.040909822528,571298869.5864017,721855,483781
2024-09-27,2.061133588941,602061115.6314253,751618,434448
2024-09-28,2.059734897491,566904259.3924077,649697,521838
2024-09-29,2.054377793402,681164035.8409815,680061,685081
2024-09-30,1.980655974681,602061115.6314253,732082,593815
2024-10-01,1.906306811115,689953249.900736,863700,624352
2024-10-02,1.901135632078,681164035.8409815,711643,599545
2024-10-03,1.903667765594,694347853.7664962,737116,574536
2024-10-04,1.942653036999,742688527.9310286,784413,571667
2024-10-05,1.941600018448,663585607.7214726,608641,759113
2024-10-06,1.964736190677,667980217.9154667,610738,744069
2024-10-07,1.952455630153,681164035.8409815,719501,717392
2024-10-08,1.926780183281,733899313.8712742,822783,711462
2024-10-09,1.880158282942,575872986.8706377,668278,534258
2024-10-10,1.868650690361,709250576.1991408,679738,759342
2024-10-11,1.931911669891,640613421.5382025,718986,631180
2024-10-12,1.953970337674,654340856.4238901,606243,732389
2024-10-13,1.939547429605,631461800.4774662,609844,643752
2024-10-14,2.039522213226,636037614.3024176,722649,609666
2024-10-15,2.060181206339,713826383.4349256,787245,648296
2024-10-16,2.079852586869,645189235.3631538,614677,722995
2024-10-17,2.067823405287,718402197.259877,765780,637858
2024-10-18,2.097751626956,622310179.41673,723986,471530
2024-10-19,2.095293659588,791615159.1566001,685573,738236
2024-10-20,2.110307256847,791615159.1566001,688498,785369
2024-10-21,2.056928495458,782463538.0958638,717571,837363
2024-10-22,2.0548573040083666,639026240.6203892,639877,696851
2024-10-23,2.030149964645596,718143297.5144314,740774,655119
2024-10-24,2.0735534317639304,699119632.4620647,656927,700022
2024-10-25,2.015882390039284,727655130.0406147,859095,503588
2024-10-26,2.038385405545456,694363719.6232325,727063,603956
2024-10-27,2.0672450714484363,765702460.1453482,654362,695610
2024-10-28,2.12079659111609,798993870.5627302,756668,713082
2024-10-29,2.199387577615285,746678795.0929815,831182,617786
2024-10-30,2.1895048875101897,803749783.4015627,794409,674680
2024-10-31,2.1253164193551783,751434707.9318137,789382,562286
2024-11-01,2.096717117505966,727655130.0406147,819093,547824
2024-11-02,2.088469515716,670584141.7320336,690705,540251
2024-11-03,2.072996077959187,627780898.7884681,627617,455287
2024-11-04,2.0421715913323313,722003987.1010513,811710,462249
2024-11-05,2.0934035678438234,702351990.3092508,768957,457869
2024-11-06,2.265383861200003,773092476.7620561,894241,500965
2024-11-07,2.268079148113374,788251150.3516102,792482,567009
2024-11-08,2.2784564278185018,717510663.8988049,848426,481877
2024-11-09,2.285490807522989,702351990.3092508,654475,587132
2024-11-10,2.386299165227104,747828018.3540778,793243,553582
2024-11-11,2.6147362044216913,687193309.4435323,941403,461089
2024-11-12,2.574402718870185,737722233.5356535,1007782,502742
2024-11-13,2.6237625094988872,697299094.2619566,859128,570985
2024-11-14,2.5169171310403327,641717281.3987055,839766,503550
2024-11-15,2.6166281818489865,757933803.172502,886479,559376
2024-11-16,2.5963251574245816,793304046.3989047,802492,608007
2024-11-17,2.570045957525609,757933803.172502,717710,598836
2024-11-18,2.586767436063493,789337179.1728685,796834,676948
2024-11-19,2.616096692148944,889845956.7430439,757888,815851
2024-11-20,2.6545840511759584,747470599.856633,750264,669311
2024-11-21,2.7357035205093947,732216100.2096523,977195,480041
2024-11-22,2.7268624607806946,727131269.4347123,902930,539627
2024-11-23,2.682475835762373,701707093.5935297,877099,451335
2024-11-24,2.684190145202477,681367763.1716092,790852,463815
2024-11-25,2.5509368688261986,859336950.1269213,956417,598037
2024-11-26,2.504171774475637,706791931.6906307,790710,475347
2024-11-27,2.606953545179931,676282925.0745082,800136,462955
2024-11-28,2.593738763868712,722046431.3376113,754947,523444
2024-11-29,2.6309948422566616,615264919.1644242,767132,348672
2024-11-30,2.6035102735918114,833912781.6078995,828664,633055
2024-12-01,2.627590012401485,803403774.9917771,739652,698852
2024-12-02,2.572610271286454,649987948.105684,925715,310261
2024-12-03,2.5714581344527,811042072.2804599,918415,437755
2024-12-04,2.637537468218781,759383337.5345525,887569,503460
2024-12-05,2.5624396365200885,800710325.3312784,968792,509543
2024-12-06,2.619701356628037,702558733.0334829,872253,433339
2024-12-07,2.6172416537051104,733553973.8810273,798958,443750
2024-12-08,2.635830347444721,754217467.7793905,851865,419481
2024-12-09,2.528321562198401,862700799.5875101,915304,401306
2024-12-10,2.5042559556430377,795544448.137259,985635,441945
2024-12-11,2.607825988676539,733553973.8810273,858578,482129
2024-12-12,2.5725090268010704,764549214.7285719,883811,471573
2024-12-13,2.5964143923269845,878198423.7307109,936834,527292
2024-12-14,2.5956011229498386,821373819.2296414,774578,523313
2024-12-15,2.671579602981782,707724610.2275023,789756,370567
2024-12-16,2.6904870242055368,797498864.7082182,952348,412496
2024-12-17,2.6825053486643022,733677846.6894214,829977,417545
2024-12-18,2.5337669288940026,776835370.7386127,890898,415402
2024-12-19,2.449250681750823,782230057.3605849,861604,437556
2024-12-20,2.438923701718572,814598200.3974782,882836,391262
2024-12-21,2.4247953422211608,782230057.3605849,744752,334464
2024-12-22,2.3683246829858304,836176962.4220737,758970,332182
2024-12-23,2.3466031181287983,749861922.0920451,804969,298335
2024-12-24,2.432547289582645,712099092.4331796,763920,323103
2024-12-25,2.4457574461003446,814598200.3974782,702219,407080
2024-12-26,2.3548963638187823,706704398.0428537,739743,298230
2024-12-27,2.316536046291274,852361030.0563437,846364,348548
2024-12-28,2.3373921900161463,771440684.1166407,704798,291855
2024-12-29,2.2939806186069815,853362734.1174871,727603,432661
2024-12-30,2.264447243535571,867710158.6044941,812462,362074
2024-12-31,2.2808124449322915,703991256.0098306,780332,315699
2025-01-01,2.3030404933089104,764021519.2467396,661798,290700
2025-01-02,2.3578841474857937,911368526.8668324,806065,412640
2025-01-03,2.3862905574570155,774936113.2769508,774077,400483
2025-01-04,2.3875160097101222,813137188.4534371,699568,439080
2025-01-05,2.3909658600988406,851338263.6299235,672568,433093
2025-01-06,2.477062799747396,725820444.0702533,765227,364707
2025-01-07,2.346702783421937,731277745.0146124,780759,344525
2025-01-08,2.2986659046669535,682162075.8079149,739012,408966
2025-01-09,2.233820238836667,829509083.4280078,742304,528450
2025-01-10,2.290082536703305,774936113.2769508,797315,405326
2025-01-11,2.285501707170164,753106925.2165282,680515,368077
2025-01-12,2.278657758123868,939920313.6991917,706797,380129
2025-01-13,2.2779845089607442,702796045.256185,730319,407646
2025-01-14,2.3280580564665416,845551487.3779281,790420,348098
2025-01-15,2.4095410827754344,763192581.198388,804761,356513
2025-01-16,2.3989108291075403,702796045.256185,787871,381403
2025-01-17,2.495913169030756,823589117.1405907,844973,420369
2025-01-18,2.4946785705686336,713777234.3280816,730835,360806
2025-01-19,2.410672870086662,823589117.1405907,777201,381533
2025-01-20,2.445056132753733,834570306.212487,852334,353367
2025-01-21,2.5188589005093247,730249013.9826986,864025,329282
2025-01-22,2.459018475131256,823589117.1405907,830610,429325
2025-01-23,2.455447281433525,746720793.6373154,797154,326782
2025-01-24,2.4651832101972833,768683171.7811084,778133,372822
2025-01-25,2.4670204525538764,702796045.256185,674223,328968
2025-01-26,2.418361700134125,752211392.1264913,652111,310325
2025-01-27,2.3934124984483267,841019046.8641225,800741,335928
2025-01-28,2.373287118165897,795344640.9204768,754559,311149
2025-01-29,2.436318963363576,832962291.9147371,732357,349802
2025-01-30,2.457756213004062,779222784.9668733,768553,346376
2025-01-31,2.3926271926371023,671743786.5481225,767144,317922
2025-02-01,2.353296238999732,988806850.4558096,732561,352449
2025-02-02,2.2785882985362735,918945495.2928307,762118,383886
2025-02-03,2.371727104993572,822214390.5251645,872269,363728
2025-02-04,2.280750094282139,703987482.9783524,807567,313377
2025-02-05,2.246535583279113,773848838.1413312,755489,378194
2025-02-06,2.243314171452448,779222784.9668733,753978,426147
2025-02-07,2.2387599646519223,929693396.6824036,753607,501276
2025-02-08,2.2429885869544703,859832041.5194248,655694,467968
2025-02-09,2.232532160927027,796800432.702752,630935,382701
2025-02-10,2.2560105134383015,788864729.4327155,784554,364185
2025-02-11,2.2178405166069126,703735439.5557053,778968,331657
2025-02-12,2.261466528982128,754813011.8474292,713585,389778
2025-02-13,2.2326518009087044,896695156.1941718,752473,375861
2025-02-14,2.25166232416674,862643446.781297,734111,341719
2025-02-15,2.254483790385446,908045728.7226008,651702,310167
2025-02-16,2.221961475316798,856968156.4308769,607272,306797
2025-02-17,2.212551004856131,777514156.9042867,722465,327916
2025-02-18,2.2037234329299973,794540011.6107243,752996,429401
2025-02-19,2.2304732158403096,715086012.0841341,680832,448514
2025-02-20,2.269163375900631,737787157.1409917,692965,482796
2025-02-21,2.2145337837142764,732111866.7905716,718521,454467
2025-02-22,2.2259723481715947,788864729.4327155,629577,558602
2025-02-23,2.213616967746432,727639381.136543,515136,574133
2025-02-24,2.1164194813823665,714530231.5962585,713984,511496
2025-02-25,2.045057192561317,807968795.7163497,837361,493632
2025-02-26,1.937156888282904,862932663.9471062,827083,398655
2025-02-27,1.951252300853544,824457960.1429749,890859,326363
2025-02-28,1.9428821960052791,857436273.1666323,915297,388679
2025-03-01,1.979772195615528,791479639.204521,796043,283151
2025-03-02,2.1723352788786894,692544684.303956,691454,271285
2025-03-03,1.9890487557357124,824457960.1429749,804674,372983
2025-03-04,2.011926611190173,802472412.8506724,752956,302840
2025-03-05,2.085499742580572,736515778.888561,735786,306253
2025-03-06,2.074588033844596,934385688.6896912,825264,372699
2025-03-07,1.990605455895191,780486865.5583699,863520,313867
2025-03-08,1.9817025600012967,753004935.4003899,673352,291511
2025-03-09,1.8553174468191107,878405393.0064901,664954,302935
2025-03-10,1.8183074680565463,858547238.6202688,800739,441520
2025-03-11,1.9029557814450992,769347526.0381613,782819,379790
2025-03-12,1.921883426993698,852972260.096126,745460,432621
2025-03-13,1.864334615532672,886422155.3249063,764889,529277
2025-03-14,1.932035459333313,791647456.1906818,779781,441947
2025-03-15,1.9374873260847636,735897638.8373549,663845,472408
2025-03-16,1.894746119450727,808372399.791085,682615,468961
2025-03-17,1.929602895545638,780497491.1144216,777796,382454
2025-03-18,1.8989060236861497,791647456.1906818,728748,367012
2025-03-19,1.9911932421344407,847397281.5719829,757656,438484
2025-03-20,1.9298268037808353,791647456.1906818,813034,341253
2025-03-21,1.9281651540140552,808372399.791085,769088,318682
2025-03-22,1.9223588315764384,836247316.4957225,644074,412886
2025-03-23,1.966380986053732,876971228.9099866,610837,542672
2025-03-24,2.0008793939408274,870857127.4297614,809888,481825
2025-03-25,2.0026741040033817,842582547.0624223,725387,499703
2025-03-26,1.9885114032158293,859547301.7972895,759292,518025
2025-03-27,1.9967090941768977,836927634.2461863,778898,435123
2025-03-28,1.928282346209128,870857127.4297614,830965,395973
2025-03-29,1.8872433668233977,797343220.1032952,665765,292760
2025-03-30,1.8812161854306808,774723552.5521919,611195,303321
2025-03-31,1.887088049301776,836927634.2461863,770064,319360
2025-04-01,1.950076686214192,763413718.7766402,807365,352343
2025-04-02,1.8882773504046595,972645623.2666467,769838,404621
2025-04-03,1.8941542618128036,859547301.7972895,792583,395213
2025-04-04,1.9126673444102584,1017884958.3688536,820433,422793
2025-04-05,1.9016833447333796,950907688.4520772,736838,294122
2025-04-06,1.780124063587888,875826844.1440289,645459,272974
2025-04-07,1.8128169226747144,875826844.1440289,791618,315963
2025-04-08,1.7439655745926916,924148329.2792509,736263,360926
2025-04-09,1.887230963523962,791264253.8552573,743091,320082
2025-04-10,1.8147281216378452,869786662.8510596,745006,315731
2025-04-11,1.9005276237422863,893947405.4186704,762968,412324
2025-04-12,1.9432833469455524,869786662.8510596,651244,413756
2025-04-13,1.9039218772421993,1038911843.4286025,599557,448011
2025-04-14,1.9262023235820704,899987586.7116399,731158,448201
2025-04-15,1.907137055165662,869786662.8510596,764894,435581
2025-04-16,1.9172708051026968,893947405.4186704,715957,512698
2025-04-17,1.9396573992306128,924148329.2792509,734302,555992
2025-04-18,1.9277993169752448,821465177.7158377,669757,512005
2025-04-19,1.943457271715672,847825370.5576408,618431,548341
2025-04-20,1.9426378432392224,753499805.3802222,563502,468036
2025-04-21,1.9927995689339313,771877846.40168,680575,437926
2025-04-22,2.1282639230663345,949532272.3473085,792265,514191
2025-04-23,2.1261098636422497,698365673.494388,716670,425004
2025-04-24,2.126194044694234,863768069.1518909,771761,460328
2025-04-25,2.1396892285629945,882146110.1733487,818112,385154
2025-04-26,2.1368454882429617,814759947.9993888,636351,330013
2025-04-27,2.1163030783471615,827011978.2875142,614897,432684
2025-04-28,2.1414599497479094,863768069.1518909,801464,421997
2025-04-29,2.1164915940420426,894398140.4614741,738376,466125
2025-04-30,2.117664419217392,808633937.2660567,797218,344716
2025-05-01,2.1635056908519745,827011978.2875142,783416,330132
2025-05-02,2.1700257371132774,974036332.9235593,931165,380180
2025-05-03,2.1488276411481815,998934428.304872,686500,389316
2025-05-04,2.1136160468529854,823060872.6106743,613491,345861
2025-05-05,2.1198315170018898,1036227716.8248532,758965,401820
2025-05-06,2.1566030190508583,817139566.6454616,787857,335143
2025-05-07,2.164177587122982,894116484.5065093,846613,343041
2025-05-08,2.2908345636251917,941486898.1215152,852697,371373
2025-05-09,2.2831068959043845,828982170.0492132,863281,335574
2025-05-10,2.317993015404475,888195187.0679704,664831,326973
2025-05-11,2.30314847924649,882273881.1027578,615305,280245
2025-05-12,2.276547512358493,858588674.2952547,758453,385997
2025-05-13,2.2970209363653464,769769161.5571296,808191,289432
2025-05-14,2.281735209781493,852667376.856716,790244,325951
2025-05-15,2.2793299047250057,864509980.2604675,754318,373943
2025-05-16,2.272925986368772,805296963.2417101,829195,365949
2025-05-17,2.263971398372875,853949349.7167878,740377,293931
2025-05-18,2.324070467635384,979723251.2998109,601421,641273
2025-05-19,2.3094629533855167,852722091.9971635,718046,583361
2025-05-20,2.3328187609635207,895055811.7647127,739140,559405
2025-05-21,2.387132485847717,870865112.2664986,796779,424978
2025-05-22,2.419114869272548,907151161.5138197,868642,471085
2025-05-23,2.325244185229265,937389531.5322617,809410,445109
2025-05-24,2.33752306327879,852722091.9971635,644711,389251
2025-05-25,2.357588378582445,913198832.0340477,625162,357724
2025-05-26,2.3615409622706878,925294181.7831548,745729,352991
2025-05-27,2.3483230152239982,852722091.9971635,706571,424640
2025-05-28,2.3195657659140596,991818601.0489181,782052,540056
2025-05-29,2.269515917375292,961580231.030476,765279,390670
2025-05-30,2.2301710388100866,938712777.7441466,834229,389971
2025-05-31,2.2453195179282552,1016284108.9276665,711975,300176
2025-06-01,2.266824485425617,839539042.158194,689965,254662
2025-06-02,2.2631740322455194,839539042.158194,771787,348163
2025-06-03,2.249049850630191,908974603.1294425,864048,360069
2025-06-04,2.2306295386760513,795352777.7382623,720304,332769
2025-06-05,2.164421975716304,845851370.8408964,781431,321208
2025-06-06,2.221377259248508,845851370.8408964,781673,296656
2025-06-07,2.246857184421021,902662283.5364864,653737,290519
2025-06-08,2.2465926766265145,965785515.8250328,611460,323313
2025-06-09,2.3383291419548384,883725306.5781256,744523,354588
2025-06-10,2.331994320703792,1066782692.9405544,824315,421700
2025-06-11,2.299464902547621,890037635.2608279,755087,349470
2025-06-12,2.2419620475504862,934223899.6807597,780705,424933
2025-06-13,2.2394272436628913,915286922.7223988,811764,347897
2025-06-14,2.227143824699812,949074580.5847822,631338,271851
2025-06-15,2.227219971359887,854616739.0187659,599893,281450
2025-06-16,2.2587719122318566,917456210.4459593,722329,366746
2025-06-17,2.203207202646305,741505699.4987009,712578,359926
2025-06-18,2.20581725377894,879752527.5896434,751671,434037
2025-06-19,2.202308074044105,798061219.2587334,716269,307561
2025-06-20,2.1712340906871987,948875941.6351144,778947,353689
2025-06-21,2.1341088047568837,886036479.2568041,658427,310017
2025-06-22,2.119915228385861,672382294.5021127,595271,264346
2025-06-23,2.2134869832042123,672382294.5021127,691705,291899
2025-06-24,2.220349702793955,735221756.8804231,757208,279722
2025-06-25,2.2450664068043222,898604373.5422429,748961,387334
2025-06-26,2.234143825279254,986579624.4914305,764181,506745
2025-06-27,2.2307257878946083,722653862.5949843,731987,337361
2025-06-28,2.2355962704995864,911172258.7787983,636115,389138
2025-06-29,2.2551487868683586,992910582.8334957,545712,368982
2025-06-30,2.224449219216365,843035675.6364995,759866,342103
2025-07-01,2.190371437932748,779081252.2306603,796482,330384
2025-07-02,2.2572933277993874,889547992.7013456,794995,361066
2025-07-03,2.268221095554169,877919913.4351343,798168,364594
2025-07-04,2.215345083660493,924432230.4999804,693948,365649
2025-07-05,2.218074557692169,912804151.2337689,561792,436219
2025-07-06,2.2363339967768048,930246265.946978,613042,496239
2025-07-07,2.2137003448829926,877919913.4351343,686261,374019
2025-07-08,2.2241472452865456,825593560.9232903,795709,342697
2025-07-09,2.268230580456622,953502424.4794011,779022,452381
2025-07-10,2.354601798397052,994200697.7250333,829216,434824
2025-07-11,2.38212290459618,872105877.9881365,845548,409674
2025-07-12,2.37341147249211,920455694.5281459,673470,394126
2025-07-13,2.4017092198498973,859946007.0619582,655163,410972
2025-07-14,2.4125084332311304,910161827.211625,797345,450093
2025-07-15,2.364195114922196,1029424417.014924,753728,421980
2025-07-16,2.3688751245334454,822284135.1705718,735726,402255
2025-07-17,2.374985804949236,853669023.8939697,811618,428846
2025-07-18,2.340384009446915,903884853.0824848,757713,449609
2025-07-19,2.336414214135971,891330895.7853558,655287,432190
2025-07-20,2.3233701383205516,935269741.8058826,625098,405387
2025-07-21,2.3218439654227243,941546724.9738712,733805,388565
2025-07-22,2.3670956161477066,941546724.9738712,730808,423231
2025-07-23,2.334400354595592,878776938.4882272,738717,365110
2025-07-24,2.3257901969225423,922715784.5087537,719805,408556
2025-07-25,2.304027155259395,1004316502.4206665,749904,433467
2025-07-26,2.3118305041157874,970368223.0482397,652309,571396
2025-07-27,2.338853962335245,869131964.3263081,615345,473722
2025-07-28,2.3084821087206895,919884190.6853193,728095,502425
2025-07-29,2.3014237166265827,710531242.1093704,715626,346511
2025-07-30,2.2955727612124828,869131964.3263081,733090,426989
2025-07-31,2.2576734658479,976980451.0488333,752871,477852
2025-08-01,2.2070884136924738,957948367.3061293,838177,399495
2025-08-02,2.192314956363128,919884190.6853193,693800,307246
2025-08-03,2.2240971442941064,983324485.0533357,621756,289554
2025-08-04,2.2406311051894656,1084828946.9067595,728238,451189
2025-08-05,2.2178999959543493,875475989.1954092,798131,408980
2025-08-06,2.2349723954934775,913540165.8162186,838450,495331
2025-08-07,2.2781308995532936,1021388661.6741452,810557,564678
2025-08-08,2.2621480824612368,870936594.9483011,960615,474837
2025-08-09,2.2569920501462186,746374217.5096608,767705,377106
2025-08-10,2.307419605120224,868625162.1369319,651290,396369
2025-08-11,2.296376996154095,945836284.5717696,760684,449439
2025-08-12,2.3206476200119286,881493684.0869607,721420,365290
2025-08-13,2.379739102823155,1003744628.7142318,753168,444797
2025-08-14,2.282416006210002,1042350194.5643184,803997,479810
2025-08-15,2.2576928997517896,862190905.794585,734665,433563
2025-08-16,2.2532741501991906,978007594.0795091,642573,396105
2025-08-17,2.2553050008051305,978007594.0795091,569807,442159
2025-08-18,2.2296562377042366,990876106.7642031,701698,482626
2025-08-19,2.1624059611427886,862190905.794585,670399,409590
2025-08-20,2.187593393945847,907230727.9870186,726389,424546
2025-08-21,2.1500922222394157,958704806.5217984,702511,451619
2025-08-22,2.2309603181709265,939651300.6862692,767825,457298
2025-08-23,2.201272176719621,980001773.7404906,662164,471882
2025-08-24,2.167328504514984,1057370331.4047614,610390,521558
2025-08-25,2.101608862718138,909080592.0131475,705894,479193
2025-08-26,2.1348985660008872,967107012.5824077,710999,458661
2025-08-27,2.1218251202374474,967107012.5824077,703023,506732
2025-08-28,2.142789122023943,1025133433.1516676,696912,580430
2025-08-29,2.0585239707912053,1063817707.3416892,777455,587838
2025-08-30,2.063022252855391,1018686047.9305124,633372,625477
2025-08-31,2.054653984489101,851054171.4438878,579281,482257
2025-09-01,2.066472278033613,1038028194.3097504,724476,597762
2025-09-02,2.106133166120609,1050922946.1836064,741440,583102
2025-09-03,2.117352868701102,883291069.6969818,757257,405522
2025-09-04,2.0988399671512,902633206.7919924,768977,400455
2025-09-05,2.0909910896315393,959168799.5148376,811569,414108
2025-09-06,2.081547548704114,946761024.1894387,613246,446745
2025-09-07,2.1007955085878978,1041437124.66076,594567,580185
2025-09-08,2.114485395928852,1082012600.4648032,732824,566372
2025-09-09,2.1019000165432096,1129350650.700464,725526,618149
2025-09-10,2.145924375428194,1149638393.4715424,687721,648787
2025-09-11,2.171828406012249,1014386817.1961776,722040,598534
2025-09-12,2.1834524058125826,811509447.9140741,721666,397599
2025-09-13,2.178678922337634,953523608.3591692,684987,524450
2025-09-14,2.1673601179200923,1034674550.2291428,646063,539763
2025-09-15,2.1656665085615017,1102300333.4977684,773239,534944
2025-09-16,2.1888797241350617,1082012600.4648032,747555,535330
2025-09-17,2.1818070259413114,865610082.3194653,698218,362882
2025-09-18,2.188425256780357,1089165928.993784,729042,446237
2025-09-19,2.1584515968726663,1188749384.1862063,759748,483134
2025-09-20,2.1600824520314994,1082611043.2192636,711626,492759
2025-09-21,2.151199242305393,1146294045.7615733,660574,515795
2025-09-22,2.1030843290113816,1061383379.1015872,747221,456797
2025-09-23,2.0884207525288683,1018928040.676954,674195,498707
2025-09-24,2.1098438050041244,1082611043.2192636,682109,526277
2025-09-25,2.0312424703115273,997700376.5592778,741811,426022
2025-09-26,2.0392977420667635,934017374.016968,728767,418111
2025-09-27,2.0384097258593883,1096762822.6941414,635310,523531
2025-09-28,2.0843982136269275,1167521709.8792496,652543,637714
2025-09-29,2.122720877587773,990624481.7271986,740289,449737
2025-09-30,2.1128072133352527,1139218161.1187747,745290,556139
2025-10-01,2.186155026712077,1079018824.2422624,885196,471120
2025-10-02,2.221772196583208,1019764931.6764336,804780,375898
2025-10-03,2.249202943238196,884796043.0252874,797887,391675
2025-10-04,2.247639041410611,1004768398.0907606,743257,426061
2025-10-05,2.266766621760195,1117242464.7683752,677933,520032
2025-10-06,2.287145426879909,922287409.3820032,768110,426681
2025-10-07,2.219347428097428,1034761476.0596178,767705,430981
2025-10-08,2.248606081441407,1109744197.9755385,759929,431067
2025-10-09,2.2125534313089372,899792587.4084717,719972,366723
2025-10-10,2.070562788244427,989771853.7075763,745662,415580
2025-10-11,2.0194789962614186,1102245920.385191,718136,450131
2025-10-12,2.0951257451651712,1087249376.0020068,695884,463010
2025-10-13,2.09746317757528,1139737286.741907,680803,489858
2025-10-14,2.056829337301677,1267207897.8027055,706371,563809
2025-10-15,2.005891025806165,1079751109.2091703,695775,484211
2025-10-16,1.9578568178170297,1123253238.739343,740169,490450
2025-10-17,1.92928303157762,1159633835.7101064,772447,485148
2025-10-18,1.9381495183779995,1203393595.9617257,608801,564015
2025-10-19,1.965929731213064,1013767943.6992388,595209,437518
2025-10-20,2.000241242040893,1086700884.4535005,679663,422448
2025-10-21,1.9642552693241937,1093994184.8303332,733522,437054
2025-10-22,1.9422693938130509,1115874064.956143,695833,480827
2025-10-23,1.9838505829202957,1035647823.8250486,679681,436183
2025-10-24,2.0002399703642184,1305499727.7209735,734616,565682
2025-10-25,2.010123020095332,1166927125.5845947,595504,502467
2025-10-26,2.061141989497095,1072114294.2021794,584836,521439
2025-10-27,2.0506486983041583,1072114294.2021794,726782,505599
2025-10-28,2.0269852854220023,1181513715.835916,693980,526865
2025-10-29,1.9748570714184717,932047920.01226,667087,395521
2025-10-30,1.9325248327320044,1240553836.426268,708971,551534
2025-10-31,1.9596274069163768,1085484605.4773614,723709,460460
2025-11-01,1.9663440701835695,1069977681.2659724,683092,387158
2025-11-02,1.97277646963442,1201786531.4802876,575622,405694
2025-11-03,1.9020882532144816,1100991529.6887505,772175,452775
2025-11-04,1.8116855886218344,1015703452.1086028,779122,370080
2025-11-05,1.857055734420492,1069977681.2659724,747953,399776
2025-11-06,1.8097201631689652,1085484605.4773614,737224,414343
2025-11-07,1.8428465053331913,1100991529.6887505,752529,477171
2025-11-08,1.8227583856026048,930415374.5284547,622449,351704
2025-11-09,1.8641651761462623,1093238073.165548,607063,467846
2025-11-10,1.8875443600732529,1085484605.4773614,723219,451762
2025-11-11,1.8318881974218433,1186279607.2688985,717240,480595
2025-11-12,1.8085099031300793,1085693709.7267337,666761,452672
2025-11-13,1.7800126434105843,1135417896.8857453,715565,481822
2025-11-14,1.6842606972655323,1090001177.5223117,804891,484096
2025-11-15,1.7025099652616345,1082431729.7450786,735457,485232
2025-11-16,1.6785525812642024,1203542970.4808896,599175,582885
2025-11-17,1.6392867114437717,938612123.8775448,722706,406170
2025-11-18,1.654516965238705,1006737197.4726892,783873,321895
2025-11-19,1.628739580213074,1037015010.381645,740835,359976
2025-11-20,1.5515619978194948,991598291.0182115,712914,357950
2025-11-21,1.5202473672522108,1142987344.6629784,798210,416326
2025-11-22,1.5063202250156789,1082431729.7450786,653472,472844
2025-11-23,1.5408129016405956,1074862271.067834,587259,318830
2025-11-24,1.5674035927405892,1082431729.7450786,672046,399370
2025-11-25,1.5507097680723907,870487050.2824004,673473,351642
2025-11-26,1.6019179596137352,1240799633.4969137,719513,476755
2025-11-27,1.6180110246025807,1061317862.9627872,675201,404471
2025-11-28,1.6124043653578792,1113270484.2052977,703533,510984
2025-11-29,1.609812435967487,1016787040.1746083,630159,403759
2025-11-30,1.605936798624271,1239441132.7407093,601718,514580
2025-12-01,1.533958697259218,987099824.9824892,737081,399941
2025-12-02,1.6233866164835693,942569002.1943104,743961,415283
2025-12-03,1.6594397707736588,979678026.5281577,716757,430832
2025-12-04,1.6346860768202705,979678026.5281577,693069,414769
2025-12-05,1.5845510954223283,883194582.4974686,712886,350006
2025-12-06,1.5825974776524672,1209753917.54859,615281,529256
2025-12-07,1.5985004613781386,1187488511.498199,545020,546753
2025-12-08,1.6096177386431436,1098426876.609238,666566,575607
2025-12-09,1.6469894512126808,957412609.7903701,668386,446113
2025-12-10,1.6325770870501284,1150379497.8517485,689654,554922
2025-12-11,1.6416453987249755,1179627150.3762481,656012,475726
2025-12-12,1.6020026597826391,1068190149.6701112,761375,411109
2025-12-13,1.6004071227927794,1053456501.7977912,601306,500012
2025-12-14,1.5625992937931457,942954068.4977603,564048,418597
2025-12-15,1.5334507834438562,987155043.9394194,663223,419887
2025-12-16,1.5583000660090016,1082923808.150664,696716,442553
2025-12-17,1.529104503632707,1016622350.2922922,675987,451215
2025-12-18,1.5183951212093736,1060823325.7339512,725880,461224
2025-12-19,1.5669393446155329,1068190149.6701112,735738,433546
2025-12-20,1.5699331395911071,1082923808.150664,613352,441258
2025-12-21,1.5740329131051052,1016622350.2922922,565021,440054
2025-12-22,1.5730377244463174,1023989184.8366852,667969,426021
2025-12-23,1.5534926720508595,1068190149.6701112,672116,431814
2025-12-24,1.5586263806194096,1171325759.0339823,667297,503638
2025-12-25,1.5515779428765888,1016989504.585422,562104,465274
2025-12-26,1.5547999122682277,1149714805.066739,613757,513354
2025-12-27,1.561130488616242,1002315469.4510928,569638,475008
2025-12-28,1.5623713813655935,1142344843.061695,572908,540696
2025-12-29,1.55184373281198,1134974870.4438992,693511,548253
2025-12-30,1.575194732866138,877026041.0760822,749500,366458
2025-12-31,1.5599368640000817,980205572.8232089,697063,407824
2026-01-01,1.5805666838787138,1112864973.8160155,570904,469075
2026-01-02,1.6028335346054856,1061275207.942452,702623,458150
2026-01-03,1.6144428345714437,1142344843.061695,618923,496980
2026-01-04,1.6278233718322608,1068645169.947496,629824,478738
2026-01-05,1.6729656061920013,972835610.8181651,687169,410199
2026-01-06,1.6656981847227377,958095676.1953251,698247,422822
2026-01-07,1.6234736025512655,1083385104.570336,644966,424312
2026-01-08,1.6216948371778772,964845793.9226341,631893,335049
2026-01-09,1.6124074298017157,1033929117.8333746,664665,351155
2026-01-10,1.6100132123879032,1179552938.5755997,608784,492984
2026-01-11,1.61585640170226,888305297.0911494,536405,289219
2026-01-12,1.6235117369511671,1033929117.8333746,638422,405384
2026-01-13,1.6956457102183624,982960782.1463331,701272,340763
2026-01-14,1.725258285011508,902867680.2138637,707589,326077
2026-01-15,1.698251329285832,1012085548.3917612,717904,375169
2026-01-16,1.6967501163466352,946554829.5820056,692686,362621
2026-01-17,1.6895599397740113,1084897453.520416,572689,354936
2026-01-18,1.6743922801666509,1019366734.7106606,567075,332784
2026-01-19,1.6436868798008475,1092178650.3242307,623139,353668
2026-01-20,1.5689223614895769,968398399.023619,640908,386279
2026-01-21,1.5933664347912715,997523165.2690471,698736,427046
2026-01-22,1.5900557424434003,1162718505.7701015,612517,464766
2026-01-23,1.597227656500748,985930372.216906,664123,437544
2026-01-24,1.5927055312322624,690151266.636433,562317,284304
2026-01-25,1.5441681672754624,760574860.3057843,555249,317176
2026-01-26,1.5779781705662028,873252616.2613451,635513,399372
2026-01-27,1.594258404220792,859167895.4992752,624246,365975
2026-01-28,1.5929682871962685,774659581.067854,631786,342139
2026-01-29,1.5108463744510503,901422057.7854848,681624,421064
2026-01-30,1.502794123367734,922549133.8580905,733411,383042
2026-01-31,1.409206961565977,971845651.4548361,702918,403447
2026-02-01,1.3779375282101733,838040819.4266695,613261,356739
2026-02-02,1.411272421681785,830998453.9751356,734473,354152
2026-02-03,1.3597906397012431,929591499.3096247,741467,435204
2026-02-04,1.315930750700471,1000015092.9789758,704812,412289
2026-02-05,1.1497951473288677,894379692.3339508,865167,384528
2026-02-06,1.2794885803917828,1021142169.0515816,856992,407706
2026-02-07,1.2542864998384384,1112468740.2429833,645574,493708
2026-02-08,1.278752679408799,1063649664.9870174,555675,512816
2026-02-09,1.274890122985872,1019852317.996721,682068,394855
2026-02-10,1.2481033012418763,900973830.4794544,624916,390874
2026-02-11,1.2182387788490885,982311747.7332362,659141,451472
2026-02-12,1.205655751536307,1107447002.9675756,653355,494350
2026-02-13,1.2543817127922632,944771168.4600127,684978,520762
2026-02-14,1.271428434942344,1038622612.1382018,583422,550168
2026-02-15,1.2503520156434709,1232582258.2019153,532309,691973
2026-02-16,1.2529918805039757,1094933476.5431678,592609,529377
2026-02-17,1.230359595565078,1032365844.4211287,595445,661420
2026-02-18,1.21146371466258,957284694.8844205,595919,505310
2026-02-19,1.221844787848528,1025228859.3917795,616639,502602
2026-02-20,1.2419474106076231,983397437.0251603,662947,417965
2026-02-21,1.2427727388908913,854191934.5012189,579813,344028
2026-02-22,1.234286313377275,1177205690.811073,525709,538994
2026-02-23,1.1831842972470235,1062356356.3827294,684644,448909
2026-02-24,1.1743319937937022,1184383769.690652,661423,568326
2026-02-25,1.2461229941727416,1119781018.4286811,650235,481942
2026-02-26,1.2368113915864163,1004931684.0003374,693519,429268
2026-02-27,1.2073254705520615,1012109773.2163564,704075,411023
2026-02-28,1.2275612619982268,1026465941.3119544,640533,426230
2026-03-01,1.2052481747995247,1069534435.2623082,602506,464241
2026-03-02,1.263760682233652,976219347.8091414,690831,420983
2026-03-03,1.2548907532524818,961863190.0499836,652464,377782
2026-03-04,1.3324599332646212,933150853.8587875,697294,382886
2026-03-05,1.3020998734899651,1193001934.3916588,686708,459142
2026-03-06,1.252787494903745,1052672433.1900944,672019,446899
2026-03-07,1.236301300128931,951731243.3842345,592224,435530
2026-03-08,1.2160004257646573,966151414.8397177,523172,457769
2026-03-09,1.258828872642114,994991747.3681616,627803,408602
2026-03-10,1.2838921987216931,994991747.3681616,649875,378570
2026-03-11,1.2926305604960422,1002201838.2871644,629140,405045
2026-03-12,1.297352966463531,930100981.0097485,640192,450856
2026-03-13,1.30454126489792,872420305.5703381,676568,401832
2026-03-14,1.3085611269402389,922890900.473268,557544,441416
2026-03-15,1.3372863065162932,901260648.4813046,534462,399359
2026-03-16,1.3736647820354706,901260648.4813046,701802,410501
2026-03-17,1.3620392217241302,915680809.5542653,679525,374546
2026-03-18,1.3108271207032423,1002201838.2871644,625137,437912
2026-03-19,1.2873233530441244,966151414.8397177,603884,442942
2026-03-20,1.2979134579553593,956085963.7654024,656663,422037
2026-03-21,1.2832286394689276,917823289.768721,586709,490235
2026-03-22,1.2516621596693465,1077444735.2152627,545348,639039
2026-03-23,1.3014094083299217,1064142947.2966102,640101,530619
2026-03-24,1.3002777489726736,831361682.6634102,587472,384088
2026-03-25,1.31291879231233,1017586694.3699702,657017,514188
2026-03-26,1.2664072256679189,1097397412.3045979,623105,634223
2026-03-27,1.221391534843414,1010935805.1992872,640242,656575
2026-03-28,1.2242821302425808,1157255453.1498902,555352,776246
2026-03-29,1.2173465160210977,957728653.5246778,513446,621290
2026-03-30,1.2307677885365405,904521501.8500684,631420,539789
2026-03-31,1.2594615926249517,904521501.8500684,630351,519911
2026-04-01,1.2578004357870882,1077444735.2152627,697142,686646
2026-04-02,1.2361570581529682,964379542.695361,653581,501473
2026-04-03,1.2360952901456137,900036039.4277526,647348,460217
2026-04-04,1.2435879583030514,828969678.3136718,546885,439257
2026-04-05,1.2731860065048008,1098384831.4750333,496633,725843
2026-04-06,1.270093812424762,884234328.1768135,608673,461763
2026-04-07,1.330703341528385,953315130.5581043,640745,539413
2026-04-08,1.3129220338742065,1022395942.8870316,632101,560671
2026-04-09,1.325828946125455,994763617.9554608,627910,579019
2026-04-10,1.3468426562660187,863510089.4519536,655019,453045
2026-04-11,1.3497406830177825,849693926.986168,567547,472181
2026-04-12,1.3049673347970956,1070752506.5434624,523902,709385
2026-04-13,1.3770482398402828,1022395942.8870316,631173,631372
2026-04-14,1.3687529040183417,1132925232.6656787,648935,609752
2026-04-15,1.3796263886883915,863510089.4519536,648996,461922
2026-04-16,1.3856258612153995,1050028267.8186024,642428,643440
2026-04-17,1.4223235153878984,967334466.916483,666008,548624
2026-04-18,1.3980047368399022,1031290054.5634836,571160,690658
2026-04-19,1.3634656752952106,1064992341.7713568,510705,733999
2026-04-20,1.3987305546501194,876259525.6422594,630657,551469
2026-04-21,1.4040391749892125,909961812.8501325,627674,532601
2026-04-22,1.4451816880881303,882999979.2013302,658718,535489
2026-04-23,1.4435180102987248,815595404.7855839,624801,449644
2026-04-24,1.4313054086958685,1004328220.9146812,669638,590597
2026-04-25,1.4345741475645932,943664100.0580056,548575,589115
2026-04-26,1.4512399107371685,1004328220.9146812,527244,704204
2026-04-27,1.4274966444382788,930183183.2336047,639267,577862
2026-04-28,1.4098968122284417,936923646.4989347,624691,574615
2026-04-29,1.4012950588480768,856038145.5525278,631076,373961
2026-04-30,1.4109087161770764,943664100.0580056,685346,413668
2026-05-01,1.4441109410626063,1064992341.7713568,751425,597457
2026-05-02,1.4546787719928145,896831740.5704167,620486,529423
2026-05-03,1.4532128991393036,1000953351.3604596,583469,596099
2026-05-04,1.4734139625232838,981197686.8712952,722079,567474
2026-05-05,1.49326488273632,987782911.5285887,721256,589261
2026-05-06,1.5007289347155643,928515937.0265276,727700,531510
2026-05-07,1.4754077327071486,935101152.2011052,759390,526484
2026-05-08,1.4788069377076725,968027247.0394243,677277,586249
2026-05-09,1.4875564619691928,1126072515.539159,818423,830362
2026-05-10,1.5165762999799848,987782911.5285887,525874,726220
2026-05-11,1.5062797314103844,1086561196.0435464,615823,778049
2026-05-12,1.4843434176790684,882419402.3563374,612683,593259
2026-05-13,1.4616979219598496,915345497.194657,643577,616272
2026-05-14,1.496291810555883,994368126.7031661,633568,675554
2026-05-15,1.4576482075977495,964723444.1105753,669184,622005
2026-05-16,1.4411207320741923,1025406922.0646992,572496,682779
2026-05-17,1.4288785719516937,950708403.3976226,564015,605327
2026-05-18,1.419569255459985,950708403.3976226,639384,603780
2026-05-19,1.4170368263075273,964289953.135156,631608,619635
2026-05-20,1.4282474320399443,1032197701.8228234,648310,666800
2026-05-21,1.4318398636638516,862428334.9930127,630942,543303
2026-05-22,1.3951977957217805,1059360791.5191752,671333,713572
2026-05-23,1.4145646606056597,1113686990.469309,573855,729353
2026-05-24,1.4206921481906591,889591434.4680796,488204,627984
2026-05-25,1.425980680386381,1120477760.4487183,608973,781457
2026-05-26,1.4000760710265765,943917633.4182135,625482,626622
2026-05-27,1.3720698989749525,950708403.3976226,608435,646713
2026-05-28,1.359302863594602,1100105440.7317758,622022,783577
2026-05-29,1.3570300412340588,960163852.3585033,669839,634214
2026-05-30,1.3648020345772152,980866172.3203554,573532,657986
2026-05-31,1.3623994613070085,994681189.9526771,535317,715768
2026-06-01,1.321374781897173,932513615.5806348,703973,556953
2026-06-02,1.23601499491039,759825910.0968298,652731,435693
2026-06-03,1.1956320534404263,746010892.4645078,677654,426100
2026-06-04,1.1858932878748485,980866172.3203554,705263,589059
2026-06-05,1.1367970410942183,932513615.5806348,724204,568562
2026-06-06,1.1346458274405713,842716005.943949,617500,537071
2026-06-07,1.178976675309288,808178466.8365504,523362,551253
2026-06-08,1.1785132598364798,877253545.0513477,623204,573611
2026-06-09,1.1517566167396358,856531023.5762707,595000,576386
2026-06-10,1.148835844703938,870346041.2085927,618722,566110
2026-06-11,1.1875449707608752,932513615.5806348,639861,628815
2026-06-12,1.1877855212466688,1015403711.427754,688598,660151
2026-06-13,1.205481911068106,854439838.152652,547731,541792
2026-06-14,1.2276315476665296,906725183.392705,534169,730021
2026-06-15,1.2393546167038156,931566971.1991992,663373,713083
2026-06-16,1.2287326760856152,1006092325.6756397,642395,786217
2026-06-17,1.2059072762898515,819778935.0130172,619157,600431
2026-06-18,1.1772253837760067,1024723662.0589892,654630,814960
2026-06-19,1.186374409712872,937777413.6793016,611813,751132
2026-06-20,1.2034610271445665,962619201.4857962,541078,773705
2026-06-21,1.186796520860484,832199828.9162643,514984,672668
2026-06-22,1.197421605598321,968829643.9658979,601216,774635
2026-06-23,1.1731976651833003,1074407237.671978,620829,861296
2026-06-24,1.1423253250449799,962619201.4857962,629642,751457
2026-06-25,1.12407957629493,1055775901.2886288,683523,799315
2026-06-26,1.1270469384410169,962619201.4857962,662457,710902
2026-06-27,1.127011418515148,1113992357.1239765,592251,826554
2026-06-28,1.1189318202539256,858457137.2107625,537835,618279
2026-06-29,1.1322838457186375,831838318.6049633,659557,530497
2026-06-30,1.1027805682008869,991551268.5708675,722749,626708
2026-07-01,1.1321108720363224,951623035.8707805,742127,609267
2026-07-02,1.1581855624958048,871766551.3050507,702851,539658
2026-07-03,1.1792987088316838,1004860682.665156,698135,686915
2026-07-04,1.1891572189350943,1024824799.0151995,550009,769219
2026-07-05,1.1990647636450065,851802434.9550071,501335,636006
2026-07-06,1.2073954618124445,771945959.9720547,613733,507339
2026-07-07,1.196288648174336,931658909.9379592,641947,631230
2026-07-08,1.1731707452338487,885075965.3993391,611138,597694
2026-07-09,1.1916595724436172,831838318.6049633,619969,559601
2026-07-10,1.2097400850398004,865111849.0492953,634002,579527
2026-07-11,1.2054984500945254,913015248.2724112,557508,677240
2026-07-12,1.2028364345302107,910321900.5977668,490823,764256
2026-07-13,1.174318418220534,929286937.1591471,624343,706707
2026-07-14,1.2276267731645216,973538695.2045144,639375,739142
2026-07-15,1.2245682153726964,885035179.1137801,638699,558000
2026-07-16,1.2064208959075768,764923265.7196723,621188,536593
2026-07-17,1.2091270996686685,802853338.8424331,629901,577557
2026-07-18,1.225397192666522,1049398859.6564744,579482,864354
2026-07-19,1.2229930312358035,1043077174.733868,517259,898384
2026-07-20,1.2327473883123754,922965261.33976,612420,730484
2026-07-21,1.2553791423473124,872391818.3717868,634153,651218
2026-07-22,1.2476042702123693,726993183.4936922,624603,497232
2026-07-23,1.230958318826041,834461745.249026,628670,611799
2026-07-24,1.2125716215451372,973538695.2045144,689082,729761
2026-07-25,1.2164163415587756,872065075.0995654,564960,696377
2026-07-26,1.2352156606776297,916150330.2022573,569782,760079
2026-07-27,1.2052013444237608,865950308.147995,635071,689945
2026-07-28,1.205490199335648,796925282.3413862,628552,561079
2026-07-29,1.2088544364298526,897325326.4499104,604146,672610
2026-07-30,1.2262799635545538,960075344.9817348,666081,699087
2026-07-31,1.189970381191086,985175356.0088657,967546,607581
2026-08-01,1.1887286460199475,1029100370.7883435,806292,744053
2026-08-02,1.201895276659115,903600324.6886917,653981,675558
2026-08-03,1.2028012046866425,941250341.229388,741819,702879
2026-08-04,1.2162144313735614,884775320.936345,684692,619401
2026-08-05,1.2251059832401532,891050319.1751261,730433,608260
2026-08-06,1.2175780136267051,803200289.6161705,678177,541604
2026-08-07,1.2302038699452365,991450354.2476469,709925,717791
2026-08-08,1.2308097221233911,898876720.0592811,621521,658026
2026-08-09,1.2301135746614489,906199297.8955106,520129,740534
2026-08-10,1.2122143561693552,880851063.8721333,650586,630221
2026-08-11,1.2056671434624349,817480478.8136902,609039,607154
2026-08-12,1.2025578842369824,893525180.8838221,646051,652466
2026-08-13,1.2034349432766869,925210468.8503617,650606,682308
2026-08-14,1.1947029600977743,944221639.805213,660290,694968
2026-08-15,1.1968106310165283,918873405.7818356,564175,723981
2026-08-16,1.1930314938000863,1020266341.8753448,541863,825829
2026-08-17,1.2236699946656513,1001255161.79513,680154,755423
2026-08-18,1.2289337251062162,944221639.805213,642144,709130
2026-08-19,1.3153366802811952,779458136.9039879,649780,536337
2026-08-20,1.3860716250273328,804806361.8020016,721893,514184
2026-08-21,1.4837222213757244,868176946.8604447,779671,534986
2026-08-22,1.457789242610116,937551968.6517192,634723,709046
2026-08-23,1.46827076853139,850530898.7183248,534757,701899
2026-08-24,1.4906241300604754,888054323.8990586,663383,637413
2026-08-25,1.4841414889259588,888054323.8990586,673531,618688
2026-08-26,1.4897680338170813,950593365.8669479,647067,724379
2026-08-27,1.5141302388161948,913069940.6862142,656799,688383
2026-08-28,1.4651371083208935,825515290.9367903,676953,575451
