Date,years_since_halving,realized_vol_30,dxy_ret_30,dxy_ret_100,short_percent_r,long_percent_r,wr_composite,log_price_residual,log_price_residual_target
2015-01-06,2.105407255304586,0.18139668790904975,0.242919301966355,0.684259767878965,0.2025758653418672,0.1357177185777459,0.6891995503634977,-1.3943649785743526,-1.3943649785743526
2015-01-07,2.108145106091718,0.1989243383732557,0.32008068787251,0.7360676856307811,0.268630379469329,0.1599102536467594,0.6144161190020772,-1.365032287702495,-1.365032287702495
2015-01-08,2.11088295687885,0.21742909723446477,0.414928425287508,0.7481964303596279,0.283255445882622,0.1444650328248701,0.6132000285797641,-1.4016769992943765,-1.4016769992943765
2015-01-09,2.113620807665982,0.2459772502661647,0.41577046991177097,0.694428421069444,0.3166551054757899,0.1544358140630612,0.577811969452527,-1.37576406751087,-1.37576406751087
2015-01-10,2.116358658453114,0.30964349321277096,0.369952475052584,0.7406546822780451,0.2920956924520738,0.120289657100718,0.6227507411328649,-1.429510363687549,-1.429510363687549
2015-01-11,2.1190965092402463,0.32281771571496753,0.40516091062988,0.605606165895364,0.2446453486180529,0.0803171874535368,0.6946866902530022,-1.4616863071188213,-1.4616863071188213
2015-01-12,2.1218343600273784,0.33098826868091286,0.40968794947676,0.610220413721045,0.2158449649387233,0.0656848120487598,0.7326479589661881,-1.4520763223196989,-1.4520763223196989
2015-01-13,2.1245722108145104,1.011468962796113,0.44703450893587204,0.648286418146784,0.1748479484947832,0.0453957648599032,0.7876936430014193,-1.6201434057517954,-1.6201434057517954
2015-01-14,2.127310061601643,2.02907796873524,0.418268665603702,0.752538169004042,0.1414430664867229,0.0342409408249574,0.829159136357992,-1.8545762073540688,-1.8545762073540688
2015-01-15,2.130047912388775,2.585834348699972,0.478838233543625,0.7797362493229549,0.1660113799094119,0.0842358110197794,0.7637369122959907,-1.6880733872166012,-1.6880733872166012
2015-01-16,2.132785763175907,2.5854224583188974,0.38034326198954604,0.846423602930903,0.1826196680274898,0.1061746010576004,0.7305953013129999,-1.693908568667629,-1.693908568667629
2015-01-17,2.135523613963039,2.5966418897587444,0.367548056680144,0.8185220152914401,0.1835486009977023,0.1016721265225626,0.7334410490634128,-1.7346221555985035,-1.7346221555985035
2015-01-18,2.138261464750171,2.6529924403470395,0.32589265833399395,0.769408997694218,0.2028436048763363,0.1188180702823453,0.7024398105418391,-1.6780416702222292,-1.6780416702222292
2015-01-19,2.1409993155373037,2.6303587599310165,0.32589265833399395,0.769408997694218,0.2249059066729648,0.13530815913514,0.6702175384024336,-1.6543867219695887,-1.6543867219695887
2015-01-20,2.143737166324436,2.6273295517398347,0.38504516031137603,0.8311022099045171,0.2354999892105146,0.1373448681867208,0.6594998575788568,-1.668588293088206,-1.668588293088206
2015-01-21,2.1464750171115674,2.706323884556604,0.34866937728177294,0.87440023340964,0.2696030136168109,0.1656442603420387,0.6094109178176916,-1.5952739130829017,-1.5952739130829017
2015-01-22,2.1492128678986995,2.7259787984790513,0.46413506756495604,0.9811230714153809,0.3094156643164295,0.1911899478744808,0.5585515525412956,-1.5649334290181374,-1.5649334290181374
2015-01-23,2.1519507186858315,2.7172018991330824,0.5590751040402799,1.15678194922022,0.3388721832774678,0.2030401035423526,0.5268923563604597,-1.5651335560240396,-1.5651335560240396
2015-01-24,2.154688569472964,2.7988629358379957,0.5590751040402799,1.176470588235294,0.4041356761513569,0.2351712277964385,0.4557341792090629,-1.501017065442622,-1.501017065442622
2015-01-25,2.157426420260096,2.794441690794825,0.5520383525592161,1.151543288819727,0.4646182248509602,0.2615157672266581,0.3953709994617684,-1.4758726084563056,-1.4758726084563056
2015-01-26,2.160164271047228,2.883274243096342,0.529823873946093,1.128066713809676,0.5333480402167268,0.3092751624693989,0.322328099104638,-1.3994421945059816,-1.3994421945059816
2015-01-27,2.16290212183436,2.897277836803775,0.443185373527637,1.036505921893056,0.5667665572040806,0.3156503410883581,0.2964831588065036,-1.4351009418462155,-1.4351009418462155
2015-01-28,2.1656399726214923,3.082541063115206,0.474553571730689,1.120659754497841,0.5382307614221814,0.2670841257453716,0.3384380051961559,-1.5520801331954504,-1.5520801331954504
2015-01-29,2.1683778234086244,3.083288892245685,0.53228147896821,1.110069334394108,0.5161000012772193,0.2420972072582256,0.3667491604397365,-1.5517774151954846,-1.5517774151954846
2015-01-30,2.1711156741957565,3.065056784698814,0.501828578392811,1.056683626512742,0.4866496221471048,0.217194049921041,0.4018537302585282,-1.580470235423694,-1.580470235423694
2015-01-31,2.1738535249828885,3.076389076761938,0.501828578392811,1.04380324978091,0.448313310151833,0.1890535143313343,0.4473883823225501,-1.6185764607257749,-1.6185764607257749
2015-02-01,2.1765913757700206,3.1171302835769916,0.408432273376915,1.057972627979682,0.4368014460609681,0.1916298884118379,0.4552728778939867,-1.573672290316881,-1.573672290316881
2015-02-02,2.1793292265571527,2.9983234594285104,0.375493862559326,1.022978688867286,0.4485793064034195,0.2126268887877832,0.4341738271039381,-1.5233388833518564,-1.5233388833518564
2015-02-03,2.1820670773442847,2.9762520220834974,0.276679467765139,0.917997761462936,0.4375376746701295,0.2039348229740097,0.4477566705841734,-1.5683457593479817,-1.5683457593479817
2015-02-04,2.184804928131417,2.947333091677426,0.28562056126062396,0.992982206288832,0.4224190968708647,0.1988621912224042,0.4627218991246602,-1.5680766508046204,-1.5680766508046204
2015-02-05,2.187542778918549,2.929770937678702,0.34972644243084205,1.08769381662656,0.3660078030204656,0.1792695298208798,0.5203367139169066,-1.6097181440118469,-1.6097181440118469
2015-02-06,2.190280629705681,2.924842903559601,0.30580014988119597,1.018033776693341,0.3349177856212186,0.17849862110339,0.5463659561917796,-1.584091671167088,-1.584091671167088
2015-02-07,2.193018480492813,2.9276894084392944,0.25224576511624697,0.9924544713786141,0.3235433579477043,0.1877215668876888,0.5494711412746544,-1.557634853374255,-1.557634853374255
2015-02-08,2.195756331279945,2.9133622897026137,0.300195174412238,0.900092074360257,0.2864520762068266,0.1847310548009161,0.5817334631798566,-1.574752845338307,-1.574752845338307
2015-02-09,2.198494182067077,2.879891951429718,0.273003528408168,0.8713167511669571,0.2507137017654875,0.177454638745867,0.6163219688640791,-1.5874638661671572,-1.5874638661671572
2015-02-10,2.2012320328542097,2.869173077896748,0.306721733732979,0.906998749070806,0.2100043692396555,0.1733419695269972,0.6530562322066239,-1.5865178724191535,-1.5865178724191535
2015-02-11,2.2039698836413417,2.8661163464228827,0.327244444116343,0.879624386659925,0.1759126216037239,0.1701405965660839,0.6838766602133536,-1.5873141868826617,-1.5873141868826617
2015-02-12,2.206707734428474,2.420739470738728,0.19282838548088901,0.817428455570443,0.1569655537376121,0.1730552525202448,0.6971429072811857,-1.5734816209089368,-1.5734816209089368
2015-02-13,2.209445585215606,1.3541086202155348,0.221353429369659,0.7731009055455871,0.1778357043222769,0.1984338131004817,0.6590190994913206,-1.5117818514626924,-1.5117818514626924
2015-02-14,2.212183436002738,0.933611841826202,0.200324689192012,0.7033285605913581,0.2497023374059682,0.2494552297958418,0.5631319867563546,-1.4212723478011977,-1.4212723478011977
2015-02-15,2.21492128678987,1.1579534559522737,0.181582400143947,0.748516385700546,0.2458426127903399,0.2355798086424386,0.576493134244527,-1.5108429969160009,-1.5108429969160009
2015-02-16,2.217659137577002,1.104953794450986,0.181582400143947,0.748516385700546,0.2703663562726316,0.2269228174108823,0.5640631216149858,-1.513110005069076,-1.513110005069076
2015-02-17,2.220396988364134,1.0780652755452464,0.166450602183714,0.732542014337762,0.347652787860932,0.2396944267482706,0.4959832210845615,-1.4704201988004932,-1.4704201988004932
2015-02-18,2.223134839151266,1.0993722571916558,0.181582400143947,0.7277075011173451,0.3741389480996243,0.2333273771294999,0.4798305342129512,-1.4989002597776278,-1.4989002597776278
2015-02-19,2.2258726899383983,1.0933937792770603,0.145083119811419,0.78487408230228,0.4124611082356025,0.2370717871684715,0.4482499966628285,-1.480483150676983,-1.480483150676983
2015-02-20,2.2286105407255303,0.9840249259572418,0.145317379111671,0.732179495276716,0.4575099278073607,0.2450648087078839,0.409544846424824,-1.464282861011136,-1.464282861011136
2015-02-21,2.2313483915126624,0.9667877407579455,0.001061347247157,0.750542029027379,0.4948182125830087,0.2503831587392215,0.3786927757459991,-1.4594503218312598,-1.4594503218312598
2015-02-22,2.2340862422997945,0.9998830781757376,-0.07894736842105199,0.767736926130584,0.4755235394203683,0.2380607140501752,0.399619219871536,-1.493206398791706,-1.493206398791706
2015-02-23,2.236824093086927,0.9051616948793504,-0.045263190018502,0.8042957858686139,0.4753737332539423,0.2370030751860032,0.4002882282038896,-1.4791138568428943,-1.4791138568428943
2015-02-24,2.239561943874059,0.8891372911048441,-0.053684435392682,0.795155853026112,0.4744900578196388,0.2361993835017918,0.4013848178132976,-1.4779579726378866,-1.4779579726378866
2015-02-25,2.242299794661191,0.7273160022294772,-0.062236703406329,0.71420433953157,0.4676124301127345,0.2335827709847927,0.408031006075138,-1.4814429411483463,-1.4814429411483463
2015-02-26,2.245037645448323,0.6974558440211581,0.135078102297996,0.8803378537654689,0.455594053899443,0.2304466136726982,0.4189494393584022,-1.4840098477786094,-1.4840098477786094
2015-02-27,2.2477754962354557,0.4402215689653055,0.082565763651745,0.867084807965139,0.5331075044291418,0.2593460497328289,0.3458057711946538,-1.4114067755920736,-1.4114067755920736
2015-02-28,2.2505133470225878,0.4396442292857963,0.049588650216969,0.874529510488828,0.5934055113900878,0.2745573634635064,0.294960977818382,-1.4081227468285604,-1.4081227468285604
2015-03-01,2.2532511978097194,0.4147544599109195,0.04746803098693,0.7858682633075089,0.6681592197861943,0.2925610403723728,0.2347570963164748,-1.3835476192622922,-1.3835476192622922
2015-03-02,2.2559890485968515,0.4291586749813306,0.06961983243339401,0.8096480266727311,0.7485321102014179,0.3286443542322712,0.1688243875455751,-1.324523694808823,-1.324523694808823
2015-03-03,2.2587268993839835,0.397310897703168,0.061180820990427,0.800588822362184,0.7963878089777481,0.357246833373544,0.1308723805433032,-1.301680214451309,-1.301680214451309
2015-03-04,2.261464750171116,0.3835772157558182,0.155555684730488,0.887124170103212,0.8007097170572544,0.3564736714986125,0.1282485440881478,-1.3314151344945566,-1.3314151344945566
2015-03-05,2.264202600958248,0.29753671398931786,0.297008421433413,0.962238314452199,0.8132729304524825,0.3894808037141173,0.1140004604249685,-1.3189146383061967,-1.3189146383061967
2015-03-06,2.26694045174538,0.30683454716405206,0.38621182735570403,1.1425638701625291,0.8037141554842111,0.4067589551485795,0.11644481949009,-1.3301979564509754,-1.3301979564509754
2015-03-07,2.269678302532512,0.22362915082556553,0.308342755273345,1.1425638701625291,0.8117656627056788,0.4228093364294264,0.1086471020496764,-1.3160509959628817,-1.3160509959628817
2015-03-08,2.272416153319644,0.2221333822896553,0.308342755273345,1.04798574833256,0.8084403180258889,0.4268398261472548,0.1097943806234581,-1.321698237586622,-1.321698237586622
2015-03-09,2.2751540041067764,0.2836306909801904,0.305174179807834,1.044589821614119,0.8435212130736959,0.477984799556167,0.0816843053225424,-1.2665064144731568,-1.2665064144731568
2015-03-10,2.2778918548939084,0.2588377468166518,0.413939379584384,1.161159129171451,0.8520518923274432,0.5083805434530362,0.072734168291134,-1.2580413251224796,-1.2580413251224796
2015-03-11,2.2806297056810405,0.24085864171746957,0.5664379329146361,1.3473571932571229,0.8754895037901214,0.5339260283335429,0.0580311014826995,-1.241332562477269,-1.241332562477269
2015-03-12,2.283367556468173,0.24596528096423328,0.46327556887738297,1.184433143741663,0.8855813768815127,0.5421623110855954,0.0523851579773364,-1.2471646408334447,-1.2471646408334447
2015-03-13,2.2861054072553046,0.2938825329417703,0.562164868657388,1.2781028398826242,0.8598147370461606,0.5260802684873466,0.0664365621811142,-1.2771454918770937,-1.2771454918770937
2015-03-14,2.2888432580424367,0.3070516672422224,0.663195423109093,1.311161813184591,0.8277278426083038,0.5103059695508047,0.0843606470873178,-1.2881452688027624,-1.2881452688027624
2015-03-15,2.291581108829569,0.21990302754941285,0.6507436392148249,1.231389205700872,0.8203285825359772,0.5125177840222768,0.0875866207332204,-1.2711652346427424,-1.2711652346427424
2015-03-16,2.294318959616701,-0.021084490361246107,0.573248588197503,1.14966936444147,0.8293312145980397,0.5230326320249279,0.0814034413686754,-1.2555452704640864,-1.2555452704640864
2015-03-17,2.297056810403833,-0.37787091086160646,0.572186790261781,1.148549680569821,0.8167481301243831,0.5252825083189042,0.0869928680132234,-1.2720880654528557,-1.2720880654528557
2015-03-18,2.299794661190965,0.11414747272723011,0.46178410238226303,1.068059528127436,0.6963238721057041,0.4588294558784356,0.1643405753692858,-1.3785070727712574,-1.3785070727712574
2015-03-19,2.302532511978097,0.07107623510641169,0.535828306011565,1.173750788832403,0.618504395308737,0.4363136890203448,0.2150438500633709,-1.3591772041052188,-1.3591772041052188
2015-03-20,2.305270362765229,0.031761578853143256,0.3938436129574,1.092104609227964,0.5369502782175933,0.4269554307856875,0.2653481283436064,-1.3546196442973013,-1.3546196442973013
2015-03-21,2.308008213552361,0.028451203785610814,0.371822254183782,1.0433114840884181,0.4678195872851864,0.4217208632145168,0.3077488296788645,-1.3597918322199174,-1.3597918322199174
2015-03-22,2.3107460643394937,0.050135826820592526,0.388329301019563,1.080806132389162,0.4448383330809285,0.4377717021307669,0.3121275990341556,-1.3284033424017825,-1.3284033424017825
2015-03-23,2.3134839151266258,0.05218940747933936,0.29496008268401896,0.9812130046465389,0.421669458313772,0.4429269086724672,0.3221723826662735,-1.3316249883881888,-1.3316249883881888
2015-03-24,2.316221765913758,0.24827621375203682,0.311936598557691,0.999321160034059,0.3226934428666629,0.3965920603230119,0.408692154169541,-1.4125903926114631,-1.4125903926114631
2015-03-25,2.31895961670089,0.24429411444662583,0.254838074430201,0.963147678118894,0.2801208147898811,0.3781070266556477,0.4476878069390305,-1.4085292758250718,-1.4085292758250718
2015-03-26,2.321697467488022,0.2464204091533725,0.312202840970519,1.056394585060218,0.2573800260637435,0.3744860647708229,0.4645191422766567,-1.397513157463134,-1.397513157463134
2015-03-27,2.324435318275154,0.24676593100164862,0.32692939825771805,0.915517100141776,0.2344098500063927,0.3697107549865919,0.4825432376291726,-1.4019850414926225,-1.4019850414926225
2015-03-28,2.327173169062286,0.2603264175634663,0.209885610324735,0.902062219235666,0.2398844349057761,0.3833298785827784,0.468740557817775,-1.377389363059068,-1.377389363059068
2015-03-29,2.329911019849418,0.15036532110107642,0.214173324464812,0.858259215665873,0.2043037516859507,0.3657392402295795,0.504678907002142,-1.416452844178519,-1.416452844178519
2015-03-30,2.3326488706365502,0.16482358038675227,0.28661452566231804,0.9352684180271351,0.196558420184111,0.3812857829597558,0.4971007279933646,-1.3952406607409626,-1.3952406607409626
2015-03-31,2.3353867214236823,0.14909865712177636,0.326509250430611,0.9776788264969211,0.1790774354050846,0.3821497482378118,0.5072072132122297,-1.40705163690017,-1.40705163690017
2015-04-01,2.3381245722108144,0.02848372747967758,0.285984012478126,0.937953226379024,0.1787049258978338,0.3906092586977447,0.5004896140350097,-1.3930760039912746,-1.3930760039912746
2015-04-02,2.3408624229979464,0.030861956221680607,0.21597874264086903,0.819454261922558,0.2051271601230001,0.4194309058348577,0.461478604623864,-1.368665373892057,-1.368665373892057
2015-04-03,2.3436002737850785,0.004747484921825456,0.153172991768806,0.830276883333438,0.2311367515799908,0.4374637254706712,0.4325134673887097,-1.3620041943093917,-1.3620041943093917
2015-04-04,2.346338124572211,-0.002244638045656501,0.10998186534506099,0.830276883333438,0.2479311302749293,0.4447612702665662,0.4175777638982075,-1.3629902756587011,-1.3629902756587011
2015-04-05,2.349075975359343,0.024401671776055085,-0.018438875241899,0.8230593982650749,0.290480669279672,0.4694286746110662,0.3764506116893536,-1.3347725175752254,-1.3347725175752254
2015-04-06,2.351813826146475,0.027676898170689294,-0.052243610108722,0.786404745868194,0.3028068229790467,0.4755588589491997,0.3656367852897013,-1.353116221008821,-1.353116221008821
2015-04-07,2.3545516769336072,0.028514298075726443,0.021511890858862,0.8663782247602859,0.3124423367597596,0.4855992154235341,0.3536802014123411,-1.3607346398506817,-1.3607346398506817
2015-04-08,2.3572895277207397,-0.06628142771281928,0.049185713182287004,0.8737107262567569,0.2864810112377751,0.4658647560033634,0.3811156391587443,-1.3919068729809192,-1.3919068729809192
2015-04-09,2.360027378507872,-0.07285732904663113,0.054755718970616,1.019002779866911,0.2587587764917873,0.451913193044059,0.4062645353767313,-1.3958198492391167,-1.3958198492391167
2015-04-10,2.3627652292950034,-0.06853970421390325,-0.041082530017231,1.010302767888995,0.2126032537486908,0.4218638364300752,0.4552225340851734,-1.425822686826625,-1.425822686826625
2015-04-11,2.3655030800821355,-0.06517051405863045,0.024205533038432,1.010302767888995,0.1806816422185412,0.408295659177596,0.4847942288147726,-1.42210263117558,-1.42210263117558
2015-04-12,2.368240930869268,-0.08659293429875603,-0.09369106192075,0.912384430339392,0.1545001578531223,0.4003008369761758,0.5070455476722581,-1.4221001591610785,-1.4221001591610785
2015-04-13,2.3709787816564,-0.017453351232001924,-0.083724105646847,0.9233636213923919,0.1302673467018242,0.3612075242380191,0.5555786748513782,-1.470460008188776,-1.470460008188776
2015-04-14,2.373716632443532,-0.029215646182772257,-0.156483570833368,0.8432147728127539,0.1132914839379528,0.3265594974132234,0.5971454287047999,-1.49299053900359,-1.49299053900359
2015-04-15,2.376454483230664,-0.016336615265325153,-0.127509705072575,0.7605608214632289,0.1262549983238193,0.3268770340443342,0.5881378270172088,-1.4700287685828073,-1.4700287685828073
2015-04-16,2.379192334017796,0.011079075163176565,-0.217893186940472,0.646994335403861,0.1620359345913671,0.3418562839858245,0.5515007838943832,-1.4472896045811383,-1.4472896045811383
2015-04-17,2.3819301848049284,-0.3911149978394751,-0.104516121440446,0.612688789945969,0.1575852514216731,0.334116444413179,0.5609501280621142,-1.4706381811802671,-1.4706381811802671
2015-04-18,2.3846680355920604,-0.4124014332829343,-0.159435101451317,0.557539649599601,0.1568530607036594,0.3411257301413134,0.5555278240124628,-1.4666609036997418,-1.4666609036997418
2015-04-19,2.3874058863791925,-0.4154733955216609,-0.039833214631356,0.606916908145214,0.1521478066006409,0.3420921937587471,0.5578085765762067,-1.4681915868827566,-1.4681915868827566
2015-04-20,2.390143737166325,-0.40641160292038797,0.003063913611971,0.6525995040976661,0.1597568578025901,0.3493775102914722,0.5466810851369953,-1.4573064368204856,-1.4573064368204856
2015-04-21,2.3928815879534566,-0.3446070432769483,0.007149391503016,0.6569502670371009,0.2239737544164505,0.3887528860136331,0.4743438029906202,-1.4093488586756564,-1.4093488586756564
2015-04-22,2.3956194387405887,-0.3446048300002154,0.102030081028998,0.656663738388254,0.2661276188909386,0.4047709337977008,0.4368221721192044,-1.412328803414347,-1.412328803414347
2015-04-23,2.3983572895277208,-0.6410896032577604,0.009259834924368,0.538403353065675,0.3103104193103901,0.4273991975787662,0.3949168073244348,-1.4009740414968617,-1.4009740414968617
2015-04-24,2.401095140314853,-0.6199533598267598,-0.006187377388245,0.516492438985543,0.3148933714830441,0.421712725767175,0.3961884447639109,-1.4214736011943092,-1.4214736011943092
2015-04-25,2.403832991101985,-0.609333871435687,-0.05336661118965,0.494856499223967,0.2915136239482448,0.4098786645043454,0.4180929264161383,-1.441013632368847,-1.441013632368847
2015-04-26,2.406570841889117,-0.5706777904452602,-0.038030912025919995,0.475573031293301,0.2429085038354583,0.3787211741016962,0.4703649158346966,-1.4703614494708113,-1.4703614494708113
2015-04-27,2.409308692676249,-0.4948954511181197,-0.053448891722432,0.45936015501558003,0.2702075844769678,0.3988852166013062,0.438689009783137,-1.42469766601271,-1.42469766601271
2015-04-28,2.412046543463381,-0.5575588044788649,-0.123343053381058,0.385862497228242,0.2730954850012076,0.3965247194925669,0.4386689060910157,-1.438001493960399,-1.438001493960399
2015-04-29,2.414784394250513,-0.5823289022807057,-0.29189635766114297,0.281020989824094,0.2923104482782345,0.3951740360936124,0.428029015266596,-1.436440026623962,-1.436440026623962
2015-04-30,2.417522245037645,-0.4812085722361029,-0.38226942994088997,0.16657661166342203,0.4037488489324481,0.4319858384606064,0.3386790976405338,-1.3900625907631294,-1.3900625907631294
2015-05-01,2.4202600958247777,-0.4787688569683923,-0.294327255096363,0.258342463558554,0.4770288430485819,0.4356463587880757,0.2951406766743456,-1.4057603480707763,-1.4057603480707763
2015-05-02,2.42299794661191,-0.4990285448240148,-0.21962226354984699,0.11247933064690799,0.5608579372062182,0.4478157610514193,0.2424873257340942,-1.3919245242484726,-1.3919245242484726
2015-05-03,2.425735797399042,-0.4718606656482084,-0.21962226354984699,0.031579268606083,0.6452433038994215,0.473585133372774,0.1867491988629013,-1.367536010734943,-1.367536010734943
2015-05-04,2.428473648186174,-0.4712438470236549,-0.2011493262894,0.050526669150905,0.6967224531531166,0.4816103236952155,0.1572159493404649,-1.371564976086126,-1.371564976086126
2015-05-05,2.431211498973306,-0.5082939388580938,-0.23706949200636201,0.013683921412417,0.709799471004243,0.4751169387514949,0.1523213420352285,-1.382161011328655,-1.382161011328655
2015-05-06,2.433949349760438,-0.4939753338017793,-0.306868843394482,-0.070675714849296,0.663739278857474,0.4371440691015461,0.1892663412232619,-1.407689635515572,-1.407689635515572
2015-05-07,2.43668720054757,-0.4376847738850049,-0.328120108800167,0.06381686076776599,0.6957526784766697,0.4049784861765302,0.1810337018295479,-1.373778164212785,-1.373778164212785
2015-05-08,2.439425051334702,-0.4468387744973902,-0.33445485770405003,0.033873154513528,0.7526114004399728,0.4173128268805676,0.1441501637396075,-1.3451589706803275,-1.3451589706803275
2015-05-09,2.4421629021218343,-0.4450560729493779,-0.44070215663494106,0.001055300312227,0.7691199633037005,0.4146401595194255,0.135147901450695,-1.3520170224562031,-1.3520170224562031
2015-05-10,2.4449007529089664,-0.49080410110266454,-0.462823070969873,-0.001055077627475,0.7698403232491248,0.3759023845656946,0.1436421054293517,-1.3568658556775333,-1.3568658556775333
2015-05-11,2.4476386036960984,-0.48853335907605644,-0.440687924370198,0.022151801446466002,0.7845166322536314,0.3654655780511294,0.1367316141925379,-1.347652797873426,-1.347652797873426
2015-05-12,2.4503764544832305,-0.48759173546784623,-0.488982859462391,-0.028481462422897,0.7875827389160173,0.3350165093774561,0.1412539717441071,-1.3504766078262564,-1.3504766078262564
2015-05-13,2.4531143052703626,-0.5959942544932431,-0.590008568019589,-0.09312140247809,0.7539348586224865,0.2926096662626153,0.1740641024801759,-1.3687434004607475,-1.3687434004607475
2015-05-14,2.455852156057495,-0.6325879238286953,-0.546780215580605,-0.025640797829273,0.7328896697819218,0.2742408323790951,0.1938577709220174,-1.3648552664999674,-1.3648552664999674
2015-05-15,2.458590006844627,-0.6511892645003913,-0.527814740644815,-0.090434992386432,0.7222378363823222,0.2685277197033987,0.2031753232015404,-1.3604634077856108,-1.3604634077856108
2015-05-16,2.461327857631759,-0.6681424240320407,-0.439334721796497,-0.164730476120962,0.7032256125644233,0.2582150130484069,0.2201427851114663,-1.365033773748169,-1.365033773748169
2015-05-17,2.4640657084188917,-0.7069917702719222,-0.449138372045809,-0.164730476120962,0.6850616934169886,0.2563913531511961,0.2341908479990468,-1.3607424466857363,-1.3607424466857363
2015-05-18,2.466803559206024,-0.6904956526152938,-0.34146783390982804,-0.05385369833905,0.6154640029219737,0.2481164124863663,0.2891263050111586,-1.3747847085782654,-1.3747847085782654
2015-05-19,2.4695414099931554,-0.6894603059886809,-0.23072191114149002,0.060190043631758,0.5489555419050731,0.2372709273945511,0.3440247212265708,-1.3782561338517167,-1.3782561338517167
2015-05-20,2.4722792607802875,-0.6896020336454793,-0.254237842668393,0.105876128354773,0.5106273499540382,0.2436113480210718,0.3701559190836208,-1.3677922724680256,-1.3677922724680256
2015-05-21,2.4750171115674195,-0.8062522677511802,-0.277607790111453,0.052764878506562994,0.4709923925708668,0.2543131028521739,0.3944740413514256,-1.3605892934227288,-1.3605892934227288
2015-05-22,2.477754962354552,-0.7828296853963947,-0.205059638407781,0.107380176376443,0.5063175542194893,0.2880865039019544,0.3514591959378372,-1.3380686929600776,-1.3380686929600776
2015-05-23,2.480492813141684,-0.7850044551436295,-0.130550643400776,0.204060566805086,0.5136234871258615,0.2965895293485954,0.3421223318345867,-1.3427311014246106,-1.3427311014246106
2015-05-24,2.483230663928816,-0.812770106209706,-0.093891462020933,0.19214493063972998,0.5461557240673187,0.3020002508562758,0.3167831907513266,-1.3325907716954166,-1.3325907716954166
2015-05-25,2.485968514715948,-0.8254250542194815,-0.093891462020933,0.19214493063972998,0.5205964784168597,0.282184237072562,0.3441234045953023,-1.3471534127787717,-1.3471534127787717
2015-05-26,2.48870636550308,-0.8937319155219408,0.039208098430838,0.329087707425179,0.5015050003854796,0.2723113730215985,0.3627491418250891,-1.3456164803538346,-1.3456164803538346
2015-05-27,2.4914442162902124,-1.0120847016412258,0.062003319657926007,0.336518673146197,0.4893574622938895,0.2683536646439043,0.3736097413896126,-1.3434063922255568,-1.3434063922255568
2015-05-28,2.4941820670773445,-1.0313622546311991,0.091581321297802,0.309377390776202,0.4544485650498627,0.2664652454260556,0.4001809379436121,-1.341378766369389,-1.341378766369389
2015-05-29,2.4969199178644765,-1.0309797052125464,0.188183438166653,0.287686496991732,0.4233877445550801,0.2636893364537471,0.4245657524155503,-1.3411919893590951,-1.3411919893590951
2015-05-30,2.4996577686516086,-1.1588779662578914,0.24418659886344501,0.265890052506236,0.3482161380247009,0.240280768900109,0.4951727344631916,-1.3555891063179777,-1.3555891063179777
2015-05-31,2.5023956194387407,-1.1682086920626662,0.168940247512603,0.282228505263593,0.2721614777505619,0.2100547152401969,0.5749526087174865,-1.3676118416973155,-1.3676118416973155
2015-06-01,2.5051334702258727,-1.1052819798576334,0.21930705886290003,0.333156433914954,0.2223064705459026,0.1522975271848656,0.6592527280105679,-1.3979873406009655,-1.3979873406009655
2015-06-02,2.507871321013005,-1.1363014616215104,0.056662462627576,0.168699876699269,0.2170131293831799,0.140308673956691,0.6731270210750748,-1.3835196735828728,-1.3835196735828728
2015-06-03,2.510609171800137,-1.1369171742309214,-0.001047563456096,0.095167762375298,0.2180976955929934,0.1347310556924581,0.6765557814858848,-1.3815654707843033,-1.3815654707843033
2015-06-04,2.513347022587269,-1.143492410849925,0.034689565918476994,0.102656497262454,0.2001751611529552,0.1228428714951735,0.7015720589499095,-1.386793181077116,-1.386793181077116
2015-06-05,2.516084873374401,-1.1980350545176541,0.23159464238661198,0.222906113419889,0.194324293327578,0.1205854685103531,0.7085229241159181,-1.3823522605134668,-1.3823522605134668
2015-06-06,2.518822724161533,-1.2978029136862237,0.17860862005446998,0.107041308979587,0.1979988022343337,0.1233725081306002,0.7030562984735704,-1.3777594347342683,-1.3777594347342683
2015-06-07,2.521560574948665,-1.3754300606666636,0.160354112077809,0.111285832923229,0.1676581784160848,0.1086922568938283,0.7418727104888393,-1.3883018387491184,-1.3883018387491184
2015-06-08,2.524298425735797,-1.3037375819379893,0.053803368636418,0.00524966422654,0.2126911738643725,0.1342745266308374,0.6815933061939857,-1.361867536143771,-1.361867536143771
2015-06-09,2.5270362765229293,-1.3041102805271887,0.040088326801117,-0.008399142367945,0.2532230760081114,0.1503473666136602,0.6345009800218586,-1.3578511438831056,-1.3578511438831056
2015-06-10,2.529774127310062,-1.3127525803340336,-0.037890811731104,-0.08485203921665499,0.2806603635607185,0.1569454260476645,0.6064425707253462,-1.35734870022974,-1.35734870022974
2015-06-11,2.532511978097194,-1.310248453413778,0.047604420125652996,-0.04193687439742701,0.3121416319036889,0.1655397939966252,0.5739904355427929,-1.3518575167146318,-1.3518575167146318
2015-06-12,2.535249828884326,-1.3438930529790571,0.144199790057191,-0.10419922760033,0.3391008196788836,0.1714630948795323,0.5475793614599116,-1.3491030640183022,-1.3491030640183022
2015-06-13,2.537987679671458,-1.3321240812698565,0.17245079261204,-0.14629550455448098,0.3885726903780694,0.1886316126886814,0.4960927901660441,-1.3371228697675752,-1.3371228697675752
2015-06-14,2.54072553045859,-1.3302900463614742,0.196478617462614,-0.271460914906777,0.446651313765131,0.2039142764883931,0.4405129892354828,-1.3307315298310547,-1.3307315298310547
2015-06-15,2.543463381245722,-1.3138488183022843,0.17929978311025602,-0.287851373584054,0.5588494437590384,0.2308112046203663,0.3393280649360405,-1.3153384697609427,-1.3153384697609427
2015-06-16,2.546201232032854,-1.0457949419614074,0.19969944412070398,-0.268387899289808,0.6621821450126533,0.3268709403020715,0.2273950150768038,-1.2563564895156656,-1.2563564895156656
2015-06-17,2.5489390828199863,-1.0635104519856857,0.011678586633436,-0.33712403008416103,0.6934192251422759,0.3654432090091833,0.1945429126731954,-1.2615199820952956,-1.2615199820952956
2015-06-18,2.5516769336071183,-1.066685114048094,-0.12910630533003,-0.464409014753696,0.7148995082865267,0.3831032264543124,0.1758775734743307,-1.2613526093660088,-1.2613526093660088
2015-06-19,2.5544147843942504,-1.0416140847306472,-0.142483043879931,-0.5721449438138669,0.7000664322691108,0.3660966713474213,0.1901288869592543,-1.2778520978248924,-1.2778520978248924
2015-06-20,2.5571526351813825,-1.042830943624519,-0.122822356928634,-0.510338387303764,0.6932024104120593,0.3611510004164721,0.1959973331828937,-1.2740555150291577,-1.2740555150291577
2015-06-21,2.5598904859685145,-1.0698147899285328,-0.19997976831783798,-0.62194810916794,0.6791390913259696,0.3512341989348971,0.2081635844463841,-1.2779042457658525,-1.2779042457658525
2015-06-22,2.5626283367556466,-1.0634147767578843,-0.17498180062448299,-0.5980265015945461,0.6877463579012837,0.3641577094821002,0.1985440710146042,-1.26420114640964,-1.26420114640964
2015-06-23,2.565366187542779,-1.0578065289021803,-0.060410563290241,-0.48838846172154804,0.6740215890003634,0.3548040378482816,0.2103199545255989,-1.2738426918690706,-1.2738426918690706
2015-06-24,2.568104038329911,-1.058958963794179,-0.078116861088681,-0.435742610881492,0.6360898919916844,0.3279303882279839,0.244572925009061,-1.2880689833377774,-1.2880689833377774
2015-06-25,2.5708418891170437,-1.0532671377948182,-0.21685514328598401,-0.44181083023198503,0.624336510546933,0.3279020184016374,0.2524826730216041,-1.2772781785466734,-1.2772781785466734
2015-06-26,2.5735797399041758,-1.052833023222952,-0.195132122038028,-0.312531885913497,0.6213326939840522,0.3325549583188475,0.2527396158471039,-1.2726829357962686,-1.2726829357962686
2015-06-27,2.5763175906913074,-0.9947674557743462,-0.154687014655801,-0.366296398517695,0.6731426548814556,0.3783005323428436,0.2032070374600304,-1.2415427565524595,-1.2415427565524595
2015-06-28,2.5790554414784395,-0.9889518269239178,-0.148591722937811,-0.249208696776969,0.6972189817215814,0.3895553576650201,0.1848310504087902,-1.248206590386031,-1.248206590386031
2015-06-29,2.5817932922655715,-0.9531595446301676,-0.21875994907333998,-0.31866026247422696,0.771982346187431,0.4424587624876389,0.1271292448813248,-1.2152283087692837,-1.2152283087692837
2015-06-30,2.584531143052704,-0.9487157039222647,-0.146528298904096,-0.247166347444064,0.7989104102026373,0.513278286591136,0.097874669694858,-1.191049629593378,-1.191049629593378
2015-07-01,2.587268993839836,-1.0088205939009414,-0.110894531042523,-0.074203981218304,0.7900651557724154,0.5226947953416602,0.1002029937889639,-1.206986490340643,-1.206986490340643
2015-07-02,2.590006844626968,-0.993404671108938,0.028172400122910002,-0.11112272907964699,0.7620006958749712,0.5159064078194667,0.1152139380703523,-1.2183083397933094,-1.2183083397933094
2015-07-03,2.5927446954141,-0.9944109569370351,0.067036700687677,-0.08970949850145901,0.7469279570977182,0.5195827387668528,0.1215801777457917,-1.213546806007317,-1.213546806007317
2015-07-04,2.595482546201232,-0.9919351050830532,0.068091507659004,-0.136494437369749,0.7615314892293281,0.5501317968328375,0.1072794004523512,-1.1948588906347224,-1.1948588906347224
2015-07-05,2.598220396988364,-0.9073493484670763,-0.020765959226665,-0.12128690451964601,0.8053698670547732,0.6349878848356778,0.0710423565010504,-1.152497219474994,-1.152497219474994
2015-07-06,2.6009582477754964,-0.8900469715023603,-0.001037743441939,-0.10175741129133199,0.8032283829126874,0.6669281201689243,0.0655390924006718,-1.1621620715290897,-1.1621620715290897
2015-07-07,2.6036960985626285,-0.8936923286253475,0.058146111741678996,-0.043169715797408,0.776760825686027,0.6977242550951577,0.0674797877076981,-1.1716854483538492,-1.1716854483538492
2015-07-08,2.6064339493497606,-0.9088315929471635,0.10388224890526701,-0.172484423709367,0.7877950376149301,0.795806930196716,0.0433307826968978,-1.153663769415771,-1.153663769415771
2015-07-09,2.6091718001368926,-0.9012530822297098,0.151308444794751,-0.177917851681654,0.7855665597599463,0.832401772794644,0.0359386644377786,-1.1584434746852628,-1.1584434746852628
2015-07-10,2.6119096509240247,-0.7525888949071305,0.145800024423734,-0.219982035686201,0.7944685458577703,0.8553795453421751,0.0297240523445331,-1.1010743075715306,-1.1010743075715306
2015-07-11,2.614647501711157,-0.7291306398636548,0.110549103522077,-0.14470480570413,0.8226706026965832,0.8954591641660734,0.0185381634120256,-1.071904926870471,-1.071904926870471
2015-07-12,2.617385352498289,-0.600304943826141,0.111613935450036,-0.14470480570413,0.8550920531681502,0.9300094888130936,0.0101421812738062,-1.012565187814488,-1.012565187814488
2015-07-13,2.620123203285421,-0.359905568167267,0.199010146925893,-0.059523995948526996,0.8158755489613253,0.8527658855282393,0.0271094005012783,-1.0742603871737444,-1.0742603871737444
2015-07-14,2.622861054072553,-0.3367548722712672,0.175844808621656,-0.08210211737616299,0.7709625024651662,0.7910834154921059,0.0478497317092126,-1.0893223861912142,-1.0893223861912142
2015-07-15,2.625598904859685,-0.3325263362602441,0.244699900281128,0.002059174435249,0.7317563033689768,0.752027857085902,0.066516964276794,-1.0942307254920056,-1.0942307254920056
2015-07-16,2.628336755646817,-0.41029692548155344,0.280000385485197,-0.017376895202237,0.6742135912347007,0.6936133253057332,0.0998166144421872,-1.120804743452691,-1.120804743452691
2015-07-17,2.631074606433949,-0.4148190870910162,0.377518286679143,-0.021413182943420997,0.6331731932697491,0.6713543880634064,0.1205560203726098,-1.1149818859515674,-1.1149818859515674
2015-07-18,2.6338124572210813,-0.3976025758162386,0.40621008694540395,-0.131101553423456,0.577429896763951,0.6372597717852763,0.1532831756845638,-1.1305617886035255,-1.1305617886035255
2015-07-19,2.6365503080082138,-0.41519938379406507,0.400680669486086,-0.153938906197057,0.5281638667750981,0.613746491720415,0.182248361791192,-1.1343304540486423,-1.1343304540486423
2015-07-20,2.639288158795346,-0.4045304820880404,0.418748283001004,-0.13683475386892902,0.5007229899966258,0.6289541444113588,0.1852546653524405,-1.1140421623129455,-1.1140421623129455
2015-07-21,2.642026009582478,-0.3975909878469748,0.344351750374047,-0.207264067938842,0.4672172583228632,0.6207421592690745,0.2020620321871733,-1.124493812444472,-1.124493812444472
2015-07-22,2.64476386036961,-0.40075263861957267,0.346654996246369,-0.18996878382049698,0.4477908651750184,0.6236145468134281,0.2078434854648654,-1.1185913103643514,-1.1185913103643514
2015-07-23,2.647501711156742,-0.4077934774741084,0.177093412553892,-0.166059067858889,0.4284050383255382,0.6191575864326146,0.2176876047870591,-1.1219403849236418,-1.1219403849236418
2015-07-24,2.650239561943874,-0.3612903347009203,0.20785174082900498,-0.110851616697612,0.4628378577707388,0.6783690253853609,0.1727679833312846,-1.0778357735360942,-1.0778357735360942
2015-07-25,2.652977412731006,-0.36097061413705983,0.215358269753711,-0.018476730502874,0.4817772246104625,0.7100797275177442,0.1502432882474455,-1.0756312209355745,-1.0756312209355745
2015-07-26,2.6557152635181382,-0.3586196565256972,0.185398200527366,-0.028711934878516,0.5028102997131751,0.7459763410890261,0.1262979468397097,-1.0611989854054196,-1.0611989854054196
2015-07-27,2.6584531143052703,-0.3844223577348136,0.107887165196087,-0.104593588820527,0.523274294726352,0.7686372086522273,0.1102965898793468,-1.0573004385794276,-1.0573004385794276
2015-07-28,2.6611909650924024,-0.3920583072855384,0.136167948647869,-0.07690730371382999,0.5426366917507602,0.7840020519776835,0.098789536082534,-1.0538795881826983,-1.0538795881826983
2015-07-29,2.6639288158795345,-0.40451199779570657,0.231037284550497,-0.098019099504002,0.5259002759736486,0.767382802288169,0.1102837492389622,-1.0697054883869788,-1.0697054883869788
2015-07-30,2.6666666666666665,-0.4175103366685989,0.216776598715333,-0.042866481317599,0.4981713606564752,0.7496880734040039,0.1256136935351249,-1.0754192527664257,-1.0754192527664257
2015-07-31,2.6694045174537986,-0.4273485781848387,0.110061801978904,-0.066312376937868,0.4480481959689165,0.7254066737734925,0.1515622817856166,-1.085364541351035,-1.085364541351035
2015-08-01,2.6721423682409307,-0.4296895347218969,0.131100002937132,0.009252052674195,0.3924575475378799,0.6979475449263108,0.1835096893276734,-1.0953132230055669,-1.0953132230055669
2015-08-02,2.674880219028063,-0.4296901831290824,0.131100002937132,0.046430518586297,0.3622715421980599,0.6893074112175281,0.1981375054947381,-1.0909140308678644,-1.0909140308678644
2015-08-03,2.6776180698151952,-0.43686168389132424,0.143585188289898,0.058811360461501,0.3609344961284489,0.6780187769718004,0.2057670925316947,-1.095011976738645,-1.095011976738645
2015-08-04,2.6803559206023277,-0.5029270717014963,0.189366318100741,0.104209879829948,0.39870788861647,0.6924256884020014,0.1849420072280963,-1.080142051164504,-1.080142051164504
2015-08-05,2.68309377138946,-0.5015687109165196,0.17237756802797402,0.122972252008599,0.394625666169701,0.6828687046051869,0.1919831466863747,-1.09109473306175,-1.09109473306175
2015-08-06,2.6858316221765914,-0.5000501847511774,0.09910179180897,0.181080815847416,0.3594529827101207,0.6614855501908952,0.2168344211347466,-1.102041967890404,-1.102041967890404
2015-08-07,2.6885694729637235,-0.5117483141773206,0.131892889291853,0.25651752960019697,0.3395789971008235,0.6558582585928987,0.2272784339995468,-1.097595510408918,-1.097595510408918
2015-08-08,2.691307323750856,-0.2988589981678875,0.09833318934275999,0.31289631418782904,0.2566202089886513,0.5596564569972787,0.3273424909705598,-1.1653532879635744,-1.1653532879635744
2015-08-09,2.694045174537988,-0.43609357238096086,0.159325085780042,0.237145271192547,0.2233919566004594,0.5320840817886004,0.3633872657176544,-1.148828052345464,-1.148828052345464
2015-08-10,2.69678302532512,-0.48207463294457514,0.11767207093374502,0.195173195255975,0.1943628048112685,0.5152180787125391,0.3905583473442344,-1.150146899454489,-1.150146899454489
2015-08-11,2.699520876112252,-0.6451153538357056,0.13120922131075902,0.20881403987875702,0.2122359387320523,0.5365076653295692,0.3651226039265414,-1.1270957815633291,-1.1270957815633291
2015-08-12,2.702258726899384,-0.8315111929898287,-0.061944917441695,0.08169237032606899,0.1987685750898566,0.527005862672095,0.3789777666253813,-1.1410659491553805,-1.1410659491553805
2015-08-13,2.704996577686516,-0.8396227419260583,-0.019660848779619003,0.138757461677192,0.1732816498838205,0.5107194907987027,0.4044971753109006,-1.1487271793554354,-1.1487271793554354
2015-08-14,2.707734428473648,-0.835623218417006,-0.057654439867085,0.259216244831841,0.1648886328006258,0.5106149191581644,0.4086910439488016,-1.1417108414013004,-1.1417108414013004
2015-08-15,2.7104722792607805,-0.8635800272105304,-0.111612116159285,0.206087179416469,0.1309240727052481,0.4898180744934416,0.4433868299986342,-1.1563533686291168,-1.1563533686291168
2015-08-16,2.713210130047913,-0.861406595941761,-0.13182106146348,0.187783390875071,0.1071906937677685,0.4549514057873154,0.48662445726188,-1.1670061914776024,-1.1670061914776024
2015-08-17,2.7159479808350446,-0.8738387931684445,-0.10627436225637299,0.214157480714227,0.0862947828222144,0.4244724434088713,0.5258625310868974,-1.1680044274281958,-1.1680044274281958
2015-08-18,2.7186858316221767,0.6117400482931389,-0.090946186807431,0.229982095592393,0.0647210871166608,0.2122362217044357,0.7367788501731471,-1.3669870090749807,-1.3669870090749807
2015-08-19,2.7214236824093088,0.7635946413391498,-0.160155025438579,0.152615189521108,0.0978943915402203,0.1816396145682193,0.7382474934393163,-1.2942261356453422,-1.2942261356453422
2015-08-20,2.724161533196441,0.8134039380168472,-0.162334511592554,0.12905968861287098,0.1513323405076488,0.2082810045660473,0.6719063068305681,-1.25538727193031,-1.25538727193031
2015-08-21,2.726899383983573,0.8114969970049327,-0.283811135898828,0.129245786047234,0.1854819615689119,0.2081428340424048,0.644981945533381,-1.265919593396676,-1.265919593396676
2015-08-22,2.729637234770705,0.8117385854612713,-0.23579086189924497,0.15745514257635,0.2037954180256589,0.197528327103285,0.6389316228649791,-1.2739535118679737,-1.2739535118679737
2015-08-23,2.732375085557837,0.7446185908226616,-0.247839992354913,0.18144754697025,0.210091094420254,0.1814724279313299,0.6465622186396098,-1.282235202194367,-1.282235202194367
2015-08-24,2.735112936344969,0.8762608568651519,-0.40415470912304696,0.018251897150454,0.1577410342774751,0.0909863411576907,0.7656249041241714,-1.361219742112917,-1.361219742112917
2015-08-25,2.737850787132101,0.9577884049244603,-0.278691808310123,0.14923764212553,0.1824305421448099,0.1414722959376516,0.7019060295639152,-1.3082822754382055,-1.3082822754382055
2015-08-26,2.740588637919233,0.9735137449380483,-0.14507787832941998,0.09661280487607501,0.2165663783197416,0.1850994500179258,0.6384204891816907,-1.2879839174697851,-1.2879839174697851
2015-08-27,2.7433264887063653,0.970582567392361,-0.119871455301735,0.035688462188048,0.2403771400688387,0.202288694987979,0.6059597429126502,-1.2912608083930346,-1.2912608083930346
2015-08-28,2.746064339493498,1.0034264108857063,-0.08970949850145901,0.069146535695254,0.2793016318991944,0.2397397635190984,0.5479183117637184,-1.2608551795887433,-1.2608551795887433
2015-08-29,2.74880219028063,1.0034065881871026,-0.14862617717588,0.089229315038803,0.3157014237794173,0.2514286375996795,0.5122463174900411,-1.266497289077939,-1.266497289077939
2015-08-30,2.751540041067762,1.0033448535923777,-0.129403522716313,0.010415422549328,0.3394185983222044,0.2528359775556402,0.4935626572295151,-1.2695655665825711,-1.2695655665825711
2015-08-31,2.754277891854894,1.0069543770820621,-0.145836064320096,-0.006249889246241,0.3617595342380574,0.2591785566911651,0.4728222230238653,-1.2625638047823369,-1.2625638047823369
2015-09-01,2.757015742642026,1.0042712609057083,-0.197186581511854,-0.058327796638696,0.3717120216705789,0.25392413901498,0.4687504943786604,-1.2696316654059565,-1.2696316654059565
2015-09-02,2.759753593429158,1.0077586083119985,-0.170273471031816,-0.018748078447118,0.388200187076577,0.2563610452032195,0.4549581734272401,-1.2631855567869978,-1.2631855567869978
2015-09-03,2.7624914442162902,0.9966532330635034,-0.155212563905819,-0.09146961580001099,0.3928305644315957,0.2484309630157699,0.4563297479764041,-1.2710061315929346,-1.2710061315929346
2015-09-04,2.7652292950034223,1.0068071562576508,-0.176602260484635,-0.117079116513475,0.409119968780568,0.2580298275880364,0.4384153586386684,-1.2560455672867548,-1.2560455672867548
2015-09-05,2.7679671457905544,1.0233245522564745,-0.163548854561421,-0.076312040265452,0.4478066682898414,0.2833862394403079,0.3957093399928022,-1.2344730730812872,-1.2344730730812872
2015-09-06,2.7707049965776864,1.037518978567382,-0.136325772339362,-0.070168226135528,0.501076179527957,0.3170568891258511,0.3407365860423924,-1.21294891371769,-1.21294891371769
2015-09-07,2.7734428473648185,0.9334047915698399,-0.136325772339362,-0.070168226135528,0.5481618730938213,0.333922711079503,0.3009591146005829,-1.211703744486277,-1.211703744486277
2015-09-08,2.7761806981519506,0.9334242602914608,-0.172201757607344,-0.106284838486094,0.6493608397426968,0.3587280525086311,0.224855057164939,-1.1949804228805938,-1.1949804228805938
2015-09-09,2.778918548939082,0.9429352877094197,-0.118361618210536,-0.14169804518600598,0.6958371905474898,0.3474472914730049,0.1984822651414158,-1.2163287521022186,-1.2163287521022186
2015-09-10,2.7816563997262147,0.926563792532328,-0.188097627077175,-0.039649130627912,0.7323660559096258,0.343152438171837,0.1757947036382172,-1.2138067888639623,-1.2138067888639623
2015-09-11,2.784394250513347,0.9262973613443561,-0.111157248190161,-0.029328456658296,0.7685803222372434,0.3481025994854852,0.1508618863614477,-1.205791880794493,-1.205791880794493
2015-09-12,2.7871321013004797,0.9328684123492006,-0.130637070679443,-0.028283746664139,0.7693529672488988,0.3293370736178943,0.1546864139462029,-1.2250567494116655,-1.2250567494116655
2015-09-13,2.789869952087612,0.9366088974541058,-0.142901238249868,-0.11629063914222801,0.7444152374087173,0.2994146726123826,0.1790589345753002,-1.2439970596948138,-1.2439970596948138
2015-09-14,2.7926078028747434,0.9340787004913458,-0.13668838138092698,-0.11006100980834099,0.7264260297593915,0.2850282662408398,0.1955976558143047,-1.2421126229762596,-1.2421126229762596
2015-09-15,2.7953456536618755,0.932748912170344,-0.099409660091788,-0.072681649463892,0.6095996737642896,0.2763545911059654,0.2825114037112051,-1.24227432647013,-1.24227432647013
2015-09-16,2.798083504449008,0.9327104084490799,-0.144598381562867,0.012591302554559999,0.5105574377238433,0.2667359064155619,0.3588906567890709,-1.2462291527301057,-1.2462291527301057
2015-09-17,2.80082135523614,-0.35149842241673435,-0.249561528151105,-0.06514606799581,0.440974330302139,0.2650573350173903,0.410851815481434,-1.2417813510415074,-1.2417813510415074
2015-09-18,2.803559206023272,-0.5708205472616239,-0.165871707371667,0.022186907669011997,0.3837864030442444,0.2779996870809302,0.444906409827041,-1.2268309084779183,-1.2268309084779183
2015-09-19,2.806297056810404,-0.6401860736339582,-0.09295032790062,-0.01263452751534,0.3297582248772084,0.278017634584892,0.4839027422031739,-1.231924556666265,-1.231924556666265
2015-09-20,2.809034907597536,-0.6471343151848432,0.003163427050263,-0.011582669152118,0.2871254604606281,0.27680306956375,0.5155486787810288,-1.2318503457958974,-1.2318503457958974
2015-09-21,2.811772758384668,-0.6350387144743135,0.111778713289725,0.096872502592404,0.2200067103567193,0.2582252814137382,0.5785793029243171,-1.2485231166307589,-1.2485231166307589
2015-09-22,2.8145106091718,-0.6273240249102126,0.152904874010806,0.137938037459788,0.2053763187431612,0.2643203526089679,0.5845884696355951,-1.2317941144088786,-1.2317941144088786
2015-09-23,2.817248459958932,-1.0366915144037305,0.29578846945069504,0.132897602433936,0.1919450527662262,0.2659092093998956,0.5931856950631667,-1.231955444361879,-1.231955444361879
2015-09-24,2.8199863107460645,-1.2053958296299345,0.154448228427608,0.104210301449423,0.2130326328810494,0.2851923285497383,0.5625303111976402,-1.2124478463055244,-1.2124478463055244
2015-09-25,2.8227241615331966,-1.2312308971136448,0.123028200601253,0.208907054883906,0.2333616761816043,0.2975117869414913,0.5385543861613551,-1.2086016975605889,-1.2086016975605889
2015-09-26,2.8254620123203287,-1.2324702608503844,0.06903002076159301,0.237132678203839,0.2427079684407414,0.3001705939818083,0.5299752326284256,-1.210792064715866,-1.210792064715866
2015-09-27,2.8281998631074607,-1.3007865227957038,0.016647178410027,0.231693101288588,0.2381002471517578,0.2946070524604181,0.5374387123913006,-1.216318539687343,-1.216318539687343
2015-09-28,2.830937713894593,-1.242288382805302,-0.008323986114517,0.206185834510974,0.2815033586452392,0.3196279495790097,0.4888450330991334,-1.1880842319189684,-1.1880842319189684
2015-09-29,2.833675564681725,-1.2332762444704943,-0.02289056490542,0.191306527985584,0.296038653845366,0.3214483966858722,0.4776741001043985,-1.1972042452125775,-1.1972042452125775
2015-09-30,2.836413415468857,-1.2340102239896704,0.041688539718731,0.21414148243993703,0.302338636500189,0.3196284311691756,0.4746689563970184,-1.198652728799729,-1.198652728799729
2015-10-01,2.839151266255989,-1.2397338689176631,0.07752807929007,0.07963974995284799,0.3179912494003835,0.3252021076070088,0.4602180674981982,-1.1911810167960466,-1.1911810167960466
2015-10-02,2.841889117043121,-1.2405662243501,0.0,0.059836204287401995,0.3278519722066423,0.3268742398798654,0.4524401521216532,-1.191074716200761,-1.191074716200761
2015-10-03,2.844626967830253,-1.248727187975037,-0.060159922105951,0.067233887302649,0.3457935025468625,0.3339675291473759,0.4357227699465542,-1.183872132534547,-1.183872132534547
2015-10-04,2.847364818617385,-1.2612765125826069,-0.041567235989302995,0.037708244029379,0.3557930745774089,0.3354632929063013,0.4280991489072846,-1.1846786143499068,-1.1846786143499068
2015-10-05,2.8501026694045173,-1.2902906902128177,-0.012470408645515001,0.067036700687677,0.3788805472866342,0.3454598389259321,0.4065476266252434,-1.1746625468173697,-1.1746625468173697
2015-10-06,2.8528405201916494,-1.278224912709891,-0.080017068024497,-0.001047673206513,0.5241687259411328,0.3751910030897648,0.2973036610432401,-1.1502358179152967,-1.1502358179152967
2015-10-07,2.855578370978782,-1.2619055990058787,-0.075860265142658,0.07490231855840701,0.5976823623518177,0.3765841043958241,0.2508112103917979,-1.161783233366232,-1.161783233366232
2015-10-08,2.858316221765914,-1.2832306778527092,-0.058406088301569,-0.017802719944326,0.6451978090373385,0.3743850241353875,0.2219695641358171,-1.163411940894134,-1.163411940894134
2015-10-09,2.861054072553046,-1.329986990783717,-0.12498745452937302,-0.155747070711679,0.6994772509945167,0.3803700492379577,0.1862128961691411,-1.1556287206864742,-1.1556287206864742
2015-10-10,2.863791923340178,-1.3289303191322173,-0.068091507659003,-0.13526199599438699,0.7517597862538102,0.3877604577942277,0.1519824748210302,-1.150419542861301,-1.150419542861301
2015-10-11,2.86652977412731,-1.3265581803193174,-0.039920671611115004,-0.13526199599438699,0.8116392237249661,0.4006390796702986,0.1128960882222213,-1.14079509147503,-1.14079509147503
2015-10-12,2.869267624914442,-1.3676356571720445,-0.036769208376798,-0.13214069965619601,0.8347110064108011,0.3994930481975368,0.0992571897067467,-1.1468022886370886,-1.1468022886370886
2015-10-13,2.8720054757015743,-1.396784826306627,-0.045172843171259996,-0.140463891951705,0.8672175946775748,0.4172083990558299,0.0773844705750738,-1.1288066530168177,-1.1288066530168177
2015-10-14,2.8747433264887063,-1.3918378314600315,-0.138582645125902,-0.246106196414991,0.8765808785489544,0.4368692939699595,0.0695010970003346,-1.117922631730785,-1.117922631730785
2015-10-15,2.8774811772758384,-1.390130179551611,-0.129693322440505,-0.258077828958068,0.8899638823010682,0.4568498310646108,0.0597661359171692,-1.1077528053972872,-1.1077528053972872
2015-10-16,2.8802190280629705,-1.3119427225236155,-0.09222356637021799,-0.18174265067618298,0.8932212460539374,0.5040655774431946,0.0529552596795757,-1.0738229382013058,-1.0738229382013058
2015-10-17,2.8829568788501025,-1.2575093184088575,-0.001057867361989,-0.214263500853598,0.902049744642036,0.5615114236682566,0.0429500680232443,-1.043904773483515,-1.043904773483515
2015-10-18,2.8856947296372346,-1.1384877126320756,-0.033733891288769004,-0.155159625399345,0.8539594380455503,0.5510579840482833,0.0655637442945522,-1.0768355466515,-1.0768355466515
2015-10-19,2.8884325804243667,-1.1466730106928515,0.010541690225351001,-0.111423483122536,0.8236857571409915,0.5536430427141936,0.0786990889686977,-1.0691450365049675,-1.0691450365049675
2015-10-20,2.891170431211499,-1.1239357761774715,-0.0010544103063580001,-0.122878300549367,0.8406649182871152,0.5811750470556634,0.066733508100781,-1.0457356080693447,-1.0457356080693447
2015-10-21,2.8939082819986317,-1.1434736719521839,-0.08759999408043799,-0.186867390789622,0.832384794062946,0.581046193431223,0.0702230285661382,-1.0568237769616935,-1.0568237769616935
2015-10-22,2.8966461327857638,-1.1089117539651014,0.006231570352559,-0.031043362339874,0.8587086302194861,0.6147325670851103,0.054434963328367,-1.0273868097297498,-1.0273868097297498
2015-10-23,2.8993839835728954,-1.1124054057120207,0.104090767479607,-0.006177036990663,0.8809266044736771,0.6423440910806701,0.0425873035050778,-1.0176854296610447,-1.0176854296610447
2015-10-24,2.9021218343600275,-1.1119995521185548,0.112511913229487,-0.060414084083642995,0.910403925816265,0.6786096796130096,0.0287953109873271,-0.9985378481257632,-0.9985378481257632
2015-10-25,2.9048596851471595,-1.112908923807927,0.083099935561847,-0.08072766304926499,0.8873001727121277,0.7055644442370508,0.033182836281893,-0.9907265851632808,-0.9907265851632808
2015-10-26,2.907597535934292,-1.1204153933711734,0.0612863807893,-0.102186796828429,0.8748662776066061,0.7260958946709793,0.0342746402786526,-0.9844050539137852,-0.9844050539137852
2015-10-27,2.910335386721424,-1.0974403996178237,0.066480423949308,-0.097077145137652,0.8949461090610714,0.773321593459772,0.0238134485988872,-0.954542923178165,-0.954542923178165
2015-10-28,2.913073237508556,-1.0647870835673492,0.182234720633702,-0.025502397542903,0.9145400253959834,0.8440924111113932,0.0133238585869937,-0.917898783328904,-0.917898783328904
2015-10-29,2.915811088295688,-1.0586054762070327,0.144957701376156,-0.00513747568243,0.9217198947172232,0.9038552575959804,0.0075262205577721,-0.8876653208263843,-0.8876653208263843
2015-10-30,2.91854893908282,-0.9882201225840066,0.062272805773033,-0.06659851803698899,0.9244009819722352,0.9290676732609404,0.0053624142478974,-0.8432984015688616,-0.8432984015688616
2015-10-31,2.921286789869952,-0.8079017780139718,0.079009719050471,-0.017504715149508,0.8879899904690142,0.8902295153853715,0.0122953930279054,-0.8860780250449469,-0.8860780250449469
2015-11-01,2.924024640657084,-0.7774150853851974,0.11687311862542199,-0.029823212864895,0.8918308595949866,0.9126560785241254,0.0094479169056483,-0.8505881389508794,-0.8505881389508794
2015-11-02,2.926762491444216,-0.3550381233407643,0.11478643985214299,-0.03187963445125,0.9102981288198342,0.943749129439156,0.005045808344821,-0.7463639944647502,-0.7463639944647502
2015-11-03,2.9295003422313486,-0.007428001871817925,0.138787624506098,-0.008226470939685999,0.9112986567911026,0.9387073334651868,0.0054367418504929,-0.6361253696619089,-0.6361253696619089
2015-11-04,2.9322381930184807,-0.010124507005219073,0.191446917719868,0.150258751113181,0.8472383641276241,0.8274610325783835,0.0263573349150567,-0.6165180471894445,-0.6165180471894445
2015-11-05,2.9349760438056127,0.20971775816150984,0.259795032549603,0.120905842608982,0.7724406419821404,0.7292544204357809,0.061610690271807,-0.6799340158836191,-0.6799340158836191
2015-11-06,2.937713894592745,0.2545756523531633,0.38324645676537994,0.224788639896444,0.7003912300339056,0.6600764471083462,0.101844077564373,-0.7112968563746742,-0.7112968563746742
2015-11-07,2.940451745379877,0.25329009479603964,0.40285396344726,0.16400226973710902,0.6591445891369624,0.6457783318903089,0.1207383722201193,-0.679929261923391,-0.679929261923391
2015-11-08,2.943189596167009,0.32942546137554135,0.45881301714276,0.183834945572101,0.6141492996009217,0.6164769022908984,0.147982655870281,-0.7145596711267084,-0.7145596711267084
2015-11-09,2.945927446954141,0.3265477900133636,0.439827645366484,0.16534872804119902,0.5865400394685917,0.6134631692126601,0.1598175028012692,-0.6964355295799152,-0.6964355295799152
2015-11-10,2.948665297741273,0.8381288130720095,0.472524361596453,0.197185797965142,0.5186412835688615,0.5385800855777282,0.2221084977420705,-0.8175618870168995,-0.8175618870168995
2015-11-11,2.951403148528405,1.0300116935122312,0.439688523761978,0.155913868680661,0.4379605997118465,0.4576665519201403,0.3048127659150108,-0.8966511852732308,-0.8966511852732308
2015-11-12,2.954140999315537,1.1613977143653942,0.410510690370817,0.07352202782185199,0.4012221119903725,0.4629335172746699,0.3215835342470322,-0.8130537299100693,-0.8130537299100693
2015-11-13,2.9568788501026693,1.1660346095374885,0.538698769525598,0.105144833495627,0.369675758609213,0.4632037551590457,0.3383556858107976,-0.8170227937770829,-0.8170227937770829
2015-11-14,2.9596167008898013,1.1761904111257648,0.489561829259859,0.11857262710861001,0.3381676633316238,0.4568404793168168,0.3594805347574263,-0.8283037220956766,-0.8283037220956766
2015-11-15,2.9623545516769334,1.2122918747431894,0.470699905346765,0.146576500713513,0.2997261964385522,0.4321381733010433,0.3976587612798301,-0.8670089374175785,-0.8670089374175785
2015-11-16,2.965092402464066,1.2160926466044428,0.518299289023393,0.192702432334868,0.2791073271806237,0.4376674263838049,0.4053814320075775,-0.8342558572752186,-0.8342558572752186
2015-11-17,2.967830253251198,1.1771719170666441,0.538396053374126,0.212177095800045,0.2605927494944609,0.4477683033826348,0.408324120437855,-0.8210190649163174,-0.8210190649163174
2015-11-18,2.97056810403833,1.1792967385456368,0.493892426982249,0.256278074301945,0.2386087831254217,0.4519673798910247,0.4172672235117362,-0.8223281871858452,-0.8223281871858452
2015-11-19,2.973305954825462,1.1986980966833385,0.436478593173408,0.17473501205105402,0.2112748064783594,0.4398082157590502,0.4418373734346762,-0.8476138816064527,-0.8476138816064527
2015-11-20,2.976043805612594,1.1994116596077726,0.475538821456442,0.343860116885237,0.1854714899905536,0.4267572600247434,0.4669225548657783,-0.8600476152957652,-0.8600476152957652
2015-11-21,2.9787816563997263,1.1894245570081592,0.33527127669852497,0.32348396529823603,0.1724215219855156,0.4285173927377591,0.4729467063298347,-0.8446708280582218,-0.8446708280582218
2015-11-22,2.9815195071868583,1.1930699090104042,0.257546101561727,0.310655484050994,0.1595618192439691,0.4253585545061448,0.4829506110378714,-0.8517313782698253,-0.8517313782698253
2015-11-23,2.9842573579739904,1.1909338959527178,0.281240688731467,0.334472752111512,0.1480024882684812,0.4212621660163262,0.4930831944989788,-0.8560407152122105,-0.8560407152122105
2015-11-24,2.9869952087611225,1.195066812606421,0.253425269620539,0.30651331612578403,0.1354782371748962,0.4141463187792442,0.5064832572465442,-0.8650528782609861,-0.8650528782609861
2015-11-25,2.9897330595482545,1.2051121220292094,0.303531119438382,0.30778799486950104,0.1480201179963262,0.4243724174855126,0.490423119828753,-0.8396263437312861,-0.8396263437312861
2015-11-26,2.9924709103353866,1.293433113404308,0.29821476425951,0.29184302314419996,0.2472643821834753,0.4708341314581613,0.3983219969842588,-0.7676396278638284,-0.7676396278638284
2015-11-27,2.9952087611225187,1.2743744352159798,0.22908548698446102,0.36906464776929404,0.344633537477965,0.5031158195753527,0.3256412276080617,-0.7525460300538516,-0.7525460300538516
2015-11-28,2.9979466119096507,1.2611449458080184,0.281660968148846,0.445952652017378,0.4170389440202081,0.5181401241629454,0.2809055420522608,-0.7543722293265631,-0.7543722293265631
2015-11-29,3.0006844626967832,1.2511224944237567,0.31665804966070904,0.547294602108943,0.5212988986427358,0.5491543523314216,0.2158203080810775,-0.716260932108125,-0.716260932108125
2015-11-30,3.0034223134839158,1.200188793743268,0.332130100264176,0.56311254189409,0.6254824687430245,0.5748423948863542,0.1592289766622906,-0.7002815063055481,-0.7002815063055481
2015-12-01,3.006160164271048,1.2256166481886377,0.293966600642299,0.524095868895739,0.6580451877911082,0.5626302373558417,0.1495606950508307,-0.7404000466194098,-0.7404000466194098
2015-12-02,3.0088980150581794,0.9764222583977518,0.31569148343749,0.7158933104655869,0.6609347541724648,0.5509480597420713,0.1522579065128862,-0.7495363595893956,-0.7495363595893956
2015-12-03,3.0116358658453115,0.644052712405597,0.047344490236167,0.326880779349159,0.6697273187704674,0.5482471898684768,0.1492016118551141,-0.7443752925225002,-0.7443752925225002
2015-12-04,3.014373716632444,0.6307213943808717,0.040837318871000006,0.341745536503284,0.6839380854345006,0.5505066534956227,0.1420677276806269,-0.7384898017483748,-0.7384898017483748
2015-12-05,3.017111567419576,0.6648526252094338,0.041861958596554,0.286580676318171,0.7602591584935755,0.5951607527946631,0.0970565017998348,-0.6701472049558648,-0.6701472049558648
2015-12-06,3.019849418206708,0.6363669548882201,-0.081686683952574,0.233066054473447,0.7814878493206959,0.6172073659179237,0.0836448417374703,-0.6707703362387134,-0.6707703362387134
2015-12-07,3.02258726899384,0.6174802325448657,-0.050423556024036004,0.265321302212453,0.8160451816756139,0.6396379952443139,0.0662903271158438,-0.6537906827680038,-0.6537906827680038
2015-12-08,3.025325119780972,0.6423140316466758,-0.069584753521939,0.245552033645224,0.8620338862567105,0.6846832341241773,0.0435030287859899,-0.6047696423620605,-0.6047696423620605
2015-12-09,3.028062970568104,0.6361234248863343,-0.164680221007319,0.145909491444182,0.8839986850129368,0.7105842888922241,0.033572603066418,-0.600350709031229,-0.600350709031229
2015-12-10,3.030800821355236,0.1476534522540891,-0.135965199080785,0.260870149059746,0.8957745196733218,0.7200145130583776,0.0291816218609894,-0.6057210563169244,-0.6057210563169244
2015-12-11,3.033538672142368,0.06333733031395757,-0.14544009800392899,0.181571306534784,0.9218308897549912,0.7863167855613028,0.0167034267469663,-0.5221974973090093,-0.5221974973090093
2015-12-12,3.0362765229295,-0.04453988646753484,-0.109478136274673,0.120319052863051,0.8854004204398612,0.7908509208329388,0.0239683965379353,-0.560888476119004,-0.560888476119004
2015-12-13,3.0390143737166326,-0.045684982125358924,-0.143448651337432,0.139249328810719,0.8560392636692018,0.7910199727066776,0.030084918607577,-0.5642231472774286,-0.5642231472774286
2015-12-14,3.0417522245037647,-0.05331426006342469,-0.140418165435395,0.142366732764827,0.8511305802836824,0.8087179745259283,0.0284760441344869,-0.5410049986566898,-0.5410049986566898
2015-12-15,3.0444900752908968,-0.1006757893051726,-0.07778529747278701,0.2067959881897,0.882141167427854,0.8494468447957405,0.0177440191124271,-0.4951694340360175,-0.4951694340360175
2015-12-16,3.047227926078029,-0.07308444399587738,-0.157884116681241,0.170424954009968,0.8864610527864066,0.8507563919499662,0.016944962136359,-0.5183396609340774,-0.5183396609340774
2015-12-17,3.049965776865161,-0.07095445950659321,-0.036133756928232,0.353566905168805,0.8879863665926115,0.853493944880478,0.0164106755501207,-0.5164273872474983,-0.5164273872474983
2015-12-18,3.052703627652293,-0.07519509934739299,-0.095334125749109,0.28017860141225903,0.9045239373984352,0.8676850309380265,0.012632912269285,-0.5006748301850719,-0.5006748301850719
2015-12-19,3.055441478439425,-0.11952863532630374,-0.029295981592647,0.33940895609086,0.914223111878589,0.8723882089524507,0.0109461423236585,-0.5041000973313086,-0.5041000973313086
2015-12-20,3.058179329226557,-0.028497888564088636,-0.08737599168911399,0.36873562525608,0.8804633035010493,0.8384348322986372,0.0193129664163198,-0.5480162130585464,-0.5480162130585464
2015-12-21,3.060917180013689,-0.01551509773215185,-0.111479422893807,0.34352311789037404,0.8466887965765402,0.8139778986710954,0.0285192722180951,-0.5576843916983707,-0.5576843916983707
2015-12-22,3.063655030800821,-0.01857535700307605,-0.133574554095718,0.320411318850495,0.8170386018820669,0.7979279218542124,0.0369713899381495,-0.5628797559476686,-0.5628797559476686
2015-12-23,3.0663928815879533,-0.026297607131355403,-0.146293253429059,0.324409064345472,0.8038840766605323,0.8006796345345389,0.039089897513619,-0.55012108493022,-0.55012108493022
2015-12-24,3.0691307323750854,-0.031129315984317646,-0.15573148210323098,0.24788230639603398,0.8217738676680323,0.8253208203024959,0.0311323945964069,-0.5226498300176781,-0.5226498300176781
2015-12-25,3.071868583162217,-0.034632669556370996,-0.182364693303699,0.268288119588482,0.8345709919516743,0.8388764697914488,0.026654505775645,-0.5217605982515048,-0.5217605982515048
2015-12-26,3.07460643394935,0.15071593180818965,-0.182364693303699,0.362771041191629,0.7211075364059393,0.7746989666856641,0.0628347602313227,-0.6100933140436728,-0.6100933140436728
2015-12-27,3.077344284736482,0.1496247305228008,-0.20395854375128303,0.328906043275059,0.6525856394161977,0.7528692531630362,0.0858567703929612,-0.5972598446200967,-0.5972598446200967
2015-12-28,3.080082135523614,0.14935255193601923,-0.20995786288767598,0.32258038571632003,0.5915483908519735,0.740948634910618,0.1058099469227509,-0.5989191865098595,-0.5989191865098595
2015-12-29,3.082819986310746,0.12564521534309409,-0.19196143105233798,0.34155574983371506,0.5511040946496591,0.7547779497742748,0.1100791742479436,-0.5743226657179754,-0.5743226657179754
2015-12-30,3.0855578370978782,0.13406695376774735,-0.18967770396425498,0.24820077886817699,0.495657569166827,0.7499286507279408,0.1261215921736017,-0.5895224106197547,-0.5895224106197547
2015-12-31,3.0882956878850103,0.06399492362516428,-0.117235046348952,0.24407961195637098,0.4696505280655822,0.7548012166458136,0.1300410452708544,-0.5807303544580469,-0.5807303544580469
2016-01-01,3.0910335386721424,0.05606116371187996,-0.136013665307251,0.266472110619946,0.4650128315745687,0.7642020001623027,0.12614890425355,-0.5724574389033883,-0.5724574389033883
2016-01-02,3.0937713894592744,0.05845855783218921,0.103461839625,0.275028591353359,0.4644296474640441,0.7672458137122945,0.1246562416043259,-0.5749532028816704,-0.5749532028816704
2016-01-03,3.0965092402464065,0.06521610840439492,0.028469627213114003,0.245143938157759,0.4496703537116676,0.7624318631774593,0.130740788706927,-0.5832991304862771,-0.5832991304862771
2016-01-04,3.0992470910335386,-0.0845872196616925,0.052872829743639,0.270074394326147,0.4514726922917205,0.7657192379746212,0.1285093956416252,-0.5765866763825374,-0.5765866763825374
2016-01-05,3.10198494182067,-0.08374313997436535,0.10676187778834599,0.325127764823489,0.4480977939326736,0.765271905143099,0.1295469533775043,-0.5796174811654211,-0.5796174811654211
2016-01-06,3.1047227926078027,-0.08770761353730935,0.052705921727642,0.328022656036732,0.4336352698108249,0.7597699374249822,0.1360578345736285,-0.5866454927454638,-0.5866454927454638
2016-01-07,3.1074606433949348,-0.02293109949263677,-0.025388442865931,0.24298694815783,0.5437450681827175,0.8105288952920151,0.0864471259598868,-0.5219378536546406,-0.5219378536546406
2016-01-08,3.1101984941820677,-0.016268322174421618,0.122239595280795,0.227296572505339,0.6061923704820178,0.8270008458305139,0.0681283868121012,-0.5330469843008112,-0.5330469843008112
2016-01-09,3.1129363449692,-0.010034021818719884,0.061261839816684,0.244307975306747,0.6376426546763875,0.8248483531996122,0.0634674857636475,-0.5460224546269776,-0.5460224546269776
2016-01-10,3.1156741957563314,-0.2805600604579527,0.099415929459574,0.28279234401459197,0.662891984164399,0.8244746616966393,0.0591709985243185,-0.5456741811040517,-0.5456741811040517
2016-01-11,3.1184120465434635,-0.3443905991742975,0.118889378470594,0.302619374983581,0.6837398667623218,0.8250957652637108,0.0553152365815329,-0.5451998920836116,-0.5451998920836116
2016-01-12,3.121149897330596,-0.307521639119265,0.143486884314623,0.327663500954968,0.6436773367229521,0.7999942444367563,0.0712665834930332,-0.5744410033273759,-0.5744410033273759
2016-01-13,3.123887748117728,-0.3303268840010552,0.136270681541796,0.293413763075192,0.5991177176601472,0.7808888156938277,0.0878377916508464,-0.5824901952429071,-0.5824901952429071
2016-01-14,3.12662559890486,-0.43388583887549786,0.08857616639940699,0.380263700841414,0.556668535694105,0.7664283530464665,0.1035496602642495,-0.5876656124529607,-0.5876656124529607
2016-01-15,3.129363449691992,0.4937143427703537,0.111371851159847,0.36230356905472905,0.4175014017705787,0.6338156515674489,0.213301869655515,-0.7540555240151905,-0.7540555240151905
2016-01-16,3.132101300479124,0.6254362347082086,-0.031227719258254003,0.38187152762297805,0.3886259879026704,0.6116093704536462,0.2374519374467619,-0.6924243362630635,-0.6924243362630635
2016-01-17,3.134839151266256,0.6130422285692056,0.026342669125591002,0.437717712556013,0.3548489867399468,0.5905535527579002,0.2641547903139696,-0.7061086605047224,-0.7061086605047224
2016-01-18,3.137577002053388,0.6227254267381239,0.042553780276212996,0.45459395622541304,0.3407849558556765,0.5867834615274566,0.2723985586503422,-0.6935632113391774,-0.6935632113391774
2016-01-19,3.14031485284052,0.5866114066820178,0.029382059219250998,0.440881807068127,0.3139922253117791,0.5713975117586226,0.2940246391843016,-0.7119206666013396,-0.7119206666013396
2016-01-20,3.143052703627652,0.8758800120583086,0.063985096412348,0.448123172090637,0.3866606570521156,0.6407994372552966,0.2203118371403467,-0.6120006141124055,-0.6120006141124055
2016-01-21,3.1457905544147846,0.8883948104836545,0.08346902612532,0.453777472079564,0.4180921359399069,0.6557018062071611,0.2003498265497388,-0.6362624249113988,-0.6362624249113988
2016-01-22,3.1485284052019167,0.993331159973754,0.12507661203355802,0.600447074558101,0.377395258533684,0.6092466251580755,0.2432849039205468,-0.7064247396742669,-0.7064247396742669
2016-01-23,3.1512662559890487,0.9741319554637269,0.16227763660084701,0.551022231312854,0.3584422020073255,0.5956103061301726,0.2594393615300582,-0.6935462965025074,-0.6935462965025074
2016-01-24,3.154004106776181,1.0209046870195138,0.16227763660084701,0.532049791684605,0.3800541374424607,0.6187310127770377,0.2363661311503788,-0.6545800653840042,-0.6545800653840042
2016-01-25,3.156741957563313,0.8549739088697397,0.140844785276312,0.5098370687695399,0.3702378245750147,0.6061050818108452,0.2480601205676487,-0.6830139796539774,-0.6830139796539774
2016-01-26,3.159479808350445,0.8490152387205414,0.140844785276312,0.5098370687695399,0.3638638374632053,0.5990417506592707,0.2550640420730828,-0.6820581131856223,-0.6820581131856223
2016-01-27,3.162217659137577,0.8513474812094544,0.100082044041989,0.414911802800395,0.3656075324961086,0.6010714990861787,0.2530772360523474,-0.6750461496021218,-0.6750461496021218
2016-01-28,3.164955509924709,0.8616279975381318,0.041794461619442,0.385872822455342,0.3329332057986713,0.5731189996155632,0.2847581404319024,-0.7129822870395159,-0.7129822870395159
2016-01-29,3.167693360711841,0.8587667868560408,0.13635941925919498,0.47974722905697204,0.3112685883226105,0.5566713275687837,0.3053343824006146,-0.7151740860576696,-0.7151740860576696
2016-01-30,3.170431211498973,0.8541836603799888,0.09936159223604199,0.33942333368917,0.2943952909042654,0.545403428245973,0.3207654817684184,-0.7184288495910058,-0.7184288495910058
2016-01-31,3.1731690622861053,0.8603077075825419,0.09936159223604199,0.26166693350291303,0.2569669335531669,0.5209294907113673,0.3559652295609787,-0.7438040739059719,-0.7438040739059719
2016-02-01,3.1759069130732374,0.8673468569171483,0.037514220509544,0.198825621844387,0.2413538757188138,0.5172090353764704,0.3662674941496159,-0.7322409039614444,-0.7322409039614444
2016-02-02,3.178644763860369,0.8689742888507099,0.024333924753887,0.185433507511776,0.2418522982633726,0.5130955197238002,0.3691455126866679,-0.7285255625938749,-0.7285255625938749
2016-02-03,3.181382614647501,0.8665321911535235,-0.15980598636215998,0.044394001906482,0.2293263585014616,0.498632462192519,0.3863907460912474,-0.7405908459391233,-0.7405908459391233
2016-02-04,3.184120465434634,0.9467212192460623,-0.29476863784684704,-0.045403201401207,0.2870715235729621,0.5300442472226986,0.3350448388156431,-0.688959049124489,-0.688959049124489
2016-02-05,3.186858316221766,0.9469523929109916,-0.21677772930665098,-0.076702803166612,0.3277189312700173,0.5328671759189337,0.3140445542120742,-0.6968927549525876,-0.6968927549525876
2016-02-06,3.189596167008898,0.8318127688483957,-0.12115683431242001,-0.025699013480374,0.2920568857900782,0.5129250446364909,0.3448213607537012,-0.7231945180908372,-0.7231945180908372
2016-02-07,3.19233401779603,0.8324906454034439,-0.153237479419642,0.008251865247336999,0.2657199142453658,0.502974823602343,0.3649556891474838,-0.7229537071073979,-0.7229537071073979
2016-02-08,3.1950718685831623,0.8315741093272839,-0.19991893671605399,-0.039195179513089,0.2327054451334274,0.4886879859653091,0.3923269242066789,-0.7314115158988059,-0.7314115158988059
2016-02-09,3.1978097193702943,0.8346734914534527,-0.250659752156945,-0.09076815689718601,0.2187362033765241,0.4864218004657643,0.401240054031166,-0.7245351616112359,-0.7245351616112359
2016-02-10,3.2005475701574264,0.8444478281134532,-0.287653587635141,-0.107294017564529,0.2345658042617044,0.4949554117058218,0.3865783982529328,-0.7097505963432411,-0.7097505963432411
2016-02-11,3.2032854209445585,0.8296100682116474,-0.344549218960303,-0.164677443722615,0.2548980251883719,0.4864459619048052,0.3826501279572157,-0.7150279693029473,-0.7150279693029473
2016-02-12,3.2060232717316905,0.8362830826592161,-0.29819033045002796,-0.201122373934281,0.3086454143998206,0.4891829455279522,0.3531557130120268,-0.7030269730115624,-0.7030269730115624
2016-02-13,3.2087611225188226,0.8501542881276457,-0.313855393671844,-0.200122425527325,0.3963979844818873,0.5034822865546994,0.2996990925760281,-0.6835639189473293,-0.6835639189473293
2016-02-14,3.2114989733059547,0.05908211042431315,-0.30113134146205,-0.320693847088966,0.5472984883614155,0.5463675593762902,0.2053600915986538,-0.6453004904746606,-0.6453004904746606
2016-02-15,3.2142368240930868,-0.055145590384938305,-0.30113134146205,-0.320693847088966,0.603739848445091,0.5466931719078547,0.1796274324006685,-0.6629166547189769,-0.6629166547189769
2016-02-16,3.216974674880219,-0.05362260576073907,-0.21119607490159498,-0.230939978918373,0.6867072415300711,0.5551893541927524,0.1393559542217431,-0.6450412960985288,-0.6450412960985288
2016-02-17,3.2197125256673518,-0.04390283104692843,-0.235068781930097,-0.221257058712035,0.7432903183450682,0.5739608792456644,0.1093683670613925,-0.6238555967285642,-0.6238555967285642
2016-02-18,3.2224503764544834,-0.05590128428209275,-0.206081519300038,-0.235673677682402,0.7925074785448597,0.5988967016418784,0.0832259347403001,-0.6097223587959215,-0.6097223587959215
2016-02-19,3.2251882272416155,-0.45825972761924033,-0.251286502754405,-0.24341012121112798,0.8219815890641684,0.6072837602770671,0.0699107209441716,-0.6137747167799246,-0.6137747167799246
2016-02-20,3.2279260780287475,-0.4236861515733479,-0.248334256521416,-0.207805678666921,0.850235108852184,0.65356861536551,0.0518832586099715,-0.575968108096566,-0.575968108096566
2016-02-21,3.23066392881588,-0.6920235886447725,-0.29828273875725503,-0.241438472696762,0.8588084874899448,0.6809101605954494,0.0450527770521191,-0.572624744363913,-0.572624744363913
2016-02-22,3.233401779603012,-0.6936561652539106,-0.219946012666313,-0.162642756348702,0.8619254954803753,0.6918825591519522,0.0425431629789489,-0.5754002298130789,-0.5754002298130789
2016-02-23,3.236139630390144,-0.6682173140117178,-0.209902213949616,-0.15254010904353998,0.8111014210206892,0.6536507382448253,0.0654248833760858,-0.6153169775195897,-0.6153169775195897
2016-02-24,3.238877481177276,-0.7151000909047309,-0.19122398492426598,-0.199115376943023,0.7843666735132843,0.6955153221168502,0.0656570439561797,-0.6056416398225428,-0.6056416398225428
2016-02-25,3.241615331964408,-0.7145031993893978,-0.20833330133942798,-0.23486865426068498,0.7606174075447787,0.7152252297981377,0.0681701227567617,-0.6069076652790368,-0.6069076652790368
2016-02-26,3.24435318275154,-0.7032301830443907,-0.07583417476528,-0.150526841648913,0.7679445758623277,0.7477087699845668,0.0585455483874464,-0.5894871441084035,-0.5894871441084035
2016-02-27,3.247091033538672,-0.8009729495133088,-0.036544574413237996,-0.084856688152131,0.7743037580334494,0.7650421264034161,0.0530291090912008,-0.5889799708810184,-0.5889799708810184
2016-02-28,3.249828884325804,-0.8032200656812036,-0.14657153654519,-0.142613053459628,0.7823499637959129,0.7766384603791958,0.0486146471850686,-0.5870510046498394,-0.5870510046498394
2016-02-29,3.252566735112936,-0.8054216897098713,-0.14054829006129,-0.13658738721702002,0.8023337395005791,0.7949079058301584,0.0405397873125476,-0.5777932358034317,-0.5777932358034317
2016-03-01,3.2553045859000687,-0.8545529154705481,-0.126493537647818,-0.12252698849476201,0.8070420719784717,0.7963867289518095,0.0392887948991446,-0.584043150196317,-0.584043150196317
2016-03-02,3.2580424366872007,-0.7999903322145243,-0.07979807227548799,-0.159319029926335,0.7713388374267042,0.7544138459536398,0.0561560154961452,-0.6102501258050115,-0.6102501258050115
2016-03-03,3.260780287474333,-0.7945231720742865,-0.13148609443148498,-0.19692546051556298,0.7320960281537614,0.7259760929957274,0.0734120930672689,-0.6160503401802169,-0.6160503401802169
2016-03-04,3.263518138261465,-0.7586920615975417,0.005138803771487,-0.246493651166661,0.6527626001575585,0.677617756817578,0.1119431718780378,-0.6419889781076673,-0.6419889781076673
2016-03-05,3.266255989048597,-0.8586296251470474,0.09018296943908301,-0.246493651166661,0.5242183322663163,0.6203923355869935,0.1806103676589087,-0.6676861299285459,-0.6676861299285459
2016-03-06,3.268993839835729,-0.8474657388046721,0.031948630577525,-0.267946450222318,0.4564471568904106,0.614525421378514,0.2095258031561796,-0.6502094210266813,-0.6502094210266813
2016-03-07,3.271731690622861,-0.8874534113400503,0.004122530766832,-0.294940716581866,0.4362329805485786,0.6326710097220999,0.2070879700070718,-0.6343392280560041,-0.6343392280560041
2016-03-08,3.274469541409993,-0.8869701546388434,0.018550995304575,-0.280943576575148,0.4194567994717518,0.6406314370433394,0.208628975708097,-0.6354007211485904,-0.6354007211485904
2016-03-09,3.277207392197125,-0.8957065852289047,0.062130938802649,-0.299490871003136,0.4109849407977803,0.6474417329473278,0.2076621285402617,-0.6334806759359646,-0.6334806759359646
2016-03-10,3.2799452429842573,-0.8961978527294224,0.0,-0.37374781992733397,0.4151429202356567,0.6580847058462177,0.1999715804655475,-0.6282563060142818,-0.6282563060142818
2016-03-11,3.2826830937713893,-0.9009905790241843,0.029199998026814,-0.382038181461781,0.4393635489723799,0.673419500510439,0.1830929322086549,-0.6176465627619212,-0.6176465627619212
2016-03-12,3.2854209445585214,-0.8588354656967111,0.063834305769789,-0.148535600987522,0.4109366038435647,0.648047408679852,0.2073223887291043,-0.6420062406954994,-0.6420062406954994
2016-03-13,3.288158795345653,-0.8637140721357294,0.019795249569347,-0.22165738068103702,0.4136857123091705,0.6433734461486434,0.2090952438929933,-0.636306396209295,-0.636306396209295
2016-03-14,3.290896646132785,-0.881723542480032,0.06668049252597,-0.175901957740677,0.4282443133146145,0.6488252753119795,0.2007861458605503,-0.630817423464574,-0.630817423464574
2016-03-15,3.293634496919918,-0.9716045791232999,0.067721803891498,-0.174885739439611,0.4412276305163222,0.6528378391125027,0.1939846232341806,-0.6301031947108191,-0.6301031947108191
2016-03-16,3.29637234770705,-0.9951679597203446,-0.009377366548992,-0.280762636290552,0.4519183108972342,0.6415302491270048,0.1964707065507188,-0.6298954782422026,-0.6298954782422026
2016-03-17,3.299110198494182,-1.0112461577388179,-0.217817750647891,-0.376764399155163,0.4789476174218338,0.6208113415775561,0.1975771539176328,-0.6215221092127381,-0.6215221092127381
2016-03-18,3.3018480492813143,-0.9919392851276686,-0.18596993849899401,-0.242424308920656,0.440906267470507,0.5615090307884516,0.2451575526569595,-0.6483797783565297,-0.6483797783565297
2016-03-19,3.3045859000684463,-1.0074133961413951,-0.20216597691272198,-0.301205279160738,0.4170938068872971,0.5356024886860521,0.2707001854110267,-0.6463781772212194,-0.6463781772212194
2016-03-20,3.3073237508555784,-1.0026284065910642,-0.166666732482702,-0.264425729130299,0.416671085641018,0.5364868136543386,0.2703806437820871,-0.6385459011445667,-0.6385459011445667
2016-03-21,3.3100616016427105,-1.1172050117994377,-0.135610515454065,-0.23367826036980202,0.4181195091878517,0.5350566694924055,0.2705414533555939,-0.6398276305265949,-0.6398276305265949
2016-03-22,3.3127994524298425,-1.1059072181274863,-0.09834337093666601,-0.196781610633454,0.4571715536346509,0.5543268128210838,0.2419240837830245,-0.6285492539815438,-0.6285492539815438
2016-03-23,3.3155373032169746,-1.105795148486542,-0.136577761262308,-0.15881100887253302,0.5343873375869095,0.5535778868200835,0.2078597886777789,-0.6288877786336471,-0.6288877786336471
2016-03-24,3.3182751540041067,-1.2282635442017247,-0.137464497449655,-0.211769680839329,0.5802771047772566,0.5459918153320996,0.1905576297236331,-0.6330481147935156,-0.6330481147935156
2016-03-25,3.3210130047912387,-1.2374543844842234,-0.135440150546288,-0.176765434595231,0.628761114652523,0.5456272601499845,0.1686808294741988,-0.6313856270693572,-0.6313856270693572
2016-03-26,3.323750855578371,-1.2369524784206618,-0.118203465418548,-0.315301436412064,0.6684499050659827,0.5488078520222391,0.1495927994955098,-0.6297657438123325,-0.6297657438123325
2016-03-27,3.326488706365503,-1.2260284454373587,-0.20478880336038502,-0.259371594503312,0.7289192680152419,0.5890183639271188,0.1114092027389301,-0.6091509547982721,-0.6091509547982721
2016-03-28,3.3292265571526354,-1.2236150054195654,-0.22516546613501198,-0.279634710453262,0.7463142437787935,0.5980278610825267,0.101974606041135,-0.6153594705912102,-0.6153594705912102
2016-03-29,3.3319644079397674,-1.198495276363876,-0.304635539203854,-0.358661944841719,0.6742435835994587,0.568750911548788,0.1404821576298669,-0.6339198984071261,-0.6339198984071261
2016-03-30,3.3347022587268995,-1.2086652080314475,-0.343142529070121,-0.36766227709146,0.6014352771816707,0.5466687173408558,0.1806818570179195,-0.6382057450989418,-0.6382057450989418
2016-03-31,3.337440109514032,-1.2069195131820105,-0.38230830651409,-0.371539251348558,0.5679344542042122,0.5440040595720127,0.1970201348816818,-0.6338107003352311,-0.6338107003352311
2016-04-01,3.340177960301164,-1.260796936446731,-0.365542854226357,-0.37827880108179895,0.5563898977598076,0.548061862831818,0.2004843232354193,-0.6310730813125076,-0.6310730813125076
2016-04-02,3.342915811088296,-1.2585690422168188,-0.30234672106888,-0.342927178529615,0.579869542143111,0.5720375143690607,0.1798000750336988,-0.6243552350745158,-0.6243552350745158
2016-04-03,3.345653661875428,-1.3232087632326786,-0.279432267684377,-0.342927178529615,0.5978213523763539,0.5841654264396687,0.1672397864296496,-0.6245080195323673,-0.6245080195323673
2016-04-04,3.34839151266256,-1.3977971372226383,-0.29073292666218603,-0.35415402141416097,0.6172429379600505,0.592669172941162,0.1559087506433436,-0.6234541632598214,-0.6234541632598214
2016-04-05,3.351129363449692,-1.4245309924115392,-0.278405505077852,-0.34190712275359103,0.6603395565082602,0.6086047401463575,0.132941487542453,-0.6175786665908403,-0.6175786665908403
2016-04-06,3.353867214236824,-1.4501633795667714,-0.271968620371717,-0.35641318719676696,0.6858548238746641,0.613784861491514,0.1213276227090193,-0.6192718221393552,-0.6192718221393552
2016-04-07,3.356605065023956,-1.4498290384515704,-0.280834868146307,-0.369010721049344,0.6976214690197008,0.6133568620615536,0.1169125840634406,-0.6210826447471343,-0.6210826447471343
2016-04-08,3.359342915811088,-1.445518563675712,-0.30153343216921197,-0.410094527013625,0.6752886721510885,0.6023176106324465,0.1291319767136661,-0.6269834604573488,-0.6269834604573488
2016-04-09,3.36208076659822,-1.447874783677188,-0.190486295083572,-0.44509779092549895,0.6290502096091695,0.5997008153009702,0.1484908986577254,-0.6294277942057755,-0.6294277942057755
2016-04-10,3.3648186173853527,-1.4586753619406785,-0.20068632025814398,-0.44509779092549895,0.6235984798862815,0.6083580945381807,0.147414608556062,-0.6245290602392988,-0.6245290602392988
2016-04-11,3.3675564681724848,-1.5352948861533442,-0.230841350002228,-0.47450070318374304,0.6208643505718474,0.6169406058524215,0.1452314721696968,-0.6225769271205062,-0.6225769271205062
2016-04-12,3.370294318959617,-1.534614892237043,-0.22980130254242898,-0.47348659626810097,0.6603296357991048,0.6337619531950692,0.1244002107424553,-0.6164295775758637,-0.6164295775758637
2016-04-13,3.373032169746749,-1.535636628276439,-0.194577192027561,-0.417720720955001,0.6675987716372256,0.6354331628762628,0.1211824644802617,-0.620089869379048,-0.620089869379048
2016-04-14,3.375770020533881,-1.5355857333295115,-0.17903298941446,-0.45271629083712006,0.6814550821801265,0.638805354488412,0.1150567186714671,-0.6190293599735668,-0.6190293599735668
2016-04-15,3.378507871321013,-1.5165752662417449,-0.124100787254223,-0.45170430965402797,0.758007955543136,0.6656303148946857,0.0809148037030328,-0.6065712637108236,-0.6065712637108236
2016-04-16,3.381245722108145,-1.5243316094760442,-0.00633233290793,-0.35837957938438303,0.7930078140254778,0.6830188104600147,0.0656126293356859,-0.60483887719215,-0.60483887719215
2016-04-17,3.383983572895277,-1.6267885968457103,-0.030529626492172002,-0.389689865192609,0.779849335678565,0.6770259425552809,0.0711029533050442,-0.6124810226024939,-0.6124810226024939
2016-04-18,3.386721423682409,-1.6265835389739103,-0.052637120880566,-0.411000914768577,0.7847851956287247,0.6795470827688013,0.0689662118921169,-0.609946856768075,-0.609946856768075
2016-04-19,3.3894592744695413,-1.6002601373151863,-0.106326405890061,-0.462755989063037,0.8331584149316901,0.7128295005481365,0.0479119813134071,-0.594222340896791,-0.594222340896791
2016-04-20,3.3921971252566734,-1.5818198841330038,-0.08395456438992,-0.429454608426923,0.8598943696868644,0.7566879168107296,0.0340893927780348,-0.5811296673131796,-0.5811296673131796
2016-04-21,3.394934976043805,-1.558178133775304,-0.10977553946757901,-0.441548215891897,0.8868338456622314,0.8158138525939441,0.0208436379842327,-0.5634472636067738,-0.5634472636067738
2016-04-22,3.397672826830937,-1.543514641286741,-0.096824599232402,-0.38512054451034,0.8797846405368408,0.8283059601988353,0.0206402607123789,-0.5720259498179621,-0.5720259498179621
2016-04-23,3.40041067761807,-1.5406991092642623,-0.106094929222166,-0.40064524553731395,0.9078845585254308,0.8555898490780788,0.0133024048055819,-0.5622424029306936,-0.5622424029306936
2016-04-24,3.403148528405202,-1.5094528724282217,-0.106094929222166,-0.38803520345758796,0.921797170730123,0.907525538091592,0.0072317645564469,-0.5444394094980272,-0.5444394094980272
2016-04-25,3.405886379192334,-1.5085207375611809,-0.135219789890885,-0.41633011163077904,0.9154322894396888,0.93051423924754,0.005876251703377,-0.5386142729067398,-0.5386142729067398
2016-04-26,3.4086242299794662,-1.5443410721486877,-0.16330348500015301,-0.44361352367244,0.9274585331743694,0.9569599477050936,0.0031221885257243,-0.5289978729102964,-0.5289978729102964
2016-04-27,3.4113620807665983,-1.280808985285601,-0.161559621879772,-0.47719967976864397,0.8324841190083359,0.8755265029641166,0.0208512875160793,-0.5763291407409632,-0.5763291407409632
2016-04-28,3.4140999315537304,-1.3150189644396681,-0.147120793610934,-0.528335775371626,0.7822638824763054,0.8539337812900868,0.0318038913632633,-0.5669993157815796,-0.5669993157815796
2016-04-29,3.4168377823408624,-1.308555696011866,-0.185575134415394,-0.606518793919645,0.7741711088727337,0.8700544703295047,0.0293454548724332,-0.5539133158114096,-0.5539133158114096
2016-04-30,3.4195756331279945,-1.2788098453266576,-0.15963575063921198,-0.6036741242600909,0.7297876072224472,0.8481328066995666,0.0410363976861212,-0.5692612221884206,-0.5692612221884206
2016-05-01,3.4223134839151266,-1.276120864565931,-0.16275638034506298,-0.651802539285023,0.7125351204795152,0.8529038436750134,0.0422849788558886,-0.5617157464178177,-0.5617157464178177
2016-05-02,3.425051334702258,-1.247520062312573,-0.21031551843153698,-0.696997334807365,0.6553291294622619,0.8234188171028022,0.0608623900297607,-0.5781090081575613,-0.5781090081575613
2016-05-03,3.4277891854893907,-1.237898383251225,-0.177552341620123,-0.665862938007282,0.6434868671892877,0.8335985933302688,0.0593242867959352,-0.5658624716658593,-0.5658624716658593
2016-05-04,3.430527036276523,-1.2289511370780353,-0.140726039677534,-0.621980703221929,0.6144723901367839,0.8228460700771482,0.0682977311810327,-0.5741747395083667,-0.5741747395083667
2016-05-05,3.433264887063655,-1.2304560007513408,-0.089823364555828,-0.561594383733664,0.5960753309349645,0.82301610338466,0.0714881618701916,-0.5717024876829697,-0.5717024876829697
2016-05-06,3.436002737850787,-1.1847914453897979,-0.05718531333073999,-0.506572503431106,0.6471472072619292,0.8745247437563448,0.0442742945850987,-0.5464689373663605,-0.5464689373663605
2016-05-07,3.4387405886379194,-1.1842073431033833,-0.06244749643543,-0.468988188650427,0.6790827191467937,0.891273153189851,0.0348923240340561,-0.5491759499379096,-0.5491759499379096
2016-05-08,3.4414784394250515,-1.1896156745644724,-0.037139057943,-0.574239653212962,0.7017213895541569,0.8997058549174516,0.0299155982310763,-0.5495310611732807,-0.5495310611732807
2016-05-09,3.444216290212184,-1.191811965799442,-0.009549696512165,-0.548137641905128,0.7293655005992764,0.9133600212260108,0.0234477672835879,-0.5457096889229245,-0.5457096889229245
2016-05-10,3.446954140999316,-1.1459198718139618,0.005305926665035,-0.5340828894916559,0.6698599357582709,0.8734222421206564,0.0417883891178605,-0.5670898175611647,-0.5670898175611647
2016-05-11,3.449691991786448,-1.1456646875608814,-0.013836855523219999,-0.5232323540581589,0.630751982604276,0.8623937201495014,0.0508108460159977,-0.563379498433072,-0.563379498433072
2016-05-12,3.45242984257358,-1.1466305823045213,0.019157120788597,-0.478406313900615,0.6176911297128963,0.8668196344346625,0.0509160351037076,-0.5592437582394201,-0.5592437582394201
2016-05-13,3.455167693360712,-1.1492979731690796,-0.013721475232126999,-0.275465133102702,0.6151126555107255,0.8734418967994632,0.0487106122644541,-0.5576167413419046,-0.5576167413419046
2016-05-14,3.457905544147844,-1.1489327118072477,-0.030558578594781,-0.192806114524273,0.6131865961422194,0.8767577910972506,0.0476717383246241,-0.5579719952237374,-0.5579719952237374
2016-05-15,3.460643394934976,-1.157544390382383,-0.009503309481606,-0.24940721420081702,0.6268865752142143,0.887668238732875,0.0419124881585962,-0.5541831424322705,-0.5541831424322705
2016-05-16,3.463381245722108,-1.1503670994206687,-0.013727271130645001,-0.253529744967649,0.6099781129763493,0.8765158188221921,0.048161533360539,-0.5619991395520492,-0.5619991395520492
2016-05-17,3.46611909650924,-1.1567559125939266,-0.015838849136012,-0.255590617204896,0.5982455760310109,0.8690861615918587,0.0525952137392321,-0.5631794410087707,-0.5631794410087707
2016-05-18,3.468856947296372,-1.1568069385070805,0.062440891165622,-0.154292002534758,0.6225934243705286,0.8694488574427318,0.0492708596570535,-0.5616849159771915,-0.5616849159771915
2016-05-19,3.471594798083504,-1.0692543506700665,0.139391095105456,-0.081190671570169,0.4669450682778964,0.7920595966479758,0.1108436575110799,-0.597556296951554,-0.597556296951554
2016-05-20,3.4743326488706368,-1.0765454121392632,0.086781639682802,-0.060486164849979,0.4028848685096358,0.7697489622527184,0.1374863786802608,-0.5888495152116331,-0.5888495152116331
2016-05-21,3.477070499657769,-1.1016344365384758,0.07505275855441901,-0.026161574548669998,0.359940884559964,0.761150288335005,0.1528779351714043,-0.5879763171164996,-0.5879763171164996
2016-05-22,3.479808350444901,-1.1009938616304968,0.019974222721366,-0.069806811305078,0.2892246736776431,0.7373766023028689,0.1866662311980644,-0.5969965151913383,-0.5969965151913383
2016-05-23,3.482546201232033,-1.0996516454753356,0.011564403613885998,-0.078141276700197,0.2843303955933518,0.7495429767371846,0.1792444787593657,-0.5863430166069907,-0.5863430166069907
2016-05-24,3.485284052019165,-1.1256291864344357,0.04730834054337,-0.042717612811975995,0.2988526392299258,0.764763419167712,0.1649355078071349,-0.5825336934000491,-0.5825336934000491
2016-05-25,3.488021902806297,-1.1232983755135508,0.05377500589661201,-0.065639181160436,0.345791810810623,0.7886508469291763,0.138266346717172,-0.5747647384223811,-0.5747647384223811
2016-05-26,3.490759753593429,-1.1259589475169356,0.06344490600161701,-0.175493396246104,0.4187074787712009,0.8180474452405069,0.1057676593001668,-0.566710193814802,-0.566710193814802
2016-05-27,3.493497604380561,-1.161039183169315,0.11971578140955899,-0.13121234223040398,0.5352953297368497,0.886874945882889,0.0525697409719931,-0.5238014816272152,-0.5238014816272152
2016-05-28,3.4962354551676933,-0.45616002232809905,0.18771272042834497,-0.14749874679616698,0.6425390946614905,0.9327476265375486,0.0240400943040514,-0.4116118991662114,-0.4116118991662114
2016-05-29,3.4989733059548254,-0.4521925988655761,0.262139532016818,-0.11180143355219699,0.6724404591541727,0.8898059829490731,0.0360951016291588,-0.4194884062085222,-0.4194884062085222
2016-05-30,3.501711156741957,-0.4677019256606628,0.262139532016818,-0.11180143355219699,0.7112321342242061,0.8894081692586068,0.0319353669354299,-0.4057904121322861,-0.4057904121322861
2016-05-31,3.504449007529089,-0.46300238436744967,0.301890578353669,-0.07349887118920201,0.7350114747682054,0.8813568750268452,0.0314390667155277,-0.4111290333031077,-0.4111290333031077
2016-06-01,3.5071868583162216,-0.48471029517656666,0.30551677803815,-0.19716555998135402,0.7647142748168388,0.8926948271241693,0.0252473754159943,-0.4014763909151551,-0.4014763909151551
2016-06-02,3.509924709103354,-0.48589129216636123,0.28190176978306997,-0.196964067728795,0.7892475145088302,0.9004996398346086,0.0209699482121228,-0.4002289753070407,-0.4002289753070407
2016-06-03,3.512662559890486,-0.38373536019671817,0.09122112806795901,-0.351939291750131,0.8320192957943494,0.9359231976656562,0.0107636663793693,-0.3446516970576869,-0.3446516970576869
2016-06-04,3.515400410677618,-0.384836445962018,0.026658136410127,-0.33508090302733,0.8455270321769295,0.9238312027388302,0.0117660201684466,-0.339312974654967,-0.339312974654967
2016-06-05,3.5181382614647503,-0.39837574605657294,0.014911001231072,-0.41976593810808305,0.8593404906755596,0.9232739390589488,0.0107922500843653,-0.3362476491805726,-0.3362476491805726
2016-06-06,3.5208761122518824,-0.39813528001263676,0.001065303684684,-0.433010691179603,0.8869845137071506,0.9499207490419856,0.0056597309002016,-0.3189430242988633,-0.3189430242988633
2016-06-07,3.5236139630390144,-0.37662875700126924,-0.006390196930854,-0.44014260088271,0.892895887621535,0.9401481459010228,0.0064103797074763,-0.3351855307971787,-0.3351855307971787
2016-06-08,3.5263518138261465,-0.3771292494527199,-0.05948010397369399,-0.470420811490718,0.9055848570527965,0.9481247853524942,0.0048978058063611,-0.3273428260203603,-0.3273428260203603
2016-06-09,3.5290896646132786,-0.3966973680864352,-0.020150857944785,-0.43213015413704303,0.903629391621307,0.9342380852683334,0.0063375157308384,-0.3403204184545547,-0.3403204184545547
2016-06-10,3.5318275154004106,-0.39698089198153785,0.08313779384289499,-0.36757974177828,0.9066091583215606,0.9345312768219034,0.0061141791612151,-0.3362426654552282,-0.3362426654552282
2016-06-11,3.5345653661875427,-0.32522437067831417,0.048863298008821,-0.304396969354574,0.9293789510365066,0.9663527507254972,0.0023762040385015,-0.2877829119279838,-0.2877829119279838
2016-06-12,3.5373032169746748,0.0063425549078515225,-0.0010571965083970001,-0.28148736047393397,0.9347791641656386,0.962441119656332,0.0024496215690167,-0.185633483544783,-0.185633483544783
2016-06-13,3.540041067761807,0.03684844257526255,-0.025367071368908,-0.305115441036079,0.9403997338032936,0.9631628417446382,0.0021955044379497,-0.1410428701450099,-0.1410428701450099
2016-06-14,3.542778918548939,0.09320532466962424,0.033823030626765,-0.247585383540509,0.9271039235976152,0.9343020166555026,0.004789125213363,-0.1693524945326645,-0.1693524945326645
2016-06-15,3.5455167693360714,0.07732590585246395,0.0042297679662080005,-0.253425269620539,0.9252473859904872,0.9337082971810056,0.0049554780728616,-0.1576974830485458,-0.1576974830485458
2016-06-16,3.5482546201232035,0.2970393352280993,0.002114927807614,-0.271576938022019,0.938146986580104,0.9570908411399958,0.0026540607788042,-0.0607394133271661,-0.0607394133271661
2016-06-17,3.5509924709103355,0.3404981972760601,-0.0915021802511,-0.304620679247749,0.9317645364211254,0.9438672616365192,0.0038302434241837,-0.0851283654077414,-0.0851283654077414
2016-06-18,3.553730321697468,0.25243980058822035,-0.11333842173137199,-0.19360889104403398,0.9283549090940718,0.9435930684484762,0.0040412797387333,-0.0768447439245791,-0.0768447439245791
2016-06-19,3.5564681724846,0.25189972620605905,-0.115412706148152,-0.203805669313777,0.9324618307460204,0.9532930834657914,0.0031544996342188,-0.0683643492981724,-0.0683643492981724
2016-06-20,3.559206023271732,0.33319451135091305,-0.17836501854877101,-0.266195030397787,0.9097432434091448,0.923562223939944,0.0068990257481987,-0.105125755168923,-0.105125755168923
2016-06-21,3.561943874058864,0.710231179333944,-0.135347911926479,-0.223562604431158,0.8220080010322108,0.816792745378779,0.0326094254754318,-0.2068948791024043,-0.2068948791024043
2016-06-22,3.564681724845996,1.1007155063269811,-0.15856369662939102,-0.30014504693041,0.6808536319335101,0.6715535541782767,0.1048224902883501,-0.3196136893675287,-0.3196136893675287
2016-06-23,3.567419575633128,1.129264496237336,-0.21345620195055998,-0.320811193442461,0.6009220966333374,0.6352155057494655,0.1455774311461717,-0.274922335100868,-0.274922335100868
2016-06-24,3.57015742642026,1.192478930708366,0.010487517118131,-0.045886165836573,0.572546860549341,0.6708575048704705,0.1406929928697406,-0.2119283093831896,-0.2119283093831896
2016-06-25,3.572895277207392,1.1960471900965963,0.029420908341284,0.07281498485191601,0.5510652690794619,0.6877790034108969,0.1401668490914712,-0.2133181850740584,-0.2133181850740584
2016-06-26,3.575633127994524,1.2735768848042317,-0.0073282765163580005,0.048426054828676,0.4942947433598821,0.6440484528119796,0.1800065685221648,-0.2695727868004276,-0.2695727868004276
2016-06-27,3.578370978781656,1.0400833311388222,0.106784370635233,0.16317539600124698,0.4811777321977816,0.6570195513493069,0.1779458941807749,-0.2303177044546362,-0.2303177044546362
2016-06-28,3.5811088295687883,1.0446305214834104,0.076424139718245,0.132645769509072,0.461931275030885,0.6523796721258205,0.1870436265926054,-0.2440785557106775,-0.2440785557106775
2016-06-29,3.583846680355921,1.050572299482889,0.026172530233035,0.050372098113899,0.4394103175967085,0.6404982095806119,0.2015329945146194,-0.2561557362030413,-0.2561557362030413
2016-06-30,3.586584531143053,1.0940925507623644,0.026071540472549,0.051228212854441,0.4605532660083073,0.6795308424259444,0.1728760403983933,-0.2063436465839521,-0.2063436465839521
2016-07-01,3.589322381930185,1.0942129950252517,0.019903880497432996,-0.041645134114502005,0.4797753076256179,0.7030259427167147,0.1544932375933692,-0.2031028510935835,-0.2031028510935835
2016-07-02,3.592060232717317,1.1168424823901781,0.009418581999225,-0.050967117420461006,0.5253561321735702,0.7516240844847166,0.1178901052151046,-0.1646090298131524,-0.1646090298131524
2016-07-03,3.594798083504449,1.184935770882435,0.172285735149739,-0.050967117420461006,0.5083274938815948,0.715364244607273,0.1399475751848474,-0.2318287296479271,-0.2318287296479271
2016-07-04,3.597535934291581,1.208549737356816,0.172285735149739,-0.050967117420461006,0.5239820677400563,0.7308470507366559,0.1281216303700026,-0.1957374764232406,-0.1957374764232406
2016-07-05,3.600273785078713,1.2226823745498336,0.227586878382437,0.0031203223931079997,0.5209004906596634,0.7210614024453181,0.1336393452245297,-0.2161003671473036,-0.2161003671473036
2016-07-06,3.603011635865845,1.219220052664122,0.230031522642686,0.012507308123199,0.5262126289738763,0.7251828655978655,0.1302048876213202,-0.2072849688402707,-0.2072849688402707
2016-07-07,3.605749486652977,1.2927460005483502,0.266439299926837,0.12295062252200799,0.4883854835809175,0.6778033852524614,0.1648404652459273,-0.264102412610872,-0.264102412610872
2016-07-08,3.608487337440109,1.3209565345243788,0.28956157921869696,0.153944197621596,0.4895362513202226,0.6885794002815453,0.1589689267483868,-0.2254630626945921,-0.2254630626945921
2016-07-09,0.0,1.3323949188316082,0.23379432660052002,0.18078092610964402,0.4784580174264914,0.6715110470471786,0.1713207797765104,-0.2501229403123375,-0.2501229403123375
2016-07-10,0.0027378507871321,1.33331974369914,0.179704503705859,0.17755234162011702,0.4695781813752432,0.6608005952086755,0.1799187651658493,-0.2536089266565815,-0.2536089266565815
2016-07-11,0.0054757015742642,1.2856445481619576,0.208245375526305,0.206087179416469,0.4780950735289858,0.6521059919273988,0.1815675967028373,-0.2572480601999611,-0.2572480601999611
2016-07-12,0.0082135523613963,1.053832857389675,0.194503593759411,0.19234830289517502,0.5397548911009545,0.6708671809343256,0.1514817701531311,-0.2325714935992504,-0.2325714935992504
2016-07-13,0.0109514031485284,1.0036431797548713,0.196036708729256,0.180933133617728,0.5688318156754726,0.6664541042112788,0.1438143782761209,-0.2488940920727378,-0.2488940920727378
2016-07-14,0.0136892539356605,0.9893055841361418,0.121142054375005,0.153228851286302,0.5507568370080612,0.6691860675347624,0.1486158973824849,-0.2444363169307504,-0.2444363169307504
2016-07-15,0.0164271047227926,0.9863231008710909,0.208223359897914,0.227682041610779,0.5510972468418625,0.6776342477039655,0.144710873729584,-0.2376577177896397,-0.2376577177896397
2016-07-16,0.0191649555099247,0.7176830052961366,0.212541201513873,0.22226909393594702,0.5446740716350392,0.6784547577631056,0.1464078859328501,-0.2424620523424998,-0.2424620523424998
2016-07-17,0.0219028062970568,0.7357832652100889,0.251565945187726,0.248302633736028,0.5900315697115157,0.7044358240484115,0.1211719812643821,-0.2156716958181839,-0.2156716958181839
2016-07-18,0.0246406570841889,0.7319246349422842,0.249442574775315,0.246179939241719,0.6069964043418866,0.708735425853572,0.1144680249273753,-0.2261469458470619,-0.2261469458470619
2016-07-19,0.027378507871321,0.7269858826485565,0.301454622108494,0.298175429932663,0.619070417100762,0.710554161947356,0.110258482361314,-0.2275839408698328,-0.2275839408698328
2016-07-20,0.0301163586584531,0.7011121407869784,0.383505641970229,0.34592869670772197,0.6088552694612271,0.7004731450943035,0.1171583509512147,-0.2393611868398162,-0.2393611868398162
2016-07-21,0.0328542094455852,0.4191239945633511,0.31695420796990104,0.32354203332785203,0.5993874433352349,0.6942581661360832,0.1224840177435976,-0.241418025259513,-0.241418025259513
2016-07-22,0.0355920602327173,0.01216805150359331,0.400128035761442,0.28815742225994,0.5536513807933284,0.6709468017452145,0.1468724406865626,-0.2642928673662386,-0.2642928673662386
2016-07-23,0.0383299110198494,-0.056343704300324135,0.421255478758584,0.270811343888481,0.5326017711242681,0.6661201008793275,0.1560548735062103,-0.2577412088134148,-0.2577412088134148
2016-07-24,0.0410677618069815,-0.21069974462548333,0.21162957957518502,0.292503100499026,0.5715673094109849,0.6716311480645142,0.1406839507403461,-0.2500643753937916,-0.2500643753937916
2016-07-25,0.0438056125941136,-0.20618560395092536,0.192771506140843,0.273495675897508,0.5761243525716587,0.6644440908884133,0.1422339782230794,-0.2619908293334037,-0.2619908293334037
2016-07-26,0.0465434633812457,-0.3350499673639554,0.179152097280257,0.259768404766864,0.5735632759617723,0.6576511869113739,0.1459901063318892,-0.2665198201976571,-0.2665198201976571
2016-07-27,0.0492813141683778,-0.4047313095417763,0.052828064159302,0.2709286957207,0.5807361834362572,0.657806838578024,0.1434692108597905,-0.2635800621412345,-0.2635800621412345
2016-07-28,0.0520191649555099,-0.4122342451464117,0.050908868963066005,0.2936789112843,0.5460164639356382,0.6588293818116759,0.1548858436463996,-0.2635287862315207,-0.2635287862315207
2016-07-29,0.054757015742642,-0.41821653257554015,-0.025059817498376,0.11006465647578499,0.5299684600053173,0.662047661357374,0.158848258176998,-0.2615412666194769,-0.2615412666194769
2016-07-30,0.0574948665297741,-0.5408216347752646,-0.063449200564197,0.098308701921405,0.4813125995870807,0.6596665920382933,0.1765266506493271,-0.2654924905210762,-0.2654924905210762
2016-07-31,0.0602327173169062,-0.44304711723427753,-0.012546026624951,0.043103029949140004,0.3623466912379936,0.6153893773844428,0.2452482360958254,-0.3138374544452924,-0.3138374544452924
2016-08-01,0.0629705681040383,-0.5002297918382155,0.006272614494158,0.062026526582684996,0.2730283085810411,0.5659384355864097,0.3155504696617071,-0.3445607807412072,-0.3445607807412072
2016-08-02,0.0657084188911704,-0.24954413711505807,-0.061683633860215,-0.006308366931836999,0.2314727726005936,0.4583538417725294,0.4162698202140981,-0.4471752140387552,-0.4471752140387552
2016-08-03,0.0684462696783025,-0.2611170571591793,-0.00940971937787,0.075917466101322,0.2315744577123268,0.4310801204189973,0.4371725669852696,-0.4139096427112498,-0.4139096427112498
2016-08-04,0.0711841204654346,-0.2397966775456608,-0.042632425966628,0.125832975070994,0.2514049781773869,0.4331278799353089,0.4243576470904584,-0.3937575449304473,-0.3937575449304473
2016-08-05,0.0739219712525667,-0.2492736640232496,0.013533717063979999,0.190698491725511,0.2609048465079251,0.4282140846723087,0.4226041988537264,-0.4000725341495776,-0.4000725341495776
2016-08-06,0.0766598220396988,-0.3336394774855517,-0.014533311220523001,0.259172381592422,0.289109832072125,0.443851230800731,0.3953606919289493,-0.3789000340108304,-0.3789000340108304
2016-08-07,0.0793976728268309,-0.4101019621969383,-0.011422700609099001,0.334121245076508,0.3189419570618773,0.4578932986181148,0.3692061291067881,-0.3713258678247229,-0.3713258678247229
2016-08-08,0.082135523613963,-0.4284456257938899,0.01038405721206,0.356682383918536,0.3443895952038573,0.4618082364750775,0.3528441199425243,-0.374829656070605,-0.374829656070605
2016-08-09,0.0848733744010951,-0.4282432277873914,-0.012461344006138,0.33304667094310597,0.3579903290322858,0.4541319555453295,0.3504525636121326,-0.3810739879441467,-0.3810739879441467
2016-08-10,0.0876112251882272,-0.42325426813883793,-0.09526749216657801,0.326028755479588,0.380820809159138,0.45477593721935,0.3375913940194901,-0.3745209882448774,-0.3745209882448774
2016-08-11,0.0903490759753593,-0.4627640563840635,-0.060141208665673004,0.314180986899179,0.3924297066563494,0.4507283372399218,0.3337211452684955,-0.3802976706989787,-0.3802976706989787
2016-08-12,0.0930869267624914,-0.46889385227311914,-0.05196424793771601,0.272590782057151,0.4009901030488554,0.4464179986994358,0.3316010975530593,-0.3836688100998877,-0.3836688100998877
2016-08-13,0.0958247775496235,-0.4729113479888604,-0.037468838831266,0.20686739887594502,0.4036710845987621,0.4413756665975185,0.3331238428546412,-0.3877374877672936,-0.3877374877672936
2016-08-14,0.0985626283367556,-0.4579119334254853,-0.089045412512616,0.194909132277238,0.377735750420953,0.4167138337677791,0.3629581285203321,-0.4145375008443679,-0.4145375008443679
2016-08-15,0.1013004791238877,-0.45797210220777845,-0.09836452263674,0.185323024292334,0.3540447359259386,0.3996471227474595,0.3878011013632873,-0.420855934650632,-0.420855934650632
2016-08-16,0.1040383299110198,-0.48466205020062725,-0.185338670696915,0.095857016905906,0.3563708736693631,0.4060534692264497,0.3822812866888929,-0.4037073474615145,-0.4037073474615145
2016-08-17,0.1067761806981519,-0.48524328436118025,-0.19055472083810898,0.060541655399499,0.3497951710532681,0.4030706951608461,0.3881263165462337,-0.4117013791041541,-0.4117013791041541
2016-08-18,0.109514031485284,-0.4839224586796329,-0.297784574834805,-0.01378696066982,0.3470345622289588,0.4025461968796632,0.3901166841024442,-0.4104367046023203,-0.4104367046023203
2016-08-19,0.1122518822724161,-0.48288576921541726,-0.276748446138749,0.073545346797132,0.3475490643639435,0.4042099723037697,0.3887237610130374,-0.4088137225585511,-0.4088137225585511
2016-08-20,0.1149897330595482,-0.4726733110914233,-0.256700810697888,0.039303457508066,0.3622403286447841,0.4139482004410231,0.3737602030838659,-0.3990086759799576,-0.3990086759799576
2016-08-21,0.1177275838466803,-0.4870734975093777,-0.303683086837175,-0.010569545869988999,0.403489026888467,0.4182462091609624,0.3470225198847175,-0.4003537679159148,-0.4003537679159148
2016-08-22,0.1204654346338124,-0.48503301417554223,-0.302657693720241,-0.009513155766253,0.4725844458237317,0.4283884484223679,0.3014768232488733,-0.3917247335826026,-0.3917247335826026
2016-08-23,0.1232032854209445,-0.49248960504444034,-0.300605342000697,-0.007398762749458,0.5335541880263355,0.4285593873941887,0.2665460805416459,-0.39810969573149,-0.39810969573149
2016-08-24,0.1259411362080766,-0.49462285266426775,-0.256963714305095,0.023263320441266,0.5154362161226561,0.4238988764573467,0.2791577403198172,-0.4043322636960322,-0.4043322636960322
2016-08-25,0.1286789869952087,-0.49463175978633955,-0.24598671561958999,0.023267433549227,0.4853755289073818,0.4180145788237178,0.2995039395564589,-0.4091685007780388,-0.4091685007780388
2016-08-26,0.1314168377823408,-0.49511773146674914,-0.152499053106085,0.051535323341726995,0.4756893489931071,0.4178469590667487,0.3052290398773554,-0.4065622541288451,-0.4065622541288451
2016-08-27,0.1341546885694729,-0.48899188057002735,-0.12094254649384001,0.029383857341451002,0.4024005019958877,0.4035177711857835,0.3564574805077498,-0.4240663268191271,-0.4240663268191271
2016-08-28,0.136892539356605,-0.48541023074099626,0.004187262225319,0.027279628883698,0.3744108141279343,0.4021737209637558,0.3739936551952103,-0.4177679817463309,-0.4177679817463309
2016-08-29,0.1396303901437371,-0.4844245820054898,0.005234277441301,0.02832906089363,0.3547453446137643,0.4017879653207458,0.385999100284861,-0.4180613305033951,-0.4180613305033951
2016-08-30,0.1423682409308692,-0.5745192226867226,0.054433610290551,0.077641959093441,0.3631020174268922,0.4065803874052602,0.3779477540809049,-0.4128073080550685,-0.4128073080550685
2016-08-31,0.1451060917180013,-0.6136241057883908,0.032389255204166,0.082956343409106,0.3614757895877739,0.4059950952183172,0.3792865128067135,-0.4169646605354487,-0.4169646605354487
2016-09-01,0.1478439425051334,-1.3127096060135917,0.062066482478232994,0.008371019285355,0.3560617924037785,0.4010503686715668,0.3856865520380489,-0.4231071484906641,-0.4231071484906641
2016-09-02,0.1505817932922655,-1.4241752118698983,0.03348678348678,0.055584560857724,0.3829071140166582,0.4033255090074717,0.3682035836392207,-0.4181028421576016,-0.4181028421576016
2016-09-03,0.1533196440793976,-1.3159595999439475,0.012530818140203001,0.074603246625291,0.5282998573309571,0.4377498119609301,0.2652134939137255,-0.3801727664292276,-0.3801727664292276
2016-09-04,0.1560574948665297,-1.2968578821679204,-0.032228420846243,0.037688507433346,0.6297475182253869,0.4702613865173219,0.196137036333804,-0.3636473734242988,-0.3636473734242988
2016-09-05,0.1587953456536618,-1.335464328956334,-0.032228420846243,0.037688507433346,0.6932390781127016,0.4835166755343249,0.1584369007525071,-0.3677483885608419,-0.3677483885608419
2016-09-06,0.1615331964407939,-1.3380035052662484,-0.142426729577904,-0.07328276516360101,0.7618229719819125,0.4957901453066312,0.1200912046882983,-0.3621766067268908,-0.3621766067268908
2016-09-07,0.164271047227926,-1.3364204279418979,-0.14937784425446,-0.058626212130881004,0.8213619117536818,0.5079574444536494,0.0878975414586329,-0.3562301171403321,-0.3562301171403321
2016-09-08,0.1670088980150581,-1.3120791569694903,-0.11956763591495,-0.08968616287679299,0.8558200706226791,0.5313222723785923,0.0675739216691778,-0.338054625594359,-0.338054625594359
2016-09-09,0.1697467488021903,-1.309530272346344,-0.032410369371965,-0.012570998086417,0.8673015547014465,0.536970003416274,0.0614433606732549,-0.3443710837945692,-0.3443710837945692
2016-09-10,0.1724845995893223,-1.3140332276561475,-0.054246220441269,-0.023022313344895,0.878606170674255,0.5407490757118283,0.0557502283207289,-0.3441161803375721,-0.3441161803375721
2016-09-11,0.1752224503764544,-1.2384414273238298,-0.039699632048302,0.139316981346402,0.8171630610564355,0.5178868252558226,0.0881480970945891,-0.372137978523698,-0.372137978523698
2016-09-12,0.1779603011635865,-1.240109409336204,-0.064772538516008,0.113793439191216,0.7774108407969913,0.5048767621490997,0.1102090652151032,-0.3703568870532985,-0.3703568870532985
2016-09-13,0.1806981519507187,-1.3125555920866676,-0.009402838083719,0.170158299999187,0.7517422156989483,0.4982432343487668,0.1245650228986372,-0.3694463360799496,-0.3694463360799496
2016-09-14,0.1834360027378508,-1.3188349738433147,-0.031370430929564,0.15228969988692198,0.738484439326639,0.4956999066796956,0.1318823216522876,-0.3678125054896259,-0.3678125054896259
2016-09-15,0.1861738535249829,-1.3373742571411207,0.052748179678316,0.155600453584288,0.7138829011495446,0.4845968166418925,0.147465663560711,-0.3743254472088209,-0.3743254472088209
2016-09-16,0.188911704312115,-1.3453693518452734,0.146748244482139,0.269260003319466,0.6946757543313103,0.4622099417170892,0.1642003438733503,-0.3753399548587941,-0.3753399548587941
2016-09-17,0.191649555099247,-1.344139431375126,0.207093975403791,0.213602780958943,0.6743803928725427,0.4075555349971176,0.1929115339390752,-0.3776798442783899,-0.3776798442783899
2016-09-18,0.1943874058863792,-1.3420657032941907,0.169294089298059,0.15961967870893298,0.6741401332622584,0.3771208065715136,0.2029713309643185,-0.3720016610207803,-0.3720016610207803
2016-09-19,0.1971252566735113,-1.3490639858149824,0.140725232419636,0.131078000398567,0.6711713377003667,0.360646226501829,0.2102378460756262,-0.3737794409348334,-0.3737794409348334
2016-09-20,0.1998631074606434,-1.3486184012584894,0.15977086791928602,0.15010551710883602,0.6650013474429667,0.3441327301201981,0.2197146516659937,-0.3759934521661536,-0.3759934521661536
2016-09-21,0.2026009582477755,-1.3171344556487166,0.120610141719317,0.136696076929387,0.6122631903574114,0.3054809199015673,0.2692906123532717,-0.395184481459645,-0.395184481459645
2016-09-22,0.2053388090349076,-1.3206865037268267,0.096255132631948,0.05477685045768,0.5690418561287737,0.2844299135107553,0.3083807562831778,-0.3972753678379543,-0.3972753678379543
2016-09-23,0.2080766598220397,-1.3152648681786256,0.072792745515548,0.091956742518701,0.558195370830893,0.2871698613731013,0.3149316550566201,-0.3870465955683881,-0.3870465955683881
2016-09-24,0.2108145106091718,-1.3179703213178093,0.07491893415817,0.096225406053287,0.4704068885101644,0.2880999920097378,0.3770173403012017,-0.388089648897485,-0.388089648897485
2016-09-25,0.2135523613963039,-1.3165441033404435,-0.009416797967772,0.134805677189551,0.3909498496397057,0.2849182553290518,0.4355206441117425,-0.3917541487307128,-0.3917541487307128
2016-09-26,0.216290212183436,-1.340336864442817,-0.027205413525236997,0.11676026799817701,0.3859786863155079,0.2979571564737048,0.431069269044812,-0.3805117854973936,-0.3805117854973936
2016-09-27,0.2190280629705681,-1.3401966050688805,-0.013602307610451,0.130559746193257,0.368044277561929,0.3006716841664597,0.4419445310539844,-0.3842929177093861,-0.3842929177093861
2016-09-28,0.2217659137577002,-1.3386645618703763,-0.015693819104966002,0.194423638816103,0.3437101680898498,0.299113980918807,0.4599843676509704,-0.3873503690555431,-0.3873503690555431
2016-09-29,0.2245037645448323,-1.340477160221879,-0.053097565853863,0.16166819046286598,0.332762855041733,0.3002912256343956,0.4668716849099541,-0.3864396590524093,-0.3864396590524093
2016-09-30,0.2272416153319644,-1.340876700585596,-0.058320930865621005,0.18565918065578801,0.355143874996996,0.3090734295216913,0.4455482309002571,-0.380484195892028,-0.380484195892028
2016-10-01,0.2299794661190965,-1.3444787798613782,-0.019864342747014,0.20635093877527,0.4040801917044023,0.3220756857428183,0.4039885273910641,-0.3742496802435644,-0.3742496802435644
2016-10-02,0.2327173169062286,-1.3404268791907497,-0.043804566226176005,0.001047892776349,0.4972150302649578,0.3223111193043209,0.3407317833703516,-0.3799922629707044,-0.3799922629707044
2016-10-03,0.2354551676933607,-1.4968879095784684,-0.013558328863356,0.031430388826567,0.5830160783845837,0.3249444180441477,0.2814873238723283,-0.378660779385922,-0.378660779385922
2016-10-04,0.2381930184804928,-1.532439918127129,0.025031862749196,0.07019442847160601,0.6225735732933564,0.3223507306141111,0.2557627423046837,-0.3825062743921874,-0.3825062743921874
2016-10-05,0.2409308692676249,-1.5324399009532361,0.026074260237953,-0.042469821651249,0.6818932312589076,0.3257304542259244,0.2144897064667152,-0.3794278075410968,-0.3794278075410968
2016-10-06,0.243668720054757,-1.5374290436092726,0.19405230681366298,0.042597783076299,0.7329380369418351,0.3284541642931943,0.1793443491673954,-0.379290346307652,-0.379290346307652
2016-10-07,0.2464065708418891,-1.5375027771647936,0.164279441199872,0.078312626740004,0.7907658925384371,0.3381271398520578,0.1384863771460865,-0.3733312418814067,-0.3733312418814067
2016-10-08,0.2491444216290212,-1.5880612352082977,0.15679236903180402,0.039525406264864005,0.8353755851675095,0.3555889443674601,0.1060857929450943,-0.3708280865205351,-0.3708280865205351
2016-10-09,0.2518822724161533,-1.5902921487353339,0.123767605464739,0.09095610071183399,0.8443558756819064,0.361291850884388,0.0994111705639297,-0.3753422053072253,-0.3753422053072253
2016-10-10,0.2546201232032854,-1.5882519620019369,0.123767605464739,0.09095610071183399,0.8605113822297361,0.3949222831042692,0.0844014543733725,-0.3724206238380443,-0.3724206238380443
2016-10-11,0.2573579739904175,-1.5335720680769016,0.247535210929481,0.214322570795637,0.8899400911542205,0.5134649660471817,0.0535480014871254,-0.3381524968222624,-0.3381524968222624
2016-10-12,0.2600958247775496,-1.5220369348253746,0.301787885660484,0.242550931292617,0.8856582929685228,0.558683748833027,0.0504608534991638,-0.3465538404219392,-0.3465538404219392
2016-10-13,0.2628336755646817,-1.5219995072190249,0.197636666729161,0.14037626076996298,0.8856546713520757,0.583003617514495,0.0476815884003006,-0.3463803741979783,-0.3463803741979783
2016-10-14,0.2655715263518138,-1.5198664776887996,0.282177148887396,0.204039052080664,0.9041981324183372,0.6055070885289027,0.0377931576666586,-0.3415247660824159,-0.3415247660824159
2016-10-15,0.2683093771389459,-1.5246982777169373,0.286493409729227,0.17543805459234502,0.9077669477315408,0.6117713380088711,0.0358075144735417,-0.3449946239724104,-0.3449946239724104
2016-10-16,0.271047227926078,-1.5241507591489394,0.198730207115316,0.178607843904654,0.923380685227128,0.6234990856705164,0.0288472420672847,-0.341100687202287,-0.341100687202287
2016-10-17,0.2737850787132101,-1.521524912894808,0.185204325043482,0.165108648754255,0.9186556109143807,0.6223424801740002,0.030720320233836,-0.3456666422778323,-0.3456666422778323
2016-10-18,0.2765229295003422,-1.5228412141261731,0.18624502176254698,0.16614729215129498,0.9071386361108474,0.6182136891698946,0.0354531975378915,-0.3483503635104723,-0.3483503635104723
2016-10-19,0.2792607802874743,-1.5013229110220472,0.211812029033733,0.13461769243719998,0.850508297390296,0.594724915324045,0.0605852624335004,-0.3608075451820625,-0.3608075451820625
2016-10-20,0.2819986310746064,-1.5021930726676365,0.23953375673481497,0.194939569247751,0.810209240706326,0.5839508885645049,0.0789622767628009,-0.3609987671764205,-0.3609987671764205
2016-10-21,0.2847364818617385,-1.5562104271783819,0.317791466627024,0.257742225740635,0.782325491741133,0.5842396297140197,0.0905004341555252,-0.3586092292026483,-0.3586092292026483
2016-10-22,0.2874743326488706,-1.4035160724957352,0.340492415286541,0.272688912079173,0.8321102318908564,0.654836788162878,0.0579493715951416,-0.3214828374697589,-0.3214828374697589
2016-10-23,0.2902121834360027,-1.409069184954627,0.337242718694854,0.219506634602884,0.854440648190034,0.7401363352788866,0.0378255865957676,-0.3226256343752061,-0.3226256343752061
2016-10-24,0.2929500342231348,-1.4033607147098905,0.334100827383359,0.216400527880153,0.8551671826118237,0.7723729153250082,0.032967871987336,-0.3284666575102521,-0.3284666575102521
2016-10-25,0.2956878850102669,-1.4061654503122647,0.33933784560704605,0.221577899055325,0.8601932492642317,0.8039749444474725,0.0274056260795973,-0.3234305197078804,-0.3234305197078804
2016-10-26,0.298425735797399,-1.3333450869095682,0.348336982464316,0.214374456002661,0.8899294688861255,0.8883274962180164,0.012291851802099,-0.2932759968152867,-0.2932759968152867
2016-10-27,0.3011635865845311,-1.3268435445347855,0.361483325648515,0.189592609998101,0.9165320474728748,0.9432703046334744,0.0047351115197314,-0.2795182483159211,-0.2795182483159211
2016-10-28,0.3039014373716632,-1.3307330653173426,0.305983250509005,0.118312917899705,0.93472899741193,0.9691432636139388,0.002014050120514,-0.2784681694156523,-0.2784681694156523
2016-10-29,0.3066392881587953,-1.2443206809071246,0.294117388702794,0.139175100424855,0.9368368345935456,0.9689080244091988,0.0019638675970552,-0.2440625966092264,-0.2440625966092264
2016-10-30,0.3093771389459274,-1.19865663997855,0.302744544035777,0.09028390708905,0.9081528606147592,0.9354294164574458,0.0059306233868193,-0.2627997144655838,-0.2627997144655838
2016-10-31,0.3121149897330595,-1.1962557871300359,0.31321997616234,0.10054331745826499,0.883446304902288,0.9163310965697125,0.0097519198595736,-0.2649895790835552,-0.2649895790835552
2016-11-01,0.3148528405201916,-1.1049670958839217,0.23465303637677198,0.023596565574908,0.8972327911983506,0.9419334398916684,0.0059673383070464,-0.2256949833845327,-0.2256949833845327
2016-11-02,0.3175906913073237,-1.1002228381348342,0.172323919151844,0.011306466164706,0.922924593398763,0.9709667199458344,0.0022377518651424,-0.2117128185603878,-0.2117128185603878
2016-11-03,0.3203285420944558,-0.7119813570389627,0.10819817788283399,0.0,0.8210296514988126,0.8524082403370349,0.0264145486627843,-0.2855511547861358,-0.2855511547861358
2016-11-04,0.3230663928815879,-0.6969060262828434,0.097784507257212,0.002060447443341,0.7754656375398232,0.8270196906366352,0.0388400234810672,-0.2655806284599906,-0.2655806284599906
2016-11-05,0.3258042436687201,-0.6966527211293738,0.04241630635025,0.034112242954502,0.7416812234072283,0.8147522141102093,0.0478529814175704,-0.2662332729674999,-0.2662332729674999
2016-11-06,0.3285420944558521,-0.6943523436011043,0.056983326863523996,0.16120600180109,0.7335472737942129,0.8275141568870465,0.0459593231293501,-0.2557122577932595,-0.2557122577932595
2016-11-07,0.3312799452429842,-0.6799097839928743,0.130543118530142,0.23552810936365398,0.7096330579433854,0.8143301466296432,0.0539123875552505,-0.2684825688234964,-0.2684825688234964
2016-11-08,0.3340177960301163,-0.6822390346593755,0.138831746155205,0.243902633814294,0.705957417409275,0.8234000318403849,0.051927910723093,-0.2598991049630035,-0.2598991049630035
2016-11-09,0.3367556468172484,-0.6720632715434373,0.205139186261651,0.291505688247359,0.7316018391805608,0.8592375504063224,0.037780382583382,-0.2421233164424157,-0.2421233164424157
2016-11-10,0.3394934976043806,-0.7105801402750033,0.11156642797671401,0.392384120842677,0.7330095437277145,0.8591115213394196,0.0376158792010965,-0.2538165699213817,-0.2538165699213817
2016-11-11,0.3422313483915126,-0.7174717273577312,0.083699059365831,0.338007894459506,0.7347527067596161,0.8610934101451848,0.0368445969722419,-0.2535272932045567,-0.2535272932045567
2016-11-12,0.3449691991786447,-0.6966005537717628,0.130230139066687,0.31641590556632504,0.6918140179937591,0.8356036461453917,0.0506646517509279,-0.2704075379734085,-0.2704075379734085
2016-11-13,0.3477070499657768,-0.6938197391960276,0.07855583542456701,0.270298202321481,0.6514991571998473,0.8158101165368893,0.064190329622156,-0.2755938777554432,-0.2755938777554432
2016-11-14,0.3504449007529089,-0.695650606637721,0.21322220351585702,0.40752656923292696,0.6279754166173022,0.8128850077129806,0.0696113770502351,-0.2722396542234921,-0.2722396542234921
2016-11-15,0.3531827515400411,-0.6938135273911298,0.221383990273102,0.41584363223575,0.6240578454686808,0.8268068322262119,0.0651106126429821,-0.2638369288494671,-0.2638369288494671
2016-11-16,0.3559206023271731,-0.6103136576117808,0.25743224927707997,0.41597531875079596,0.7057652971881652,0.9055039887595044,0.027804005784251,-0.220073450753639,-0.220073450753639
2016-11-17,0.3586584531143053,-0.6082906800718114,0.30541346447059603,0.48970670300769203,0.7320010393225421,0.9200562561274214,0.0214248402705159,-0.225400580408599,-0.225400580408599
2016-11-18,0.3613963039014374,-0.6194915501726097,0.34126864658816597,0.581285673799958,0.78590215632519,0.950978199789416,0.0104954617181434,-0.2122016877039731,-0.2122016877039731
2016-11-19,0.3641341546885694,-0.6192074654400602,0.293938099940878,0.55810540789245,0.8246311738730563,0.9652158457169496,0.006100056304437,-0.2131737862917182,-0.2131737862917182
2016-11-20,0.3668720054757016,-0.5637222557267996,0.254306202009984,0.573547617400376,0.7877527166559148,0.9265593222653916,0.015587584336119,-0.2419048017799641,-0.2419048017799641
2016-11-21,0.3696098562628336,-0.6186726607293336,0.23809586384768902,0.5568326121063459,0.7864190537858797,0.9255100170451156,0.0159096410429779,-0.231695025770156,-0.231695025770156
2016-11-22,0.3723477070499658,-0.6122397176992914,0.23708247615369601,0.555787675196306,0.8241574242453054,0.9513664608658682,0.0085518467894124,-0.2164658580789673,-0.2164658580789673
2016-11-23,0.3750855578370979,-0.6075512694448779,0.30708410211063697,0.634738039230393,0.8308394526513234,0.9455195366671868,0.0092159449971881,-0.2264784743494639,-0.2264784743494639
2016-11-24,0.37782340862423,-0.6026255900467333,0.30186342085600704,0.7289794246201899,0.816715648319693,0.9314430709749386,0.0125654122895511,-0.2332468027784191,-0.2332468027784191
2016-11-25,0.3805612594113621,-0.6419165038290421,0.289972694919897,0.7147378120585011,0.8096217986457888,0.9279281708391368,0.0137209052039531,-0.232382480534329,-0.232382480534329
2016-11-26,0.3832991101984941,-0.6431116840810318,0.262918241497456,0.778461545940847,0.7815693082889222,0.9099348013730456,0.0196730036351812,-0.2418198951347676,-0.2418198951347676
2016-11-27,0.3860369609856263,-0.6407796244121705,0.319267863585646,0.73854571683088,0.748389237840302,0.8922668789069125,0.0271068127080747,-0.2473215289621881,-0.2473215289621881
2016-11-28,0.3887748117727584,-0.7017248064639365,0.30299983763779104,0.721616711530022,0.7372081376507128,0.8932206733257732,0.0280607381171229,-0.2431215746078479,-0.2431215746078479
2016-11-29,0.3915126625598905,-0.7217292208251236,0.262328609159416,0.679292987391033,0.728064265789464,0.893156151847467,0.029054660293238,-0.2443503645760341,-0.2443503645760341
2016-11-30,0.3942505133470226,-0.714517150297847,0.309802249497403,0.7384684304731839,0.7577947354405308,0.9192563558947524,0.019556535682007,-0.2317007280838146,-0.2317007280838146
2016-12-01,0.3969883641341546,-0.7898070129370395,0.341863262191763,0.687539659091798,0.8130577302273033,0.955780054957654,0.00826657689544,-0.217944251243499,-0.217944251243499
2016-12-02,0.3997262149212868,-0.7608278864082432,0.345995386487967,0.6308677782235871,0.8508764683728808,0.9702038131213369,0.0044433126163678,-0.1914041939914508,-0.1914041939914508
2016-12-03,0.4024640657084189,-1.1331705929330944,0.37155134261948,0.633111766648877,0.8611811825288285,0.9618487289296236,0.0052961143350117,-0.201198816729442,-0.201198816729442
2016-12-04,0.405201916495551,-1.1575303279891744,0.381167915924025,0.544103480678759,0.8731095031051451,0.963901191060345,0.0045805958036652,-0.1987157510490043,-0.1987157510490043
2016-12-05,0.4079397672826831,-1.1171369492363188,0.31626658127906704,0.478183499991338,0.8305383549431773,0.9292988887048338,0.0119811266274243,-0.2195074679534139,-0.2195074679534139
2016-12-06,0.4106776180698152,-1.1216764990200152,0.352322878304043,0.514805711484349,0.8138367658298042,0.9245113399303202,0.0140532131017461,-0.2132566825024877,-0.2132566825024877
2016-12-07,0.4134154688569473,-1.137905294245638,0.250562958501023,0.486503602929215,0.808429763281367,0.9313057285131694,0.0131597778499461,-0.2091673677013439,-0.2091673677013439
2016-12-08,0.4161533196440794,-1.1414196423158336,0.32801952426445297,0.522644089908184,0.8149423559883289,0.9409991298119872,0.010918562031632,-0.206702849692661,-0.206702849692661
2016-12-09,0.4188911704312115,-1.162827528740641,0.31167509592124,0.578004920411396,0.8276561002988885,0.950510442207734,0.0085292233844026,-0.2051505746124844,-0.2051505746124844
2016-12-10,0.4216290212183436,-1.177175943187574,0.281404874332775,0.6189229560381769,0.8445156310451999,0.959629790603798,0.0062769365325416,-0.2037723252353149,-0.2037723252353149
2016-12-11,0.4243668720054757,-1.1707637461930356,0.281404874332775,0.593450417647298,0.8274317492590612,0.9526243674514144,0.0081755300366548,-0.2111478180541208,-0.2111478180541208
2016-12-12,0.4271047227926078,-1.1913034097522475,0.219657672723458,0.529829159008825,0.8618016927240035,0.9720105173719064,0.0038680991207334,-0.1988129323133911,-0.1988129323133911
2016-12-13,0.4298425735797399,-1.1957005693877256,0.226743379189244,0.5371299200465209,0.8627658665202411,0.9680277508736592,0.0043876839042523,-0.1992398468287559,-0.1992398468287559
2016-12-14,0.432580424366872,-1.1953019397369005,0.188792266319595,0.6382981770855101,0.8674194270854901,0.9681402381632682,0.0042239854772337,-0.1990833092836554,-0.1990833092836554
2016-12-15,0.4353182751540041,-1.1936280504639352,0.293441934361775,0.8763971298607109,0.8564921414716324,0.9604791431661276,0.0056715535314352,-0.2044510766912681,-0.2044510766912681
2016-12-16,0.4380561259411362,-1.357162903218764,0.25296217443435,0.841406691322939,0.8772716376586861,0.9721582376555656,0.0034169738972284,-0.1967568678732041,-0.1967568678732041
2016-12-17,0.4407939767282683,-1.3581029416742438,0.20418253256577298,0.833420842963408,0.9011160343540934,0.9823084128228464,0.0017494142986472,-0.1902840789879043,-0.1902840789879043
2016-12-18,0.4435318275154004,-1.3733357454413717,0.171919561259683,0.798196025032482,0.9089423747375324,0.9817605456980136,0.0016608413948221,-0.1917025443133075,-0.1917025443133075
2016-12-19,0.4462696783025325,-1.373524849874123,0.19069265118409398,0.818124958187971,0.923302501348984,0.9863631332034984,0.0010459135727287,-0.1899869552099424,-0.1899869552099424
2016-12-20,0.4490075290896646,-1.4697125666996245,0.20551347197609,0.8338582843512431,0.940705765490502,0.9921816825687044,0.0004635811472409,-0.1808043280075244,-0.1808043280075244
2016-12-21,0.4517453798767967,-1.3239425682214399,0.194952353469952,0.832807391800383,0.9555293241178764,0.996090841284352,0.0001738429302153,-0.1410795459271066,-0.1410795459271066
2016-12-22,0.4544832306639288,-1.245151748372334,0.202889489686084,0.780089856606791,0.9439942612665272,0.9796141532617638,0.0011417244062822,-0.1066595060482491,-0.1066595060482491
2016-12-23,0.4572210814510609,-0.995152384827102,0.128810740147315,0.8056225907544221,0.9534787935782024,0.9853448950777878,0.0006817731612193,-0.0436608918110499,-0.0436608918110499
2016-12-24,0.459958932238193,-0.9355771056310759,0.128810740147315,0.810158583957487,0.9271990928640876,0.9527506311642188,0.0034397969128441,-0.0703819082824352,-0.0703819082824352
2016-12-25,0.4626967830253251,-0.9312153152715343,0.149768874219633,0.717927529087514,0.9036845633835706,0.9324468339727566,0.006506412680736,-0.0745916286686059,-0.0745916286686059
2016-12-26,0.4654346338124572,-0.9439814031470342,0.149768874219633,0.717927529087514,0.9014603409042686,0.939643745803881,0.0059474847127808,-0.0632127788166547,-0.0632127788166547
2016-12-27,0.4681724845995893,-0.9266342525041797,0.150753651739219,0.718967431987571,0.916597123991087,0.9598730892367034,0.0033466997630119,-0.0367532560112744,-0.0367532560112744
2016-12-28,0.4709103353867214,-0.8454698675974618,0.19046681834602602,0.774207646271198,0.9374478429933152,0.9799365446183516,0.0012550124111294,0.0065827263926445,0.0065827263926445
2016-12-29,0.4736481861738535,-0.8425725409351411,0.173387495760293,0.693605904493674,0.9461929180386276,0.9822782373979368,0.0009535563328292,0.0026758013445142,0.0026758013445142
2016-12-30,0.4763860369609856,-0.8158063983876496,0.08768466893088,0.703532873708721,0.9384294189713924,0.9674706128624494,0.0020028532665635,-0.0113886317894289,-0.0113886317894289
2016-12-31,0.4791238877481177,-0.8164118875127412,0.133610299078454,0.727082521036586,0.9355334075810928,0.9633318335727958,0.0023638717398112,-0.0101795373041628,-0.0101795373041628
2017-01-01,0.4818617385352498,-0.7952901744173133,0.160762409501726,0.7237113311447161,0.9465489956899265,0.9758286041710562,0.0012919853826333,0.0236150615718093,0.0236150615718093
2017-01-02,0.4845995893223819,-0.80144310757808,0.160762409501726,0.7237113311447161,0.9504440824419482,0.9768491895498406,0.0011472596540701,0.0453064439920911,0.0453064439920911
2017-01-03,0.487337440109514,-0.7955921499000367,0.242135806558463,0.809593156238375,0.9626085544914644,0.9881569241573664,0.0004428297250232,0.0651553885662243,0.0651553885662243
2017-01-04,0.4900752908966461,-0.43827215341763864,0.255641858817345,0.7753645555499331,0.9688839304509288,0.9899179046954562,0.0003137151786965,0.1643805812815619,0.1643805812815619
2017-01-05,0.4928131416837782,0.32171101254906803,0.10249764167506699,0.637048831321318,0.8688589975102267,0.8456932025095141,0.0202359481138887,0.0323304680108353,0.0323304680108353
2017-01-06,0.4955509924709103,0.764910761780473,0.19854313051181402,0.7115163883279461,0.7238541126562338,0.6802023799888972,0.0883107975483905,-0.0851222300550684,-0.0851222300550684
2017-01-07,0.4982888432580424,0.7648808666392025,0.113782678277558,0.699183613268119,0.6176653334157006,0.6028188731858449,0.1518561136940663,-0.0793253916821408,-0.0793253916821408
2017-01-08,0.5010266940451745,0.7648361173317523,0.063995424616707,0.7081502410500271,0.538651326062148,0.5663225601662732,0.2000765117840524,-0.0777095201955422,-0.0777095201955422
2017-01-09,0.5037645448323066,0.7702572282435705,0.035443596675515,0.677770928426033,0.4736395000689076,0.5410436835877213,0.2415764761532997,-0.0881746303475976,-0.0881746303475976
2017-01-10,0.5065023956194388,0.7666150770776389,0.043320118413733996,0.6861515938169791,0.4243356907810189,0.5324785770545186,0.2691353969849856,-0.0840593032064767,-0.0840593032064767
2017-01-11,0.5092402464065708,1.3627052301166713,0.081220255770617,0.629764885566253,0.3270019319538488,0.419075454858871,0.3909610965605689,-0.2394744087845408,-0.2394744087845408
2017-01-12,0.5119780971937029,1.3878651244473417,0.031673730445476,0.544111067217485,0.2734349105441825,0.3851156459548984,0.4467535057017618,-0.2062555089471276,-0.2062555089471276
2017-01-13,0.5147159479808351,1.3986111799384755,-0.08039212694355,0.5253306143809631,0.2442567092631823,0.3821733036145261,0.4669183806314148,-0.1837868093375743,-0.1837868093375743
2017-01-14,0.5174537987679672,1.3993895591922796,-0.189081450613298,0.46761809143591504,0.2191732774628147,0.3759911708770798,0.4872427688783162,-0.1916026685688328,-0.1916026685688328
2017-01-15,0.5201916495550992,1.3984180778482642,-0.171927799469122,0.482801888125026,0.2023051351274429,0.3754256392134457,0.4982197603304941,-0.1885100592016195,-0.1885100592016195
2017-01-16,0.5229295003422314,1.3999211604964117,-0.171927799469122,0.482801888125026,0.1952450225553778,0.3814333387076212,0.4977945995563436,-0.1777889950978259,-0.1777889950978259
2017-01-17,0.5256673511293635,1.5537350034479775,-0.254492005328055,0.394737393338062,0.2338255817136726,0.449505191717831,0.4217750395052341,-0.0911101993804264,-0.0911101993804264
2017-01-18,0.5284052019164955,1.5700415017106744,-0.214271775989021,0.456900519631977,0.2505178051205976,0.4653796745954368,0.4006884149113523,-0.116048036316946,-0.116048036316946
2017-01-19,0.5311430527036276,1.5713278349959487,-0.207183596735426,0.353122281003179,0.2701893724202912,0.4839267196481333,0.3766357646107147,-0.103298280510006,-0.103298280510006
2017-01-20,0.5338809034907598,1.542625273211653,-0.22131613799177202,0.282739267995542,0.2826190253262527,0.487438515444461,0.3677018573706754,-0.1089983902825597,-0.1089983902825597
2017-01-21,0.5366187542778919,1.5347491721329067,-0.227956014899708,0.330188815786023,0.3073101461942147,0.5122016653086184,0.3378929571440786,-0.0807778374364227,-0.0807778374364227
2017-01-22,0.5393566050650239,1.4494995523802825,-0.22036736485636502,0.277494522939827,0.3274846324488838,0.5270624941778789,0.3180577405566719,-0.0789002029355785,-0.0789002029355785
2017-01-23,0.5420944558521561,1.4353988235291406,-0.276672013883855,0.21832351482684298,0.3405131655605457,0.5313457132006427,0.3090713320477882,-0.0841027596884824,-0.0841027596884824
2017-01-24,0.5448323066392882,1.4567383589515046,-0.258227706722259,0.23770678543677498,0.334018685659954,0.5090763794448802,0.3269459580578727,-0.1165118888049772,-0.1165118888049772
2017-01-25,0.5475701574264202,1.4553556790857414,-0.289292621603148,0.21861266758519599,0.3342328737585617,0.5047603201230414,0.3297142984724125,-0.1078296847095341,-0.1078296847095341
2017-01-26,0.5503080082135524,1.4452041052035822,-0.256260869314067,0.253319273634893,0.389678048326976,0.5162987718443567,0.2952134775945909,-0.0914097026021769,-0.0914097026021769
2017-01-27,0.5530458590006845,1.3993379884014177,-0.264381493361962,0.271788695010302,0.5115393799410825,0.5221530550196928,0.2334094150383403,-0.0902754921855448,-0.0902754921855448
2017-01-28,0.5557837097878165,1.3996638571748397,-0.20938853910098001,0.224776148426797,0.6053957283939649,0.5266804900502293,0.1867739004606547,-0.0894992739552034,-0.0894992739552034
2017-01-29,0.5585215605749486,1.397009541668191,-0.181658425768054,0.185410525596501,0.6792501471522607,0.5271229826432378,0.1516752337322593,-0.0929891595054295,-0.0929891595054295
2017-01-30,0.5612594113620808,1.396772878906077,-0.191424855567565,0.175278967621528,0.7358596057008261,0.5271678761577822,0.1248940636289992,-0.0932400733583129,-0.0932400733583129
2017-01-31,0.5639972621492129,1.431737940410149,-0.28127720193239,0.082067397470442,0.8000266468718722,0.5676133596341106,0.0864658063217728,-0.0416307072998973,-0.0416307072998973
2017-02-01,0.5667351129363449,1.42771300162823,-0.268580917706111,0.098307615151898,0.849922491811699,0.6043699548803926,0.0593751713359757,-0.023971425133288,-0.023971425133288
2017-02-02,0.5694729637234771,1.4291008653366923,-0.32554991184541604,0.114464874336022,0.8856004274154491,0.6429733496433779,0.0408436962020914,-0.002590414915212,-0.002590414915212
2017-02-03,0.5722108145106092,1.198030202378687,-0.275559326753085,0.125722957284288,0.909729102717072,0.6783560852903873,0.0290350847864302,0.0137315991163919,0.0137315991163919
2017-02-04,0.5749486652977412,0.7892616266406505,-0.162528954988598,0.09910035018527699,0.9290783442297617,0.7075820745923252,0.0207387634468103,0.0248260858891944,0.0248260858891944
2017-02-05,0.5776865160848734,0.395660407275761,-0.229896150074113,0.154550513070004,0.9262439634604884,0.7083783239784518,0.0215088589923588,0.0083864852807158,0.0083864852807158
2017-02-06,0.5804243668720055,0.3965786789855387,-0.225982932010168,0.15861771349175502,0.9356757018574194,0.718375373057819,0.0181153064677218,0.0174298255507681,0.0174298255507681
2017-02-07,0.5831622176591376,0.4056891250587053,-0.19174320691317598,0.19420474750815298,0.9510445907955796,0.7439745793730412,0.0125338292335266,0.0380679551751299,0.0380679551751299
2017-02-08,0.5859000684462696,0.3996561862366872,-0.16187594632972002,0.185881349698442,0.9428602497824804,0.7582519662291998,0.0138134222652399,0.0382242008967592,0.0382242008967592
2017-02-09,0.5886379192334018,0.5499799269018578,-0.133320319759953,0.301945206733169,0.84004688508135,0.7036130711153735,0.0474080124962684,-0.0299011556624488,-0.0299011556624488
2017-02-10,0.5913757700205339,-0.335400062577599,-0.096285688670927,0.349076126551755,0.7529261108222838,0.6705024922478178,0.0814102307146963,-0.0369764485762313,-0.0369764485762313
2017-02-11,0.5941136208076659,-0.3633468104309767,-0.054266939382711,0.37463969251248097,0.7075750927479336,0.6619474126530163,0.0988549965012627,-0.0224904696031726,-0.0224904696031726
2017-02-12,0.5968514715947981,-0.3690062452948498,-0.037556557844617,0.38425912935615897,0.6668855717260727,0.6527776416917286,0.1156647773717845,-0.0290815353239022,-0.0290815353239022
2017-02-13,0.5995893223819302,-0.36676390753409194,-0.021743548135951002,0.40074167115257997,0.6255487749044495,0.6398822995121454,0.1348465141262697,-0.038976406551261,-0.038976406551261
2017-02-14,0.6023271731690623,-0.3645884092816412,0.00691833313037,0.43061711324994,0.6121687685549848,0.6450796059712754,0.1376492134811102,-0.0263704593779126,-0.0263704593779126
2017-02-15,0.6050650239561944,-0.3652152468310385,0.0,0.347719530407562,0.6000194402118133,0.6435938746430006,0.1425555215322312,-0.0247962250579627,-0.0247962250579627
2017-02-16,0.6078028747433265,-0.6883011921596606,0.010963880030301,0.263642122926961,0.6111433873216012,0.6622668094335259,0.1313297844727472,-0.0065507526144639,-0.0065507526144639
2017-02-17,0.6105407255304586,-0.723554986391668,0.001981238779942,0.248730654643878,0.645387199910806,0.6898996411873128,0.1099655565472307,0.0101491292766509,0.0101491292766509
2017-02-18,0.6132785763175906,-0.7272999738263944,-0.01977306718928,0.21864520829003803,0.6831549440919781,0.7117189613699036,0.0913404218019755,0.0165502786441047,0.0165502786441047
2017-02-19,0.6160164271047228,-0.7252523849217755,0.020845651074627,0.21864520829003803,0.7017229690101684,0.716243860927201,0.0846379386877722,0.0089183245861033,0.0089183245861033
2017-02-20,0.6187542778918549,-0.723281531246164,0.020845651074627,0.21864520829003803,0.762886948190816,0.7498060113034408,0.0593242602041536,0.0376464678908963,0.0376464678908963
2017-02-21,0.621492128678987,-0.6852930085948955,0.062537710559065,0.261160219368838,0.8193070346003427,0.8010158647245939,0.0359550334703996,0.068314697885178,0.068314697885178
2017-02-22,0.6242299794661191,-0.6900061629259743,0.11681291195758,0.121866068650984,0.853358121298564,0.8287066845389198,0.0251187735882105,0.0687185527270415,0.0687185527270415
2017-02-23,0.6269678302532512,-0.7040406392319044,0.069756311736988,0.085836968699,0.8792543727584358,0.8902403638969015,0.0132529961070744,0.1102830869202673,0.1102830869202673
2017-02-24,0.6297056810403833,-0.7036312694673937,0.1059679667629,0.067721606511388,0.8831202607800557,0.9190908876912572,0.009456635947163,0.1146316089474792,0.1146316089474792
2017-02-25,0.6324435318275154,-0.6469439954498156,0.07073113208802201,0.019823267861245,0.8566146695848567,0.9044364953656874,0.0137024046876199,0.0873315821908837,0.0873315821908837
2017-02-26,0.6351813826146475,-0.6421547008682809,0.055704522569741,-0.011856807397249,0.8577840242222492,0.9179249546561674,0.0116723826605762,0.1042548253269437,0.1042548253269437
2017-02-27,0.6379192334017796,-0.6430074255078719,0.05968352545575101,-0.007904538264833,0.8732157068092209,0.9390628101649195,0.007725878542273,0.1152523045626914,0.1152523045626914
2017-02-28,0.6406570841889117,-0.6452648914104118,0.058689343922151,-0.008892040184239999,0.8847894687494496,0.9496317379192958,0.0058029542324848,0.1136570546167874,0.1136570546167874
2017-03-01,0.6433949349760438,-0.6118584301306055,0.134421833119473,0.07224103963313801,0.9135921015620873,0.974815868959648,0.0021761078371818,0.1474073293502344,0.1474073293502344
2017-03-02,0.6461327857631759,-0.7041287968891456,0.270324063336777,0.11480562373358,0.926380966342967,0.9777352614720236,0.0016391085350561,0.1687620339178464,0.1687620339178464
2017-03-03,0.648870636550308,-0.7041508405179158,0.190686625603924,-0.015732157081213,0.9404150973151564,0.9843818695950216,0.0009306047802998,0.1860184198873842,0.1860184198873842
2017-03-04,0.6516084873374401,-0.6861610480388618,0.16925412791511,-0.015732157081213,0.9346414502702864,0.9709765638523812,0.0018969296947813,0.1686378980882166,0.1686378980882166
2017-03-05,0.6543463381245722,-0.6920561429305729,0.16721719465482202,0.004926894552204001,0.9401449763035624,0.9741273720860968,0.0015486067568757,0.1764179256531415,0.1764179256531415
2017-03-06,0.6570841889117043,-0.6935813819781166,0.177230058514938,0.014779931918047001,0.9487446167947464,0.980559815158848,0.0009964141236142,0.1791978679914665,0.1791978679914665
2017-03-07,0.6598220396988365,-0.6068368483982892,0.194252003470392,0.031530170613836,0.9106400011118372,0.9405924441390698,0.0053086591256811,0.1380654501852563,0.1380654501852563
2017-03-08,0.6625598904859685,-0.3955614024460723,0.216194170107313,0.073028505911143,0.8134996569453841,0.8544374770514609,0.0271474604657979,0.0745613675558445,0.0745613675558445
2017-03-09,0.6652977412731006,-0.3724142239019675,0.158587303412398,0.09115210206713299,0.7699884363958657,0.8455814650689202,0.0355180486689573,0.1059067519416112,0.1059067519416112
2017-03-10,0.6680355920602327,-0.1940550243025222,0.096729281263552,-0.024630541871921,0.656099566808741,0.7773426951002012,0.076571943608239,0.0421633031758199,0.0421633031758199
2017-03-11,0.6707734428473648,-0.3041897328804091,0.059612366122698,0.020783757182286998,0.6326118773230758,0.7957780307166443,0.0750287259043965,0.0921924414881107,0.0921924414881107
2017-03-12,0.6735112936344969,-0.267874295385216,0.044642553037536996,0.047633558888941996,0.662718457935625,0.8443828844116941,0.0524867807172339,0.1285823197734386,0.1285823197734386
2017-03-13,0.676249144421629,-0.2710822256154719,0.057539105565536,0.060533951639613996,0.6875565768981313,0.8782552450153802,0.0380383479920928,0.1355451013716635,0.1355451013716635
2017-03-14,0.6789869952087612,-0.2773906231312874,0.08928510607507399,0.092289405195666,0.7160391861428568,0.9025277021315252,0.027678313031258,0.1404440308366901,0.1404440308366901
2017-03-15,0.6817248459958932,-0.28826819560125533,-0.021790929348074,0.059915965426209,0.749232600008545,0.9233894128881732,0.0192114377418517,0.1465147861152864,0.1465147861152864
2017-03-16,0.6844626967830253,-0.1558900484519098,-0.09679045500578701,-0.021892847584826,0.6980418865907012,0.8777084074184589,0.0369269385817407,0.0942438692339848,0.0942438692339848
2017-03-17,0.6872005475701575,0.08687633632503276,-0.086973438502052,0.006983906263569,0.5518235131378816,0.7753486978717737,0.1006834313568287,0.0162477962793987,0.0162477962793987
2017-03-18,0.6899383983572895,0.552181839411938,-0.013938608746063,-0.07618449049088499,0.4263910440672777,0.6086520493378313,0.2244806893857371,-0.1069748579661924,-0.1069748579661924
2017-03-19,0.6926762491444216,0.6567310471881229,-0.064387708383751,-0.12503659022174202,0.3810699979290708,0.5820199948203778,0.2587003654714305,-0.0456497339754555,-0.0456497339754555
2017-03-20,0.6954140999315537,0.6628891326704557,-0.053491164185936996,-0.114206560618307,0.3606308308784483,0.5838825138600129,0.2660526913702724,-0.030235511327719,-0.030235511327719
2017-03-21,0.6981519507186859,0.7592901269157523,-0.112927134632101,-0.17327972250847,0.3966799036021642,0.645105970670777,0.2141146999859231,0.0293384734932864,0.0293384734932864
2017-03-22,0.7008898015058179,0.8528937469337213,-0.1258045251569,-0.126782764550731,0.3683944460298553,0.6062086055288178,0.2487208318536467,-0.0378016227441628,-0.0378016227441628
2017-03-23,0.70362765229295,0.8248382162802108,-0.15882416560414303,-0.125704905316363,0.3390059499510968,0.5744612421863892,0.2812785869799979,-0.0491867987942171,-0.0491867987942171
2017-03-24,0.7063655030800822,1.0671303665781708,-0.167769125324905,-0.232353210449219,0.2565455225749167,0.462985487940897,0.3992458434325865,-0.1526527088706837,-0.1526527088706837
2017-03-25,0.7091033538672142,1.0532023369183952,-0.1405250623904,-0.33937749376639204,0.2387886699291546,0.4405990762127791,0.42582232123893,-0.1168848759496707,-0.1168848759496707
2017-03-26,0.7118412046543463,1.0495726763947173,-0.144425673890882,-0.32248662391834404,0.2214056075857698,0.4236793758854458,0.4487200061682613,-0.1242644619689281,-0.1242644619689281
2017-03-27,0.7145790554414785,1.2041130747241167,-0.18992959130473702,-0.36716842072343703,0.2615644649102496,0.4882783343283364,0.3778734620072732,-0.0469499904968007,-0.0469499904968007
2017-03-28,0.7173169062286106,1.1935763172288945,-0.136511752241573,-0.314715683323277,0.2939472344856219,0.5218932211911773,0.3375686133891403,-0.0469110585079599,-0.0469110585079599
2017-03-29,0.7200547570157426,1.1874524428434747,-0.1117370991899,-0.30444050884525903,0.3133400257141736,0.5318567051304045,0.3214552628172384,-0.0550555797046463,-0.0550555797046463
2017-03-30,0.7227926078028748,1.1887513924107431,-0.07021351514912401,-0.278826336324006,0.318655130303436,0.5239323258991375,0.3243662673769984,-0.0693975846123393,-0.0693975846123393
2017-03-31,0.7255304585900069,1.2047367065950108,-0.140499147408779,-0.25917280682856697,0.3576003641309049,0.5632068465938564,0.2805957626982204,-0.0274685940251631,-0.0274685940251631
2017-04-01,0.7282683093771389,1.190671500371269,-0.181017468626542,-0.26578697847547,0.3929557565234265,0.5911463595753473,0.2481922488442262,-0.0207013198271166,-0.0207013198271166
2017-04-02,0.731006160164271,1.1916567412506125,-0.117195433393409,-0.258227706722259,0.4347644716357099,0.6257717976148041,0.2115270757040147,-0.002204466108906,-0.002204466108906
2017-04-03,0.7337440109514032,1.227557444622742,-0.09848335542481501,-0.23978265891467201,0.4955056376675093,0.6827753859485215,0.1600380293820711,0.0334535117346739,0.0334535117346739
2017-04-04,0.7364818617385352,1.224512562313719,-0.09848335542481501,-0.23978265891467201,0.5336094636274469,0.7012114318410019,0.1393521605656622,0.0227727135605722,0.0227727135605722
2017-04-05,0.7392197125256673,1.2231728986262573,-0.10625755977372199,-0.237841425767236,0.5562102229843977,0.7023559585815036,0.1320913827711372,0.013882000343238,0.013882000343238
2017-04-06,0.7419575633127995,1.256044883632042,-0.11197322630248902,-0.228110905716986,0.6621604760945579,0.7581179792488635,0.0817173067318502,0.0625993687143449,0.0625993687143449
2017-04-07,0.7446954140999316,1.168082941228274,-0.08719500267555699,-0.201433448385035,0.736546855091854,0.780489520160157,0.0578307262541028,0.0562342016242816,0.0562342016242816
2017-04-08,0.7474332648870636,1.1428896488387157,-0.065782835442609,-0.146084923601659,0.7915022374975595,0.7907696897601662,0.0436240515326968,0.053965356857871,0.053965356857871
2017-04-09,0.7501711156741958,1.049243021428781,-0.006913550106095,-0.11817551437498901,0.8356709175298727,0.8072718480475335,0.0316708403765121,0.0625742087456693,0.0625742087456693
2017-04-10,0.7529089664613279,0.9868523053832351,-0.022716380931713,-0.13380239815887002,0.8681671056386608,0.8148175754776267,0.0244131350096347,0.0604787965775956,0.0604787965775956
2017-04-11,0.75564681724846,0.9562795176780481,-0.053333423755786,-0.164078554076603,0.8986118851558587,0.8356334912455818,0.0166648104661235,0.073931469812396,0.073931469812396
2017-04-12,0.758384668035592,0.9543884302231624,-0.05918312195464599,-0.157241978703862,0.917634143242354,0.8416186309201754,0.0130452171587086,0.0685872307566564,0.0685872307566564
2017-04-13,0.7611225188227242,0.9682558476470803,-0.112094338628998,-0.256758216198605,0.9063634147964866,0.8149765385036559,0.0173249651170513,0.0409108848071415,0.0409108848071415
2017-04-14,0.7638603696098563,0.9658480395863189,-0.017867809111845,-0.20837385133778802,0.8964811335389402,0.799996950011411,0.0207040890235734,0.037992862132576,0.037992862132576
2017-04-15,0.7665982203969883,0.9050354685914852,0.028922003115217,-0.09456256069904001,0.8873547738999185,0.797254026188851,0.022838366060838,0.0408156388382972,0.0408156388382972
2017-04-16,0.7693360711841205,0.748884282877714,0.025921684838014998,-0.16239519098862498,0.888905002750297,0.8058147355530707,0.0215730114196644,0.048216544294859,0.048216544294859
2017-04-17,0.7720739219712526,0.2786691037216483,0.0,-0.187829988849232,0.8982595881801503,0.8205516792231765,0.0182571460562145,0.0559870071169363,0.0559870071169363
2017-04-18,0.7748117727583846,0.1755220015924962,-0.079761019682619,-0.266092857388092,0.9163816066270134,0.8448488248969416,0.0129734919920486,0.0692686865310632,0.0692686865310632
2017-04-19,0.7775496235455168,0.17203035293505534,-0.066726996703884,-0.214853569591823,0.9280725305964088,0.8556819900924285,0.010380429242014,0.066650156949529,0.066650156949529
2017-04-20,0.7802874743326489,0.063634769883603,-0.003005588621448,-0.218606343518699,0.932383978063101,0.8790089443856249,0.0081809338705901,0.0805520716256333,0.0805520716256333
2017-04-21,0.783025325119781,-0.1135863880976843,0.030096614249532,-0.176851586161486,0.923216777931958,0.8839715802531138,0.0089090359196291,0.0733258152646323,0.0733258152646323
2017-04-22,0.785763175906913,-0.12263788112081914,0.022053048916605002,-0.135174655926345,0.9286831875099044,0.8956606353203564,0.0074411509061938,0.0796980655954238,0.0796980655954238
2017-04-23,0.7885010266940452,-0.6217954067046505,0.035130594516163,-0.11860021196113801,0.8856083411667071,0.8781519938793069,0.0139383955456753,0.0581451370545913,0.0581451370545913
2017-04-24,0.7912388774811773,-0.6274310159276839,-0.054200635392349,-0.206562953249788,0.9127680551661314,0.9103277367567926,0.0078222859203596,0.0915747869007832,0.0915747869007832
2017-04-25,0.7939767282683093,-0.6384124127200648,-0.081300570202108,-0.233247737026428,0.931182136725062,0.9410375189656348,0.004057671958174,0.102229612504213,0.102229612504213
2017-04-26,0.7967145790554415,-0.9289133544584907,-0.021175666870025,-0.219411070765688,0.928048760362852,0.9577654077652136,0.0030388312668623,0.1129136491535502,0.1129136491535502
2017-04-27,0.7994524298425736,-0.902600608415936,-0.063182956494088,-0.12458885449886299,0.9430199547734124,0.9771361024391334,0.0013027859170742,0.1395126964451227,0.1395126964451227
2017-04-28,0.8021902806297057,-0.9115108238454989,-0.09499969482422001,-0.186267437603641,0.9361027014548786,0.9757101620632632,0.0015520550262562,0.1369607543135558,0.1369607543135558
2017-04-29,0.8049281314168378,-0.9399142873346626,-0.135444732671071,-0.207612302762431,0.9385074975738894,0.9796104296831768,0.0012538057021746,0.1393793805000385,0.1393793805000385
2017-04-30,0.8076659822039699,-1.015621788185598,-0.129546132748427,-0.167758075029651,0.9538544839398704,0.9897883108525356,0.0004712236655553,0.1572939712064407,0.1572939712064407
2017-05-01,0.810403832991102,-0.8815445585716739,-0.120577887680257,-0.15882454914132,0.953947100827713,0.9855214423423554,0.0006667795559676,0.2088043327504714,0.2088043327504714
2017-05-02,0.813141683778234,-0.8788169704547586,-0.136521687894275,-0.17470662538785797,0.948859751837402,0.9780839454383758,0.0011207924690264,0.2287598131345314,0.2287598131345314
2017-05-03,0.8158795345653662,-0.9120610114336324,-0.132285838367173,-0.094848696376007,0.9596526833155112,0.987223789094153,0.000515485827446,0.2522796027242338,0.2522796027242338
2017-05-04,0.8186173853524983,-0.9037576580266358,-0.177043839575096,-0.158445078432227,0.9300841915206928,0.9506396512800496,0.0034510686875758,0.2818479512273164,0.2818479512273164
2017-05-05,0.8213552361396304,-0.924642553375483,-0.189935966496215,-0.137958339524001,0.913032017830548,0.9364779095925876,0.0055243880259181,0.2914640937900019,0.2914640937900019
2017-05-06,0.8240930869267625,-1.0325301525960728,-0.200655277620691,-0.172344667750042,0.912755482212262,0.9438773208448308,0.0048963960798486,0.3044608565598308,0.3044608565598308
2017-05-07,0.8268309377138946,-1.0482552240665806,-0.250049295479934,-0.187008582139278,0.9225992646040764,0.9585761866226692,0.0032062336183088,0.3138210747286232,0.3138210747286232
2017-05-08,0.8295687885010267,-0.7850684379715636,-0.2006324148225,-0.13727218443994998,0.9419494484530572,0.9792880933113346,0.0012023376068658,0.3880918621480855,0.3880918621480855
2017-05-09,0.8323066392881588,-0.7837424818392281,-0.157146072592354,-0.09350467052823899,0.9254359570319454,0.9495850184517246,0.0037591448503992,0.4044126968199188,0.4044126968199188
2017-05-10,0.8350444900752909,-0.79388774396608,-0.133636756977039,-0.075674811701786,0.9256669996396308,0.950370716694932,0.0036890935338004,0.420238544527713,0.420238544527713
2017-05-11,0.837782340862423,-0.7709919128161161,-0.108231193307464,0.011054226508906001,0.9347873834291148,0.9623372781907832,0.0024560846363603,0.4518720214885325,0.4518720214885325
2017-05-12,0.840520191649555,-0.43451812477630164,-0.151815717188833,-0.039140846250241,0.8952352119754456,0.9049705612892304,0.0099557390026261,0.3802082905160633,0.3802082905160633
2017-05-13,0.8432580424366872,-0.458093525702945,-0.13027024566408302,-0.060089983303965,0.8956722902775676,0.9173514000363784,0.0086225391459701,0.4238166433232422,0.4238166433232422
2017-05-14,0.8459958932238193,-0.4630053473435951,-0.13027024566408302,-0.062080978224792,0.8972848459062505,0.9255779753453952,0.0076442697303665,0.42391470055846,0.42391470055846
2017-05-15,0.8487337440109514,-0.3374608039192051,-0.16408054261566302,-0.096124868135695,0.8686733025278379,0.8938142053595655,0.0139450297285854,0.3821329364236252,0.3821329364236252
2017-05-16,0.8514715947980835,-0.32811209270919134,-0.24363534285237498,-0.17622930688171198,0.8441529610492244,0.8759062930145046,0.0193396367861146,0.3778094308992523,0.3778094308992523
2017-05-17,0.8542094455852156,-0.24326379655768224,-0.28713906233146397,-0.24922484254781102,0.8684174865920711,0.9200258691569896,0.0105231971439378,0.4342573565174223,0.4342573565174223
2017-05-18,0.8569472963723477,-0.23733046809310454,-0.16281434639015502,-0.237383286664869,0.8948477915407781,0.9521040224318904,0.0050363678176,0.4586727438713458,0.4586727438713458
2017-05-19,0.8596851471594799,-0.1976080667312197,-0.259674793800194,-0.312125776976391,0.9150417096688956,0.9684166770977208,0.0026832651167528,0.5075301896941324,0.5075301896941324
2017-05-20,0.8624229979466119,-0.1603654587752039,-0.263579603687433,-0.347739686730167,0.9362812822516716,0.9842083385488604,0.0010062244187823,0.5528419038146053,0.5528419038146053
2017-05-21,0.865160848733744,-0.12330769758617913,-0.283056784960432,-0.362103315017234,0.9269507953660192,0.9600644138917258,0.0029172628018012,0.5294386067101007,0.5294386067101007
2017-05-22,0.8678986995208761,-0.05092875704446399,-0.30006000192757,-0.378968212219472,0.9084819164715858,0.9334312849672384,0.0060922412227474,0.5897838021443418,0.5897838021443418
2017-05-23,0.8706365503080082,-0.0360776064527391,-0.263053090068746,-0.342262348530408,0.9312468911773932,0.9665744582016076,0.0022981099127194,0.6527171355498567,0.6527171355498567
2017-05-24,0.8733744010951403,-0.009677467769598911,-0.18669881345163503,-0.368462881778617,0.9290547041707988,0.958571261762158,0.0029391740901142,0.7018479319295121,0.7018479319295121
2017-05-25,0.8761122518822724,0.20844287327288932,-0.158874691324902,-0.39506172839506104,0.8538102399025904,0.8559709176762326,0.0210555769919616,0.6409313145423443,0.6409313145423443
2017-05-26,0.8788501026694046,0.34151711973107873,-0.157639205034968,-0.37359149712351797,0.775453188271878,0.7771007921742935,0.0500513064539864,0.5930025704611408,0.5930025704611408
2017-05-27,0.8815879534565366,0.598096373001443,-0.16955997922167998,-0.30266834345217897,0.681076997143241,0.6937006232137741,0.097685917017817,0.5135709161858459,0.5135709161858459
2017-05-28,0.8843258042436687,0.6362523730307632,-0.166582682992618,-0.351658794421103,0.6305550984180875,0.6834334004437028,0.1169539162171969,0.5669713950731001,0.5669713950731001
2017-05-29,0.8870636550308009,0.6535729617119789,-0.166582682992618,-0.351658794421103,0.6087499227445192,0.7051304939929082,0.1153677170055601,0.6097882472997966,0.6097882472997966
2017-05-30,0.8898015058179329,0.7307370592497803,-0.178698053299001,-0.363546139662288,0.5743891257598749,0.694435957916088,0.1300513790876801,0.571240197181389,0.571240197181389
2017-05-31,0.892539356605065,0.7239682420999577,-0.223925886057138,-0.399207419626083,0.5735459389575039,0.7189113037026885,0.1198714160491293,0.6185221485687675,0.6185221485687675
2017-06-01,0.8952772073921971,0.7570755347872646,-0.179834951335824,-0.41136486981899,0.6002069820208503,0.7638022481021389,0.0944302120711363,0.667742417375,0.667742417375
2017-06-02,0.8980150581793293,0.7620551176838546,-0.250982550826295,-0.454949227972748,0.6383287733378906,0.8079332843808436,0.0694650046389428,0.6980988906714307,0.6980988906714307
2017-06-03,0.9007529089664612,0.7572505739976698,-0.206561449109059,-0.42850091046873495,0.6723933671265391,0.8372031285416587,0.0533333349008008,0.706199659912456,0.706199659912456
2017-06-04,0.9034907597535934,0.7649640196136572,-0.19564118350971102,-0.432287592788203,0.6971385724748725,0.8508864256568087,0.0451607499889531,0.7021880069799895,0.7021880069799895
2017-06-05,0.9062286105407256,0.8323651674695399,-0.187531520071573,-0.424373671138896,0.7554052300786825,0.904771162152078,0.0232924756832869,0.7668211890170644,0.7668211890170644
2017-06-06,0.9089664613278576,0.8834756624143688,-0.203750846947852,-0.44020151443751,0.7910102055541506,0.9197765353857906,0.0167658853794574,0.8275810258960101,0.8275810258960101
2017-06-07,0.9117043121149896,0.9003718187092548,-0.242057638824391,-0.43310564346622804,0.787139222037352,0.8960226069634948,0.0221327087722785,0.7779970075244549,0.7779970075244549
2017-06-08,0.914442162902122,0.9032683103505854,-0.26809903274687097,-0.415348542677792,0.7978989496059566,0.9016679005847714,0.0198730205792691,0.8017508446536263,0.8017508446536263
2017-06-09,0.917180013689254,0.9051674646730553,-0.240794779770218,-0.443112810996403,0.8099435420852875,0.9088293433862192,0.0173275720617737,0.8054290691068946,0.8054290691068946
2017-06-10,0.919917864476386,0.9158675997136898,-0.23589701252003498,-0.48238751980320704,0.846051121798711,0.941963562928836,0.0089346443819053,0.845515762606464,0.845515762606464
2017-06-11,0.922655715263518,0.7243670839582037,-0.199496559892553,-0.420524348430252,0.8754044070321423,0.9610113906344382,0.0048578089028943,0.8461823244578746,0.8461823244578746
2017-06-12,0.9253935660506504,1.0801700472451827,-0.212594519934665,-0.43332691414286406,0.8321966076726741,0.89933964899018,0.0168911483723071,0.7371571393189811,0.7371571393189811
2017-06-13,0.9281314168377824,1.0788216984926249,-0.22871502700920898,-0.44908386029928,0.8123314325209418,0.882192887415086,0.0221086920576549,0.7558118083998737,0.7558118083998737
2017-06-14,0.9308692676249144,1.220186479573205,-0.19917107954347502,-0.462416074032451,0.7514021357939175,0.823373772936531,0.0439089028107569,0.6725655618980841,0.6725655618980841
2017-06-15,0.9336071184120466,1.234587428727034,-0.069309988884459,-0.43021288266873703,0.6965733628789856,0.7839961542345683,0.0655413205258112,0.6532401335497031,0.6532401335497031
2017-06-16,0.9363449691991786,1.1849147675439033,-0.026688001613905003,-0.48104203462281603,0.6672472831888921,0.7771830390714369,0.0741429491005738,0.6723614367941382,0.6723614367941382
2017-06-17,0.9390828199863108,1.2205108519690342,-0.073558807878228,-0.460480597179723,0.6595020785694377,0.8065309961676513,0.0658757936661562,0.7228169014814245,0.7228169014814245
2017-06-18,0.9418206707734428,1.241547242534579,0.001029555951967,-0.403950255594135,0.6181564002058616,0.7955418693605141,0.0780710286105615,0.6789083665280966,0.6789083665280966
2017-06-19,0.944558521560575,1.2064030456097448,0.039114487642777,-0.367407527970679,0.596431438747889,0.7999008790171138,0.0807537143628754,0.6924108992302704,0.6924108992302704
2017-06-20,0.947296372347707,1.2258591775102194,0.061760006659523005,-0.345679012345678,0.6159391408067822,0.8336112818834749,0.0639033940398907,0.7395362627939539,0.7395362627939539
2017-06-21,0.9500342231348392,1.1666708396597048,0.059805545636609996,-0.376800137928136,0.6132156067207748,0.8426690427672043,0.0608531588373266,0.7248186667059526,0.7248186667059526
2017-06-22,0.9527720739219712,1.0828797631324412,0.019517457050270002,-0.409045836533504,0.6163542940637301,0.8510882577615351,0.0571293504732757,0.7282256329955503,0.7282256329955503
2017-06-23,0.9555099247091032,1.0310702107395093,0.006170833947605,-0.341472591320045,0.6312567568836311,0.8647196900908622,0.0498837002056829,0.740060301283398,0.740060301283398
2017-06-24,0.9582477754962354,1.0093578306898927,0.005141701980235,-0.296199630072888,0.599168482371875,0.8390503993737013,0.0645136726806799,0.6866061920500117,0.6866061920500117
2017-06-25,0.9609856262833676,0.9500948715853079,-0.010266783629827,-0.299102682823639,0.5689678143901206,0.8216097795956501,0.076891926592315,0.676629121726954,0.676629121726954
2017-06-26,0.9637234770704995,0.836484014518262,0.0030799567584089997,-0.286141840404632,0.511067307741988,0.786422499698102,0.1044250222283433,0.6303668939183833,0.6303668939183833
2017-06-27,0.9664613278576316,0.785766735503772,-0.095482576037607,-0.381854607629301,0.491514802207347,0.7864798733589474,0.1085718238277879,0.6572749466416434,0.6572749466416434
2017-06-28,0.969199178644764,0.7427659827472098,-0.138603537266107,-0.434219744182408,0.4839714502461531,0.7918372790460935,0.107417907006659,0.663466697152475,0.663466697152475
2017-06-29,0.971937029431896,0.7066536741567204,-0.169613645824805,-0.41879575267216396,0.4670076859581363,0.7860554287056979,0.1140308121308445,0.6471017439716089,0.6471017439716089
2017-06-30,0.974674880219028,0.6693451182382911,-0.13000356279821598,-0.40329019168930197,0.4356440439138804,0.7692154368984165,0.1302446427591115,0.6213550106736658,0.6213550106736658
2017-07-01,0.9774127310061602,0.6103545912386547,-0.158435528239044,-0.410986205525759,0.3973661051319878,0.7497540070828567,0.150806717386771,0.6001098645558249,0.6001098645558249
2017-07-02,0.9801505817932924,0.6036656400909828,-0.109594452565707,-0.39847372284981003,0.3915825259013268,0.7571781505510011,0.1477370562977281,0.6267673072895237,0.6267673072895237
2017-07-03,0.9828884325804244,0.6147309724626856,-0.053763881916661,-0.344273853230291,0.4460529069771473,0.7746270253274601,0.1248447041657665,0.646993072009618,0.646993072009618
2017-07-04,0.9856262833675564,0.619836300176026,-0.053763881916661,-0.344273853230291,0.503863678817035,0.792315275703601,0.1030399350783137,0.659031762897194,0.659031762897194
2017-07-05,0.9883641341546886,0.4889272668541516,-0.05268616943718,-0.290410134778024,0.5518669905404255,0.8012429087091736,0.0890696134715894,0.6566597009064212,0.6566597009064212
2017-07-06,0.9911019849418208,0.35846254792212584,-0.084850962334759,-0.390131323374388,0.5708236496406238,0.807273865293412,0.0827134991122429,0.6566754403725428,0.6566754403725428
2017-07-07,0.9938398357289528,0.33033467940369454,-0.076485567314679,-0.398999786376951,0.5077155906849442,0.7888457123814436,0.1039479637546424,0.6191639877173234,0.6191639877173234
2017-07-08,0.9965776865160848,0.32058508248594314,-0.093891462020933,-0.438203502181453,0.4829688663701179,0.7921972913264321,0.1074404700368549,0.6373928927178554,0.6373928927178554
2017-07-09,0.999315537303217,0.32714343356244396,-0.129535781877272,-0.432485939599673,0.4417302004197686,0.7812549563996484,0.1221187516499372,0.6141750482098747,0.6141750482098747
2017-07-10,1.002053388090349,0.3454918851974479,-0.125423422783224,-0.42849979947654904,0.3529066043396119,0.7409874673566195,0.1676052992668022,0.5521832452406139,0.5521832452406139
2017-07-11,1.0047912388774811,0.3432888255082727,-0.157294009674046,-0.45939219536116205,0.281222019460817,0.7125601270519586,0.2066054514040325,0.535128244094337,0.535128244094337
2017-07-12,1.0075290896646132,0.03646621106802302,-0.13897451951857298,-0.47244877230416005,0.2591615205677266,0.7129085547744007,0.2126883897389467,0.5585757609663595,0.5585757609663595
2017-07-13,1.0102669404517457,0.019363428969232845,-0.128892550704436,-0.478416303440762,0.2266488353421853,0.7033174203617267,0.2294398184969434,0.5390645105458418,0.5390645105458418
2017-07-14,1.0130047912388775,-0.10523234294927306,-0.188776746953435,-0.541964705703839,0.1870826678651818,0.6688109480185815,0.2692293205689943,0.4825928313664684,0.4825928313664684
2017-07-15,1.0157426420260096,0.2806179515700754,-0.238119643596159,-0.552299360258546,0.1425939709291319,0.5897366044299911,0.3517623088688121,0.3696696611796435,0.3696696611796435
2017-07-16,1.0184804928131417,0.2762699320840337,-0.210992483994447,-0.599920901019577,0.1271647306615521,0.531029775356529,0.4093337523383964,0.3325823392262039,0.3325823392262039
2017-07-17,1.0212183436002735,0.8317022216183627,-0.20893436930602802,-0.597944557571654,0.1851546356552886,0.5710873749704382,0.3494974642142598,0.4742616423232615,0.4742616423232615
2017-07-18,1.0239561943874058,0.8474519253307862,-0.257307524266279,-0.6443957919945651,0.2497236507312986,0.6139157229025496,0.2896699019307208,0.5118107724098033,0.5118107724098033
2017-07-19,1.026694045174538,0.8439282076932653,-0.279913438091684,-0.615719045535676,0.2875620387675344,0.6234912690345403,0.2682391126752549,0.4898080038032093,0.4898080038032093
2017-07-20,1.0294318959616702,1.828425931772396,-0.356010573599344,-0.6394600834028961,0.4427149338812479,0.7655507843632927,0.1306550466375919,0.7018290480615388,0.7018290480615388
2017-07-21,1.0321697467488022,1.8842286541364486,-0.371053219329304,-0.678705737322927,0.5241716957336078,0.7971176437714624,0.0965371675297951,0.6447073568673742,0.6447073568673742
2017-07-22,1.0349075975359343,1.9343623226944648,-0.369079192160232,-0.658312975130118,0.6184295823187,0.8492489378730186,0.0575221457416919,0.6941351106909206,0.6941351106909206
2017-07-23,1.0376454483230664,1.9469922003649724,-0.34532379290515003,-0.658312975130118,0.6705507574590729,0.8535871209388135,0.0482356121049442,0.6628502889517147,0.6628502889517147
2017-07-24,1.0403832991101984,1.897248013011426,-0.34121270202408505,-0.6543351592491999,0.7153400779758688,0.8618377170262664,0.0393292646979789,0.6692526865567743,0.6692526865567743
2017-07-25,1.0431211498973303,1.9831502010868518,-0.334018489009829,-0.6473741711302999,0.7073752499386281,0.8186794368826491,0.053058884463202,0.5999142059101787,0.5999142059101787
2017-07-26,1.0458590006844628,1.9531353004098184,-0.38591831309177504,-0.6610174158610129,0.6904451483801134,0.7838234712533841,0.0669184932798608,0.579132417519669,0.579132417519669
2017-07-27,1.0485968514715949,1.9922278612510465,-0.270550490030618,-0.566834109512406,0.710905891549053,0.8029138436004536,0.0569764466723507,0.6314263201050707,0.6314263201050707
2017-07-28,1.051334702258727,2.034184298631145,-0.290473797697214,-0.6496887774541329,0.761506791996822,0.8496795928017679,0.0358503961410503,0.6789829512360406,0.6789829512360406
2017-07-29,1.054072553045859,2.0486626474222134,-0.247829675337857,-0.653437234198404,0.7799428586427772,0.8506698979801359,0.0328611553690737,0.6466768501465188,0.6466768501465188
2017-07-30,1.056810403832991,2.037173608282679,-0.250888713568963,-0.672134526412483,0.8010335122887418,0.8594998704896655,0.0279548172916481,0.6553960403189079,0.6553960403189079
2017-07-31,1.0595482546201231,2.0529930537690757,-0.29270363208933,-0.7121426792879031,0.8447808578462184,0.8959631564530857,0.0161485096077392,0.6948025551879748,0.6948025551879748
2017-08-01,1.0622861054072552,2.1082640920755074,-0.274932550922976,-0.6951394623207661,0.8365008088698942,0.8715903413689321,0.0209948753194726,0.6361688563635814,0.6361688563635814
2017-08-02,1.0650239561943875,2.1011133155861703,-0.35031135385593204,-0.6317483841143521,0.8285310701453258,0.8573452922402691,0.0244608500782923,0.6309275289713678,0.6309275289713678
2017-08-03,1.0677618069815196,2.1169076354708243,-0.352390800123656,-0.60817670054549,0.844360848561391,0.875638076334894,0.0193555842705101,0.6625401054966877,0.6625401054966877
2017-08-04,1.0704996577686516,2.1319722617534183,-0.285595593919715,-0.547695858840781,0.8773678887524262,0.9094749355218084,0.0111012797777833,0.6919764477140671,0.6919764477140671
2017-08-05,1.0732375085557837,2.3487696277261465,-0.237946022391819,-0.559144208028358,0.9016159976025812,0.9459767004924432,0.0053150284282679,0.805491020648617,0.805491020648617
2017-08-06,1.0759753593429158,2.3238500535939,-0.257264989662057,-0.556284903227236,0.9116327660785164,0.9542793527011092,0.0040402071349027,0.7907215941488221,0.7907215941488221
2017-08-07,1.0787132101300478,2.3510249030054973,-0.268722192860061,-0.5673904667772021,0.929924623311372,0.9728881436242376,0.0018998735482595,0.8379886074876666,0.8379886074876666
2017-08-08,1.08145106091718,2.3351280781310595,-0.24684956711272601,-0.546189146433686,0.9341923875488236,0.97221506851882,0.0018284600028959,0.8472368628471401,0.8472368628471401
2017-08-09,1.0841889117043122,2.268376551134707,-0.263405135690424,-0.566875406615025,0.921347008668754,0.954896281470039,0.0035475423825439,0.8215557131948561,0.8215557131948561
2017-08-10,1.0869267624914445,2.2559107694038407,-0.244411571976452,-0.5637504184489199,0.9159703494688378,0.9547444695545524,0.0038028064079333,0.8303173942114661,0.8303173942114661
2017-08-11,1.0896646132785763,2.3235708327892293,-0.283954608487974,-0.618889169066568,0.9310579594770548,0.9714953286767192,0.0019651702054628,0.904052077045101,0.904052077045101
2017-08-12,1.0924024640657084,2.3432047687552635,-0.277865200964365,-0.57614442267401,0.937418762036047,0.973873950509177,0.0016350005202432,0.963194927503352,0.963194927503352
2017-08-13,1.0951403148528405,2.2660915287027206,-0.21448858189843298,-0.565636264039072,0.9338431325999016,0.9644059756060116,0.0023547891520689,1.0075068088710264,1.0075068088710264
2017-08-14,1.0978781656399723,1.9654009479706918,-0.17348349440545802,-0.526102621503229,0.9503823494499264,0.9822029878030056,0.0008830459320258,1.0643255484455647,1.0643255484455647
2017-08-15,1.1006160164271048,1.9620369243221494,-0.132478406912482,-0.48656897896738704,0.9286200809115732,0.9481490504806672,0.003701116581348,1.0275397973422322,1.0275397973422322
2017-08-16,1.103353867214237,1.690924991797717,-0.17239560990206002,-0.570852604639858,0.9361698396496452,0.9615786866362832,0.0024524385928772,1.069857911142396,1.069857911142396
2017-08-17,1.106091718001369,1.7049491868318563,-0.10986698450167301,-0.59945715542086,0.931336249239542,0.9568240508341612,0.0029646226123693,1.0563722371054125,1.0563722371054125
2017-08-18,1.108829568788501,1.746489867151831,-0.144515053004169,-0.626065815030161,0.9044659800482046,0.9272917485131416,0.0069461115482056,1.0129885742991025,1.0129885742991025
2017-08-19,1.111567419575633,0.8662697982387714,-0.089105374753655,-0.62136140039593,0.8888082201838294,0.9177436371764242,0.009146231383558,1.017810237012549,1.017810237012549
2017-08-20,1.1143052703627652,0.7842295619381235,-0.054290198315520996,-0.58639795413846,0.8619508496946419,0.8955762783733942,0.0144156060422761,0.9891510755335116,0.9891510755335116
2017-08-21,1.1170431211498972,0.7749880549253065,-0.08941919794063001,-0.619647508904676,0.8299803558712721,0.8691047583698017,0.0222547624001101,0.9649010688891178,0.9649010688891178
2017-08-22,1.1197809719370295,0.7324927614063765,-0.041515795136548996,-0.574306997304,0.8196002333623673,0.8713068100868331,0.0232162214281878,0.9862433518958068,0.9862433518958068
2017-08-23,1.1225188227241616,0.7319383168658078,-0.08831685479967001,-0.582347783132983,0.8184138439559322,0.8800117256090242,0.0217882095170181,0.9955466394646706,0.9955466394646706
2017-08-24,1.1252566735112937,0.5635161078813422,-0.08187179664812701,-0.492304739680643,0.8422679183526669,0.9146165248043068,0.0134677132809001,1.0355951831331325,1.0355951831331325
2017-08-25,1.1279945242984255,0.5280054684325481,-0.099284757484294,-0.480394209930057,0.8641373949032973,0.9380879357506154,0.0084115343358358,1.040943227254845,1.040943227254845
2017-08-26,1.1307323750855578,0.5005160734551996,-0.11932694857222399,-0.5251327680711539,0.8732177321965979,0.9464280706985908,0.0067919706874361,1.033421622737885,1.033421622737885
2017-08-27,1.13347022587269,0.4672747874102976,-0.055758552492992004,-0.45393758032362397,0.8853896935495978,0.9555845228582228,0.0050904714463599,1.0372744094013004,1.0372744094013004
2017-08-28,1.136208076659822,0.4128236670028103,-0.11258878701546901,-0.5084922659615531,0.8934202932280876,0.9597870189395202,0.0042858877298504,1.0341043875519969,1.0341043875519969
2017-08-29,1.1389459274469542,0.4349425556407042,-0.09757705782379099,-0.494081623918367,0.9116000876555888,0.9720504124477528,0.0024707410896811,1.074745530699463,1.074745530699463
2017-08-30,1.1416837782340865,0.42588768951184497,0.002153418364738,-0.422768195668711,0.9219904500887486,0.9757376162308488,0.0018926976376055,1.0685677544349943,1.0685677544349943
2017-08-31,1.1444216290212184,0.263824912928839,-0.038697260569207,-0.48073963826716104,0.9355065194542596,0.9825754552511776,0.0011237695377765,1.0951458945185273,1.0951458945185273
2017-09-01,1.1471594798083504,0.26186507967477646,-0.002154936126933,-0.455573879318884,0.9516298895906946,0.9912877276255888,0.0004214135766662,1.1311841275753365,1.1311841275753365
2017-09-02,1.1498973305954825,0.4741006446504067,0.0,-0.456555520967222,0.8875435974995682,0.9358408951778124,0.0072151021159513,1.0618473806558877,1.0618473806558877
2017-09-03,1.1526351813826146,0.47293296191155454,-0.078041837693888,-0.47125296667121597,0.840284351404653,0.9087498026780272,0.0145740844497323,1.059602473418467,1.059602473418467
2017-09-04,1.1553730321697468,0.39324724198127625,-0.078041837693888,-0.47125296667121597,0.7382000523323998,0.8428896925817315,0.0411314702601432,0.9779285689735032,0.9779285689735032
2017-09-05,1.158110882956879,0.39518833741597,-0.131494905376828,-0.522587668125728,0.6885926226651736,0.8311208546237444,0.0525902117481666,1.007421564956671,1.007421564956671
2017-09-06,1.160848733744011,0.3930329115408654,-0.122016417202696,-0.524640711529542,0.6937932641116805,0.855912469561597,0.0441205723777522,1.0534481566564544,1.0534481566564544
2017-09-07,1.163586584531143,0.3956701747141879,-0.22533112175402398,-0.591077310048622,0.6982242816428753,0.8680649580798543,0.0398147920519293,1.050905832261618,1.050905832261618
2017-09-08,1.1663244353182751,0.6203128260378425,-0.234173961785968,-0.576763974772935,0.630201656805425,0.8148933261100892,0.0684521413187475,0.9637865424109648,0.9637865424109648
2017-09-09,1.1690622861054072,0.621812129415613,-0.22162737269877697,-0.603908981634354,0.5786675747161294,0.7878780827929404,0.0893738418327148,0.9601613568922645,0.9601613568922645
2017-09-10,1.1718001368925393,0.503700274111437,-0.18695582566616398,-0.5572786726242,0.5201932353541919,0.7579081706458345,0.1161572973896072,0.9325157994219656,0.9325157994219656
2017-09-11,1.1745379876796715,0.40024265643130186,-0.130009572197296,-0.5024814463413451,0.4837060425871061,0.7490423007191148,0.1295679437049632,0.9388177289415758,0.9388177289415758
2017-09-12,1.1772758384668036,0.3368011399967278,-0.124636943861444,-0.49731156926041903,0.4066686968649511,0.7397466799976435,0.154416441502221,0.9285368364208376,0.9285368364208376
2017-09-13,1.1800136892539357,0.3323510122229359,-0.100578049498656,-0.442149408446085,0.3245502090374711,0.6954725641766484,0.2056929928692377,0.8637407817200327,0.8637407817200327
2017-09-14,1.1827515400410678,1.3646790536210371,-0.18433625526547998,-0.467714887377218,0.2435622635977077,0.5571736590099219,0.3349705549978443,0.653737991730253,0.653737991730253
2017-09-15,1.1854893908281998,1.7762672023242534,-0.17328004644390602,-0.504392480973432,0.2678241721554812,0.5650626045885566,0.3184506475459123,0.7933615436325709,0.7933615436325709
2017-09-16,1.188227241615332,1.77604161337862,-0.18692586505653402,-0.521047824780229,0.284482462933631,0.5670147496985503,0.3098085398817586,0.7872296022744756,0.7872296022744756
2017-09-17,1.1909650924024642,1.7527273166871362,-0.166969662153294,-0.555155143707849,0.2917799990290695,0.5612602951928826,0.3107242341644824,0.7728606119319501,0.7728606119319501
2017-09-18,1.1937029431895962,2.070180491306261,-0.147703869090273,-0.5366499199607709,0.3566984443505706,0.6353815556293437,0.2345596124821181,0.8962805351390433,0.8962805351390433
2017-09-19,1.1964407939767283,2.080353234899947,-0.17553241831227698,-0.563379861895954,0.3881041237349413,0.6500556066170623,0.214129531233097,0.858364057579827,0.858364057579827
2017-09-20,1.1991786447638604,2.073148845977983,-0.063372325194464,-0.476631385887299,0.4093141917024636,0.6543562402296783,0.2041668636229319,0.8507074659272238,0.8507074659272238
2017-09-21,1.2019164955509924,2.150706546343346,-0.137894267605058,-0.486698397331583,0.3913394694435699,0.6126194188639811,0.2357832700415074,0.7750533224458245,0.7750533224458245
2017-09-22,1.2046543463381243,2.1460316149293295,-0.105207014587253,-0.49205737077880296,0.3778165123788497,0.5916967159072308,0.2540395613040084,0.7722925713165942,0.7722925713165942
2017-09-23,1.2073921971252566,2.146723421593211,-0.118996636457708,-0.539874999461641,0.4029944839990906,0.6070494503780854,0.234593645639872,0.8131316404926086,0.8131316404926086
2017-09-24,1.2101300479123889,2.153997573775941,-0.061462120762768,-0.513586383808469,0.4096053779592302,0.5972354816772423,0.2377900055665972,0.7811361020690004,0.7811361020690004
2017-09-25,1.212867898699521,2.2378576180500773,-0.009704155700198,-0.464182993643637,0.4500326388723648,0.6311581913109328,0.2028509561982704,0.8423089497224208,0.8423089497224208
2017-09-26,1.215605749486653,2.2362718865456626,0.024800880119866003,-0.431247661947163,0.4754358589409472,0.6427364262466176,0.1874076596976305,0.8309207336166882,0.8309207336166882
2017-09-27,1.218343600273785,2.3449565262703587,0.124715490434546,-0.42756056814700705,0.5394491119183604,0.6977463034274569,0.1392032083824431,0.904267996792754,0.904267996792754
2017-09-28,1.2210814510609171,2.3084366308173276,0.080129710448981,-0.47672671735134203,0.5836763513196108,0.7211101407242395,0.1161084437936448,0.8952056328317362,0.8952056328317362
2017-09-29,1.2238193018480492,2.3084379001491895,0.021533654559766004,-0.45920416560572697,0.6552865536284181,0.7309306099817214,0.0927518367463001,0.8895506173788785,0.8895506173788785
2017-09-30,1.2265571526351813,2.323830234023698,0.044243408892905005,-0.45724821023275997,0.7379729060229602,0.7638803681386606,0.0618697409675552,0.9279537628718532,0.9279537628718532
2017-10-01,1.2292950034223136,2.2981596415004506,0.029092153815697,-0.433710286571967,0.8034796795172201,0.7907368030286912,0.0411244705340527,0.9398905578820322,0.9398905578820322
2017-10-02,1.2320328542094456,2.2268380109825916,0.080810259641102,-0.384378764220035,0.8426153775920375,0.8050557567463162,0.030681226115087,0.938219731122686,0.938219731122686
2017-10-03,1.2347707049965777,2.2334087964476512,0.081887959942099,-0.383350795472168,0.8568977022748981,0.7975537472970322,0.0289705239276313,0.91427434979912,0.91427434979912
2017-10-04,1.2375085557837098,2.1323496896645207,0.070035722764514,-0.407472155215853,0.8531503445251031,0.7797350804460337,0.0323458275497058,0.8907956775682173,0.8907956775682173
2017-10-05,1.2402464065708418,2.1227606801283,0.17874570138858,-0.260184731467776,0.8665923944318012,0.7866383230755133,0.0284640704385113,0.9110549877925128,0.9110549877925128
2017-10-06,1.242984257357974,2.078863262702942,0.16361492266237598,-0.23425298578986498,0.8756858330859181,0.7968587449706388,0.025253335884856,0.9179019573619644,0.9179019573619644
2017-10-07,1.2457221081451062,2.0824989219004544,0.24800658830276,-0.191361942300458,0.8961894521545811,0.8109216856269417,0.0196283234007555,0.9277341878020628,0.9277341878020628
2017-10-08,1.2484599589322385,1.978015492623338,0.270447954799368,-0.194438693199456,0.9189522826319266,0.8472617857451585,0.0123790836202306,0.9653905109646496,0.9653905109646496
2017-10-09,1.2511978097193703,1.995705472832108,0.26387780405095496,-0.200711449387114,0.9190867676060388,0.8912203930819923,0.0088017096142805,0.9967987143074328,0.9967987143074328
2017-10-10,1.2539356605065024,1.979813715873903,0.214606267948875,-0.247752734251752,0.9137094199984211,0.9147913606998638,0.007352702906354,0.9958584443724412,0.9958584443724412
2017-10-11,1.2566735112936345,1.979814812334797,0.119747274854375,-0.336798125421223,0.9178030440516042,0.9336792716969362,0.0054513619827924,1.0020819684813187,1.0020819684813187
2017-10-12,1.2594113620807663,2.212951443008081,0.131650422833298,-0.320165727584925,0.9383522830387032,0.966839635848468,0.0020442607435471,1.1197828066049116,1.1197828066049116
2017-10-13,1.2621492128678986,2.1291583298564545,0.06160827015841899,-0.332329893780352,0.9322688937107614,0.959267101870546,0.0027588842526747,1.1526122473370943,1.1526122473370943
2017-10-14,1.264887063655031,1.0975573602252953,0.10529673929526401,-0.284909556003792,0.9482228161826564,0.97856910368713,0.0011096314577619,1.1814441511175584,1.1814441511175584
2017-10-15,1.267624914442163,0.7533378005115008,0.132795641105385,-0.304135583102748,0.9410959380959492,0.9675496454118786,0.0019114576954671,1.1514720418157811,1.1514720418157811
2017-10-16,1.270362765229295,0.7453642464110829,0.153477303859914,-0.284345724006958,0.9398213216026904,0.9679509393473676,0.0019286701139506,1.156496822404895,1.156496822404895
2017-10-17,1.273100616016427,0.7614634204632924,0.176335590372858,-0.262473098259625,0.9234873198518716,0.9531769539356876,0.0035825567470798,1.132053682184722,1.132053682184722
2017-10-18,1.2758384668035592,0.39938585726807924,0.142313689860191,-0.280062712747306,0.906520258897899,0.9439418493442736,0.0052403014099598,1.1261690644442357,1.1261690644442357
2017-10-19,1.2785763175906912,0.3343721415769419,0.16123714051392998,-0.25799052389971,0.910041203500962,0.9540183423116282,0.0041364545866766,1.1437605916951608,1.1437605916951608
2017-10-20,1.2813141683778233,0.3697497712985833,0.128634178416657,-0.218186026444264,0.9261257863997442,0.971239815359344,0.0021246360233266,1.1921225956344106,1.1921225956344106
2017-10-21,1.2840520191649556,0.1175714077721124,0.156080075728313,-0.212055399300721,0.9244942109270124,0.966860093962254,0.0025022547551846,1.192125292381533,1.192125292381533
2017-10-22,1.2867898699520877,0.12246002750668912,0.16599748396353803,-0.148249779524857,0.9204169946975168,0.9620069778020666,0.0030235988870354,1.1849435008764164,1.1849435008764164
2017-10-23,1.2895277207392195,0.12481356861434599,0.19203692173417702,-0.123015262478927,0.9077447752407164,0.950607212892105,0.0045567426761263,1.1685559764262,1.1685559764262
2017-10-24,1.2922655715263518,0.30004748825267974,0.19420646100548802,-0.120912787141097,0.8485466835381845,0.8985270897247879,0.0153684087922131,1.0948750678919357,1.0948750678919357
2017-10-25,1.295003422313484,0.23936739242315958,0.114408800986114,-0.14926923262307598,0.8317427016229927,0.8982415550106242,0.0171216010409576,1.131392056926666,1.131392056926666
2017-10-26,1.297741273100616,0.22921675877351724,0.17640092159999,-0.005282384304177,0.835120309545398,0.915795891025924,0.0138835474226512,1.1545446881101942,1.1545446881101942
2017-10-27,1.3004791238877482,0.1292267139908618,0.16709485308430802,0.012657712376022,0.821108439092333,0.9103342663416416,0.0160404430540748,1.1300947698313006,1.1300947698313006
2017-10-28,1.3032169746748803,0.12769855180744438,0.196584155445909,0.068951050071637,0.8041025922918318,0.90440825431088,0.018726175178797,1.1220475902545497,1.1220475902545497
2017-10-29,1.3059548254620124,0.22422786568558553,0.197679018231042,0.104321450081965,0.8380219228713994,0.9406624036609628,0.0096113897564303,1.1860598032118848,1.1860598032118848
2017-10-30,1.3086926762491444,0.2048188850173656,0.151482166413583,0.058547520552421004,0.8577096750136475,0.9561470577592494,0.0062398494030441,1.1789466114349718,1.1789466114349718
2017-10-31,1.3114305270362765,0.26115548887752144,0.157928791554093,0.064935128219956,0.8929869524012293,0.9778541537042312,0.0023698945037641,1.2291965554969693,1.2291965554969693
2017-11-01,1.3141683778234086,0.28859760459097433,0.13467316899419,0.089380326440331,0.919740214300922,0.9889270768521156,0.0008887104389115,1.2709065507936526,1.2709065507936526
2017-11-02,1.3169062286105406,0.2740316383892542,0.119696777838502,0.06804884304961,0.9072189244612106,0.9683217579677108,0.0029391413669338,1.3123332279811564,1.3123332279811564
2017-11-03,1.319644079397673,0.22756240088263013,0.158356876891887,0.135582822385702,0.902974071398736,0.961597819157787,0.0037260072565293,1.326874709282297,1.326874709282297
2017-11-04,1.322381930184805,0.22773190349858194,0.104300060289754,0.115065184746607,0.9151748702739292,0.9708066026168692,0.0024763337201688,1.346896812819974,1.346896812819974
2017-11-05,1.325119780971937,0.23208497928302624,0.12153511221309798,0.180141568378013,0.9150848820760972,0.9669270481764272,0.0028083936041902,1.347024606281277,1.347024606281277
2017-11-06,1.3278576317590691,0.38681106908967977,0.09808082505473799,0.156551474483126,0.8760226478850237,0.9289291531878496,0.0088111754003395,1.2902066067483506,1.2902066067483506
2017-11-07,1.3305954825462012,0.36658755305182694,0.118336948213007,0.17692488613378202,0.8590554676332185,0.9203094505818618,0.0112319472217913,1.303861426508817,1.303861426508817
2017-11-08,1.3333333333333333,0.3796533611809031,0.120546715229794,0.21645510693723,0.861001223511673,0.9313952362130884,0.0095359782276513,1.3434707593017912,1.3434707593017912
2017-11-09,1.336071184120465,0.4753780825898124,0.1232716812727,0.151564407246143,0.8292353415495874,0.90628295288111,0.0160035595422384,1.2966688794090455,1.2966688794090455
2017-11-10,1.3388090349075976,0.6980652023104768,0.15382963847453798,0.16804885573877998,0.7501837809889804,0.8443954700819017,0.0388725353251263,1.2168968337424797,1.2168968337424797
2017-11-11,1.3415468856947297,0.39404172277766064,0.136382796993959,0.17024047760126002,0.6635106609919278,0.7889907227080354,0.0710023722405441,1.173431955267226,1.173431955267226
2017-11-12,1.3442847364818618,0.5080345190959407,0.139650134590096,0.090870051935181,0.5556717434986289,0.7230270495712463,0.1230669081620488,1.1039953428764822,1.1039953428764822
2017-11-13,1.3470225872689938,0.736418884521114,0.150392263503511,0.10156050234595201,0.5388465969490936,0.747261126331603,0.1165513916754343,1.1981651148969732,1.1981651148969732
2017-11-14,1.349760438056126,0.7112218292154918,0.07949355701745099,0.031002877131593,0.5342431334957566,0.7665378726371398,0.1087365888879403,1.206371105737427,1.206371105737427
2017-11-15,1.352498288843258,0.928017765961308,0.056818051697329,0.040671866871109,0.599641572093899,0.8393511861227881,0.0643171065688603,1.3003963081014245,1.3003963081014245
2017-11-16,1.3552361396303902,1.0050388753897013,0.047064119313322,0.030969769053564997,0.6899603992428045,0.9106864520637132,0.0276907367443749,1.3700525248404798,1.3700525248404798
2017-11-17,1.3579739904175223,1.0255010611111572,0.032134002763122,0.014970810956862,0.7377388484142402,0.9277672966604318,0.0189438319599877,1.3455913157757546,1.3455913157757546
2017-11-18,1.3607118412046544,1.022885620845454,0.041814842187191004,0.027837487364326,0.7817357363128804,0.9438789511280302,0.0122492194093893,1.3524780793446125,1.3524780793446125
2017-11-19,1.3634496919917864,0.9909841695597205,-0.0042682270475329995,0.063393571421486,0.8299697808651516,0.9659192226567762,0.0057947620399543,1.379980631336478,1.379980631336478
2017-11-20,1.3661875427789183,0.9925117144547274,0.040555485078869996,0.108520698349869,0.8603918205576084,0.9709435379242984,0.0040565197714255,1.396544507211381,1.396544507211381
2017-11-21,1.3689253935660506,1.0043974084618863,0.026680897347104,0.094552192575856,0.8707855028706577,0.961053021720786,0.005032514213056,1.3770181172629012,1.3770181172629012
2017-11-22,1.3716632443531829,0.9942219491310061,-0.076644794761656,-0.025679206732347998,0.8946861145513648,0.972129758740287,0.0029351233954512,1.3956987139477413,1.3956987139477413
2017-11-23,1.374401095140315,0.8595856121092207,-0.078756691249459,-0.067128104812029,0.8936357498437517,0.9584205043670128,0.0044225718748776,1.3657269671099836,1.3657269671099836
2017-11-24,1.377138945927447,0.8451248848645254,-0.101376262674575,-0.078082762244016,0.9096783552018832,0.9682571247251548,0.0028670687054454,1.388470956824552,1.388470956824552
2017-11-25,1.379876796714579,0.9057361404684598,-0.195539421011129,-0.09186077602235099,0.9322587664014124,0.9841285623625774,0.001075150764542,1.4477949770792229,1.4477949770792229
2017-11-26,1.3826146475017111,0.9245243682789245,-0.227559636997709,-0.071711245505388,0.9371821036224244,0.9774375455664568,0.00141732592463,1.5035458617702917,1.5035458617702917
2017-11-27,1.3853524982888432,0.9419644874002796,-0.212810438477999,-0.056726830521856994,0.9528865777168184,0.9887187727832284,0.0005314972217362,1.550606474543434,1.550606474543434
2017-11-28,1.3880903490759753,0.8789194240053897,-0.17488369834987302,-0.018195244395806002,0.9610343230020894,0.9896999878407574,0.0004013469468715,1.5708709708977366,1.5708709708977366
2017-11-29,1.3908281998631074,0.897033688160603,-0.130172055809798,0.017186215331018998,0.9028912820317684,0.8998300548309102,0.0097273749543183,1.5499106214881966,1.5499106214881966
2017-11-30,1.3935660506502396,0.8688036646146154,-0.16287687634280598,-0.057723238686433,0.8736624104215776,0.8750209839157783,0.0157895476399634,1.5802593403849912,1.5802593403849912
2017-12-01,1.3963039014373717,0.9220558529597802,-0.202488733930055,-0.026838432195896,0.8826657183572918,0.905903055763944,0.0110407973567116,1.646208687230244,1.646208687230244
2017-12-02,1.3990417522245038,0.9010683528325554,-0.189038005003218,-0.040737270410675,0.8935443060512506,0.9271195285118372,0.0077585411675844,1.6511321765922131,1.6511321765922131
2017-12-03,1.4017796030116358,0.9021506221142753,-0.214872641991593,0.017252929242508,0.8978991889140002,0.9335162729886888,0.006788042451875,1.669247380099046,1.669247380099046
2017-12-04,1.404517453798768,0.9052729925186686,-0.184326938592617,0.048523246495837,0.9140904163518472,0.9554532560268436,0.0038269922276147,1.694194132235232,1.694194132235232
2017-12-05,1.4072553045859,0.9027692961341959,-0.164314845994559,0.06901007164013201,0.9302271288923564,0.971381279432807,0.0019968103014004,1.7120594991957478,1.7120594991957478
2017-12-06,1.4099931553730325,1.3959222855989497,-0.11718756292719999,0.15182751759886298,0.944973113487006,0.9822938461643522,0.0009743145176958,1.8893502333916492,1.8893502333916492
2017-12-07,1.4127310061601643,2.1683856673475623,-0.11695296254579299,0.157011868066574,0.9587298351152544,0.991146923082176,0.0003653679441359,2.1096853158323423,2.1096853158323423
2017-12-08,1.4154688569472964,2.3614956986171123,-0.102245303322507,0.109819584692485,0.9280922230023444,0.9376768741835156,0.0044815174330085,2.0278062744285137,2.0278062744285137
2017-12-09,1.4182067077344285,2.498860889181809,-0.057179256836885003,0.132729403392366,0.8715989837490247,0.8657928902948454,0.0172323292742479,1.9356035000007328,1.9356035000007328
2017-12-10,1.4209445585215603,2.3193000755097217,-0.051912052859199,0.117444671474857,0.8352901001063452,0.8388469439354017,0.0265435037319565,1.9491755348973268,1.9491755348973268
2017-12-11,1.4236824093086926,2.297379097665057,-0.05509022634059001,0.11421239261633,0.8430278381055757,0.8734502191454571,0.0198647926880032,2.036042188066805,2.036042188066805
2017-12-12,1.426420260095825,2.1183252100237673,-0.030723690793788002,0.13899374522802999,0.859749805753859,0.9062839666683548,0.013143691878741,2.0592084609716146,2.0592084609716146
2017-12-13,1.429158110882957,2.1987543203855515,-0.112180927352965,0.066803443905985,0.8481087111899146,0.8900138950070958,0.0167059312385735,1.995037519602052,1.995037519602052
2017-12-14,1.431895961670089,2.200260622200521,-0.036236167606321,0.127830174020613,0.8431186160033883,0.8869350999511405,0.0177377780011036,1.999883803692029,1.999883803692029
2017-12-15,1.434633812457221,2.1425597022247027,0.012792106353809,0.177700658075572,0.8664345124727467,0.9224865277072573,0.0103531247167104,2.0619046342983385,2.0619046342983385
2017-12-16,1.4373716632443532,2.1881272207905997,0.0,0.26220928197169,0.8948149933057489,0.9547048680954188,0.0047643687526003,2.1533850985664724,2.1533850985664724
2017-12-17,1.4401095140314852,2.1837887082280303,0.028827315023438,0.28468174991725903,0.8993374882857645,0.9496958535369516,0.0050637417326112,2.130117480307611,2.130117480307611
2017-12-18,1.4428473648186173,2.1946416555163615,0.004270049601653,0.25949798200723,0.9021185006020072,0.9464154457502664,0.005244936514537,2.123928528728573,2.123928528728573
2017-12-19,1.4455852156057496,2.372070151259793,-0.020286401236082,0.234315049462836,0.8734908833654026,0.905763739103417,0.0119217461209741,2.046710327408075,2.046710327408075
2017-12-20,1.4483230663928817,2.51463194639823,-0.077593892721695,0.162203119297783,0.8255641935870801,0.8518340449699386,0.0258454478486091,1.975143858083765,1.975143858083765
2017-12-21,1.4510609171800135,2.5792601327226174,-0.07131433642455899,0.149058324730793,0.7660858965781113,0.8009023034472591,0.0465717591824976,1.9199803308055612,1.9199803308055612
2017-12-22,1.4537987679671458,2.9484705720325244,0.013945210439353999,0.089710534065057,0.6550293569921481,0.717944398341441,0.0973009022681196,1.7825014864648754,1.7825014864648754
2017-12-23,1.456536618754278,2.944663544097595,0.013945210439353999,0.133521025929916,0.5952386427390309,0.7017653282014368,0.1207138705394661,1.8389801461990167,1.8389801461990167
2017-12-24,1.45927446954141,3.0238087355285783,0.06360460589728201,0.16109673269756297,0.5253658308621876,0.6711176537157857,0.1560987991727023,1.7806788126240178,1.7806788126240178
2017-12-25,1.462012320328542,2.992561166539764,0.06360460589728201,0.16109673269756297,0.4653906420781563,0.6587338926285633,0.1824440545423307,1.7836356191933138,1.7836356191933138
2017-12-26,1.4647501711156743,3.1820093089592243,0.05390254295873,0.151300680101498,0.4782459795203269,0.7130120346105632,0.1497371247712199,1.9170218787874216,1.9170218787874216
2017-12-27,1.4674880219028064,3.18154734029059,0.013993245563268,0.10646341065171301,0.4799750611906327,0.7325296491155389,0.1390912528520118,1.8962270860243715,1.8962270860243715
2017-12-28,1.4702258726899384,3.3100565123505863,-0.07077028168466801,0.08824463999506499,0.4439656708929745,0.7063541226167592,0.1632771884258341,1.810953343476724,1.810953343476724
2017-12-29,1.4729637234770705,3.2986672926197675,-0.12223883374816699,-0.042157537632970005,0.4184636001692615,0.6947159887552448,0.1775337648251616,1.8100555620073937,1.8100555620073937
2017-12-30,1.4757015742642026,3.540629993750699,-0.095688567810682,-0.015174440321572,0.3477382099171746,0.6391955381295525,0.2353389641694885,1.682364656271906,1.682364656271906
2017-12-31,1.4784394250513346,3.577158770068969,-0.083961115875716,-0.005424262054518,0.3311585626772523,0.6465587963570482,0.2363961226536338,1.767040266740343,1.767040266740343
2018-01-01,1.4811772758384667,3.602805698914941,-0.083961115875716,-0.005424262054518,0.3036075422632838,0.6356800144098728,0.2537096901677137,1.7269783286928622,1.7269783286928622
2018-01-02,1.483915126625599,3.6952835615874378,-0.113025084446883,-0.034718422608371,0.3230635663805721,0.6688845988679253,0.2241440787588129,1.8152676564458723,1.8152676564458723
2018-01-03,1.486652977412731,3.6903859406182606,-0.1105267466802,-0.052886978488894995,0.3442841088939562,0.6918716635766606,0.2020446466928528,1.825457486872404,1.825457486872404
2018-01-04,1.4893908281998631,3.691915075219113,-0.16384652219947002,-0.120469262329386,0.3722574189800753,0.7149796916438362,0.178919384010593,1.846967591297512,1.846967591297512
2018-01-05,1.4921286789869952,3.4260897466792435,-0.177331871732281,-0.151028668904381,0.4486607241187774,0.7775931187537454,0.122621648857311,1.953397637126184,1.953397637126184
2018-01-06,1.4948665297741273,2.6923760725473564,-0.197228789267179,-0.12246207267111099,0.508915601228618,0.8118289283377079,0.0924078775934433,1.9544605453232224,1.9544605453232224
2018-01-07,1.497604380561259,2.6580275006052467,-0.20766821575602198,-0.12140146761744601,0.5357262209989044,0.7967128389043913,0.0943808985042627,1.888308645571916,1.888308645571916
2018-01-08,1.5003422313483916,2.644230030998511,-0.167199112812744,-0.08057584714719801,0.5153818040788535,0.7496185728914354,0.1213393954975146,1.801358675909464,1.801358675909464
2018-01-09,1.5030800821355237,2.6612526476658376,-0.145900183633591,-0.059089282438572,0.4997179559041467,0.7086936689547018,0.1457353267534051,1.7585319303530529,1.7585319303530529
2018-01-10,1.5058179329226558,2.5285630399536063,-0.164056766854994,-0.131465985424891,0.5083182317020344,0.6996581499592728,0.1476726119219071,1.779854604543436,1.779854604543436
2018-01-11,1.5085557837097878,2.68622719301074,-0.23910733650211302,-0.183819731357578,0.4481162335696727,0.6477422819476414,0.1944053161928879,1.6652137059444776,1.6652137059444776
2018-01-12,1.51129363449692,2.680476110263751,-0.26329862746841604,-0.266423912707186,0.4121039852423138,0.6387054782964688,0.2124036094632903,1.7030786997776648,1.7030786997776648
2018-01-13,1.514031485284052,2.693350937388649,-0.269547192282371,-0.31822029511531097,0.4027924534842501,0.6449292558354908,0.212050927962008,1.725715713024842,1.725715713024842
2018-01-14,1.516769336071184,2.6268182836894316,-0.315128188529298,-0.301705942322103,0.3683858653665295,0.6299602600744523,0.2337223301130693,1.6798121391495506,1.6798121391495506
2018-01-15,1.5195071868583163,2.442942705492621,-0.315128188529298,-0.301705942322103,0.3448094361911964,0.6217141609771291,0.2478493121502811,1.6791979239118913,1.6791979239118913
2018-01-16,1.5222450376454484,2.9087023231761284,-0.37687649356179903,-0.36353982421810305,0.3016931965107069,0.5455397353259628,0.317352694737425,1.4908312971259257,1.4908312971259257
2018-01-17,1.5249828884325805,2.9060561882050506,-0.33724611906448204,-0.34136942833012,0.2800089421953723,0.495493816809502,0.3632399405043019,1.4604690664042508,1.4604690664042508
2018-01-18,1.5277207392197123,2.8837742665385497,-0.317749136826296,-0.299067519364014,0.2723587773134608,0.4793900461829296,0.3788172633382358,1.4819659649914705,1.4819659649914705
2018-01-19,1.5304585900068446,2.8486681663024145,-0.29780383767949997,-0.257099764757596,0.2706072619705253,0.4734492612958809,0.3840622850148399,1.489665601548019,1.489665601548019
2018-01-20,1.5331964407939769,3.023724870442817,-0.290523061742806,-0.273840525831752,0.3081559194052027,0.5109845273349701,0.3383224600825678,1.5912496430556526,1.5912496430556526
2018-01-21,1.5359342915811087,2.930989685763515,-0.29780383767949997,-0.27070541864880104,0.2972354830308626,0.488963945320728,0.3591380061204922,1.4813310144640397,1.4813310144640397
2018-01-22,1.538672142368241,2.8993955064679495,-0.31601467557174,-0.288967119758796,0.2689281178751452,0.4569583227568769,0.3970025010543678,1.418288259532357,1.418288259532357
2018-01-23,1.541409993155373,2.8684191229377203,-0.346009189109358,-0.319045408545117,0.2458023123172975,0.4389774833107394,0.4231218848249707,1.4088551544766048,1.4088551544766048
2018-01-24,1.5441478439425051,2.906344500444372,-0.443492175395818,-0.436320727710766,0.243229121804629,0.4454031243595444,0.4197027646228364,1.4493258959151871,1.4493258959151871
2018-01-25,1.5468856947296372,2.5619350799113545,-0.414969189141654,-0.438549424302635,0.2382908452835255,0.4427251443956551,0.4244813592071309,1.4367883471168046,1.4367883471168046
2018-01-26,1.5496235455167693,2.561843540852192,-0.42566904616083,-0.45951166318348,0.2319397602924877,0.4385864504154913,0.4311994254689231,1.4252651465394592,1.4252651465394592
2018-01-27,1.5523613963039014,2.4969380522384172,-0.381209377695983,-0.450305253501305,0.2362739160883296,0.4435774385370789,0.4249544238661774,1.4453780443393285,1.4453780443393285
2018-01-28,1.5550992470910336,2.518253659924345,-0.331090204170775,-0.49412992574327297,0.2607305193005569,0.4543866614153534,0.403355289478161,1.4713917401272916,1.4713917401272916
2018-01-29,1.5578370978781657,2.305484291536818,-0.305037462462793,-0.46851649227623604,0.2732363679569354,0.4405535892724173,0.4065853053938341,1.4252630803075004,1.4252630803075004
2018-01-30,1.5605749486652978,2.32854214503979,-0.318063419215921,-0.48132280189157,0.2362638975976409,0.3948396395360132,0.4621828150291719,1.3104410761078658,1.3104410761078658
2018-01-31,1.5633127994524298,2.3255075868885684,-0.324577225794211,-0.5120294936109291,0.2136444711649012,0.374242365434313,0.4920679756515013,1.3182280153781143,1.3182280153781143
2018-02-01,1.566050650239562,2.2899810357337333,-0.346216696570959,-0.563005637193704,0.1755508795817947,0.3216511890197593,0.5592640805493948,1.2064349838373172,1.2064349838373172
2018-02-02,1.568788501026694,2.279727619974298,-0.32118127129417096,-0.481272242054451,0.1693383124598907,0.2839819213852652,0.5947687854913422,1.165407640292479,1.165407640292479
2018-02-03,1.571526351813826,2.301322812986671,-0.288514052248519,-0.571821543939135,0.1783200551876984,0.2766672464803173,0.594348016992983,1.2003159451482066,1.2003159451482066
2018-02-04,1.5742642026009583,2.1089419565942062,-0.29907559448293997,-0.602612866734603,0.1518073757829663,0.2429547866684045,0.64212016614667,1.0941649890720502,1.0941649890720502
2018-02-05,1.5770020533880904,2.4630966529510965,-0.261010764125998,-0.565739066664289,0.1208615327383486,0.1818564000477931,0.7192615104619128,0.9172958287784584,0.9172958287784584
2018-02-06,1.5797399041752225,2.7489945642636653,-0.256661303825816,-0.561525698890974,0.1510927492054253,0.1780428308064676,0.6977654007709727,1.022955871975885,1.022955871975885
2018-02-07,1.5824777549623543,2.695024293857352,-0.224195781844764,-0.44766597768767097,0.1690636427207405,0.1646936549649322,0.6940864115556914,1.002676615905029,1.002676615905029
2018-02-08,1.5852156057494866,2.854164480489873,-0.24856754054965902,-0.456901063499637,0.2053736258530878,0.1799469402738147,0.6516357894582998,1.0806940276515211,1.0806940276515211
2018-02-09,1.587953456536619,2.9084684449011866,-0.204700460540091,-0.461927575143945,0.2493108609797043,0.2036169690431276,0.597836091839388,1.1329411141896184,1.1329411141896184
2018-02-10,1.5906913073237507,2.7706790389528706,-0.153510730118534,-0.448833022538982,0.2809439990396346,0.2115353291084731,0.5669502531497919,1.11649140047364,1.11649140047364
2018-02-11,1.593429158110883,2.745201126676392,-0.058260830184122994,-0.47398355638101497,0.2975611592906715,0.1987520765744919,0.5628276624517707,1.0546481016627034,1.0546481016627034
2018-02-12,1.596167008898015,2.9053316839184036,-0.08354425920987099,-0.49820973618078196,0.3432597927775569,0.2194720691392161,0.5126040750564158,1.144890174413943,1.144890174413943
2018-02-13,1.5989048596851472,2.9021435111549043,-0.13960693145202502,-0.5519280975791,0.3638380674281236,0.2186599852953168,0.4970587737502695,1.1042535423728204,1.1042535423728204
2018-02-14,1.6016427104722792,3.0905998326264994,-0.20336357582680298,-0.59121604750329,0.4166680652739479,0.2457617971044594,0.4399712301393562,1.2000979671771643,1.2000979671771643
2018-02-15,1.6043805612594113,2.703779485243257,-0.199137411650868,-0.665894750854578,0.4843181846118306,0.2823659273765938,0.3700708413548435,1.2650445988056092,1.2650445988056092
2018-02-16,1.6071184120465434,2.6968983990783855,-0.15904599368733702,-0.6082011284298,0.5378720103035842,0.3029843976342219,0.3221104191083333,1.268242681034975,1.268242681034975
2018-02-17,1.6098562628336757,2.797849921168469,-0.154696301202088,-0.56543877903839,0.6147026804948961,0.3434515048875535,0.2529663752919354,1.347085985821867,1.347085985821867
2018-02-18,1.6125941136208075,2.8334581440671323,-0.162305534465749,-0.560440825271102,0.6542343811362684,0.3444365764767479,0.2266712928389438,1.2918393999987003,1.2918393999987003
2018-02-19,1.6153319644079398,2.7130810985172547,-0.162305534465749,-0.560440825271102,0.7348048502805247,0.3680416878175871,0.1675922792156819,1.3501701354330216,1.3501701354330216
2018-02-20,1.618069815195072,2.544618139855445,-0.093849892567645,-0.494755609613603,0.7776359027839567,0.3859664298366324,0.1365390204897212,1.3623768838851724,1.3623768838851724
2018-02-21,1.620807665982204,2.555175065663256,-0.035398195732621,-0.466715645297498,0.7795869920308648,0.3704504109085761,0.1387609185973738,1.2943287212632253,1.2943287212632253
2018-02-22,1.623545516769336,2.622988036611482,-0.041056672803538,-0.43482913262656697,0.7520582391243419,0.3391714388495307,0.1638469970885748,1.2247179013547171,1.2247179013547171
2018-02-23,1.626283367556468,2.603585397010447,0.075103483445941,-0.41893192702847104,0.7439365295109507,0.3336932365481334,0.170616822259811,1.2504952642957168,1.2504952642957168
2018-02-24,1.6290212183436004,2.635542520337068,0.054815736336863,-0.431172472969176,0.7172018691334456,0.3142063789122042,0.1939411542038346,1.1986511480867073,1.1986511480867073
2018-02-25,1.6317590691307324,2.6371772014515957,0.09093943655203701,-0.40358811241650905,0.6908761778198902,0.2993723549269202,0.2165806955700397,1.180139311702156,1.180139311702156
2018-02-26,1.6344969199178645,2.713071661326815,0.08420343578867,-0.40999400140304004,0.7008248532221703,0.3160449173015396,0.2046223622557545,1.2468739768212398,1.2468739768212398
2018-02-27,1.6372347707049966,2.717852718086902,0.14483001234391,-0.352338556772109,0.7103403614526427,0.3366975902052881,0.1921319362687273,1.2774817371830114,1.2774817371830114
2018-02-28,1.6399726214921286,2.705545273824556,0.145560753252167,-0.368835156586668,0.6924561741968526,0.3357782355661396,0.2042773026157064,1.2430783663781266,1.2430783663781266
2018-03-01,1.6427104722792607,2.548245663626776,0.12669550650145,-0.386375451977691,0.7075139564941272,0.3542993399930785,0.1888584313345552,1.2914584035069705,1.2914584035069705
2018-03-02,1.6454483230663928,2.548543941480534,0.090879076960503,-0.35185568937414,0.7265000679490305,0.3682064426999569,0.172795494991802,1.3002871568707928,1.3002871568707928
2018-03-03,1.648186173853525,2.3467965718120127,0.14322818300291,-0.35185568937414,0.7657744019043823,0.3890000789882507,0.1431118219353521,1.3325110331382426,1.3325110331382426
2018-03-04,1.6509240246406571,2.310915048012391,0.08296025991945301,-0.304010309387734,0.7951264371410639,0.3934619553862846,0.1242636102095042,1.3309970504730018,1.3309970504730018
2018-03-05,1.6536618754277892,2.295456423852345,0.098655259295927,-0.288917663158294,0.8188547967337192,0.3934812895298328,0.1098679550929209,1.332748625864875,1.332748625864875
2018-03-06,1.6563997262149213,2.187807962185921,0.047085853442747,-0.338507903981819,0.7764105996941106,0.3652374813282709,0.1419261708864678,1.2583376063491016,1.2583376063491016
2018-03-07,1.659137577002053,1.692539867206369,0.010049841968025,-0.35091518651077,0.637907641894206,0.3221167472323544,0.2454563455150627,1.1765214099665116,1.1765214099665116
2018-03-08,1.6618754277891854,1.5846341091134937,0.059159105966751994,-0.336693042861145,0.4840681689432987,0.2802383436225441,0.371347949299225,1.1143895434492403,1.1143895434492403
2018-03-09,1.6646132785763177,1.5761535343948936,-0.018835120132533002,-0.33991054318326497,0.4228774781693262,0.2572529547940791,0.4286560478115224,1.1050950670334778,1.1050950670334778
2018-03-10,1.6673511293634498,1.5195923898670225,-0.015516681129792,-0.313945353324792,0.3427692556239713,0.2289680615065623,0.5067458948737343,1.0501988742605717,1.0501988742605717
2018-03-11,1.6700889801505818,1.5780954763437522,-0.038700364226811,-0.302476333889564,0.3343958339113904,0.2402028339736532,0.5057241590894554,1.1243221776973922,1.1243221776973922
2018-03-12,1.672826830937714,1.610186294989094,-0.059708193382367006,-0.32292787413617996,0.3010142549692273,0.2325192916453781,0.5364580747260006,1.081425376579359,1.081425376579359
2018-03-13,1.675564681724846,1.5305069400808669,-0.086244887023548,-0.34876187411762005,0.279176902546659,0.228311780938985,0.5562506923318131,1.0771938994615624,1.0771938994615624
2018-03-14,1.678302532511978,1.5895196470133024,-0.05653498962492,-0.374504281761169,0.2232197822634924,0.1932667410231062,0.626654436563354,0.9682118645104544,0.9682118645104544
2018-03-15,1.68104038329911,1.5637233971480091,0.049052670721954,-0.346969153894564,0.2004296269111977,0.1768499598200929,0.6581663847347109,0.9690089151833076,0.9690089151833076
2018-03-16,1.6837782340862424,1.340561946322684,0.12455123161384,-0.361072239224428,0.1857272668129803,0.1699765863610841,0.6758654336329801,0.970562665004186,0.970562665004186
2018-03-17,1.6865160848733745,1.2614858880580009,0.185123274278939,-0.38059697000802,0.1478282464774969,0.1515310852981784,0.7230412428507864,0.9158252126228436,0.9158252126228436
2018-03-18,1.6892539356605063,1.3044008463488368,0.12682434367725598,-0.390841119202096,0.1588082773248578,0.1532336777175334,0.7122928213440828,0.9509241927872178,0.9509241927872178
2018-03-19,1.6919917864476386,1.1900498445663534,0.089787100500362,-0.425985083599556,0.190670818231278,0.1685774684941512,0.672894517127708,0.996237063501452,0.996237063501452
2018-03-20,1.6947296372347709,1.1792581882204163,0.142536957823835,-0.375931706276276,0.2309873797597966,0.1863207465594607,0.6257296147234017,1.0254481829000408,1.0254481829000408
2018-03-21,1.6974674880219027,1.0692949538202847,0.076318778543333,-0.435709369086397,0.262142714589869,0.1957554095713033,0.5934177302995008,1.0241902739737032,1.0241902739737032
2018-03-22,1.700205338809035,1.0603687866856593,0.015604033408788999,-0.450584264880258,0.2738507480919277,0.1933217453489733,0.5857688111453525,0.9984536937563996,0.9984536937563996
2018-03-23,1.702943189596167,0.9955494165066583,-0.071047888170422,-0.42705746020943597,0.2914071187486233,0.1974874781204968,0.5686546601189056,1.0126108749071747,1.0126108749071747
2018-03-24,1.7056810403832992,0.9114576050417214,-0.034540117949164,-0.433200932175096,0.2922953310241948,0.1920386903174646,0.5717979912141367,0.9855337473793072,0.9855337473793072
2018-03-25,1.7084188911704312,0.8858972263572552,-0.048953585386873,-0.47801531450885304,0.2829559475970428,0.1831771611626351,0.5856979584552316,0.962516237556807,0.962516237556807
2018-03-26,1.7111567419575633,0.8599974865940777,-0.094570371617225,-0.52166523048642,0.261667748211828,0.1685482204907941,0.6138876646183147,0.9253476742615484,0.9253476742615484
2018-03-27,1.7138945927446954,0.9001512254165028,-0.056741713664942996,-0.485467640133977,0.2270485317911475,0.1478313103518395,0.6586850398251596,0.8756147495068554,0.8756147495068554
2018-03-28,1.7166324435318274,0.7548124615361731,0.026719869136602,-0.388473800234925,0.2208872290640471,0.1417974115158341,0.6686365967383058,0.8881773756066451,0.8881773756066451
2018-03-29,1.7193702943189595,0.9285811732814324,-0.023240270368988,-0.355194142662411,0.1730460911186793,0.1106914948500386,0.7354171445351647,0.7810868060667016,0.7810868060667016
2018-03-30,1.7221081451060918,0.9374293427414458,-0.050766922124939995,-0.34279560798592795,0.1456586585623233,0.0853391893606588,0.7814325439220874,0.7393295709972048,0.7393295709972048
2018-03-31,1.7248459958932238,0.8427889340348593,-0.018821763675787,-0.33554859502342205,0.1314964446928381,0.0756190689988548,0.8028281250326388,0.7486930815098507,0.7486930815098507
2018-04-01,1.727583846680356,0.8227620938496323,0.023348796839255004,-0.34279560798592795,0.1218848886916622,0.0661545576804357,0.8200237945272281,0.7273984552054209,0.7273984552054209
2018-04-02,1.730321697467488,0.8191945860441868,0.01223044333618,-0.353507817493764,0.1387151647169143,0.0699535411232867,0.8010349111392471,0.7591769750716146,0.7591769750716146
2018-04-03,1.73305954825462,0.9256951441196257,0.028907549452794,-0.337439911876608,0.1861543023402747,0.0851112390496189,0.7445782819367045,0.807702451883376,0.807702451883376
2018-04-04,1.735797399041752,1.0305643589385576,0.006660474841717,-0.34386707412347106,0.1704561084343703,0.0712428562615433,0.7704448153361783,0.7209099121402058,0.7209099121402058
2018-04-05,1.7385352498288844,0.9591430824595317,0.093728666831875,-0.300236219989326,0.1546860822365728,0.062799854498572,0.792228326722266,0.7121546757880672,0.7121546757880672
2018-04-06,1.7412731006160165,0.8577481559497605,0.052432086557712004,-0.313877051194279,0.1263380579075041,0.0523411329399249,0.8279334862368795,0.6835932220158334,0.6835932220158334
2018-04-07,1.7440109514031483,0.8716553105369118,-0.001109868611367,-0.268898261857467,0.1309938496523315,0.0568965133830957,0.8195627302844198,0.7215958994103389,0.7215958994103389
2018-04-08,1.7467488021902806,0.8887004467495422,0.002220476553902,-0.21819388583388302,0.1450903129460728,0.0650495953332,0.7992981578646366,0.7351463511962812,0.7351463511962812
2018-04-09,1.749486652977413,0.8613287758994794,-0.02775002887805,-0.247503944931875,0.1318190423195574,0.0600379534571934,0.8160571497508026,0.695962892341166,0.695962892341166
2018-04-10,1.7522245037645447,0.6667948827942617,-0.055500057756102006,-0.274642459103193,0.1279049956085136,0.0631028957230785,0.8170632842687527,0.7028377888675728,0.7028377888675728
2018-04-11,1.754962354551677,0.6669720766227599,-0.036707655779036,-0.276813175828138,0.1388072603115745,0.0709911326258743,0.8000556916887644,0.7196286771208751,0.7196286771208751
2018-04-12,1.757700205338809,1.1087958093550205,0.010037512180991,-0.228633479478257,0.2420367013216008,0.1144122346540734,0.6712430238908306,0.8410138707520076,0.8410138707520076
2018-04-13,1.7604380561259412,0.8462663599743927,0.011148952833670001,-0.256076444940708,0.3201381178151266,0.1364104177001086,0.5871216388576528,0.8391256585471805,0.8391256585471805
2018-04-14,1.7631759069130732,0.8498256013638117,-0.037718697602927,-0.223189488995023,0.409393095684636,0.1512795017215019,0.501260186117257,0.8477439220799727,0.8477439220799727
2018-04-15,1.7659137577002053,0.8961829100925619,-0.047656022296128,-0.23382207371845798,0.5319638603962962,0.1734116596222462,0.3868732158718362,0.8869722577254393,0.8869722577254393
2018-04-16,1.7686516084873374,0.8546398264397393,-0.088662642357791,-0.27406163422549,0.6066148446730107,0.1728849243918694,0.3253747924913989,0.8512095031986746,0.8512095031986746
2018-04-17,1.7713894592744694,0.8258576074332497,-0.078688539006092,-0.264274103950609,0.6413779903091836,0.1659095287259646,0.2991232010722547,0.828867296843578,0.828867296843578
2018-04-18,1.7741273100616015,0.7909143383106737,-0.03114558115066,-0.293512296190722,0.7028747481335386,0.1736241168790405,0.2455371424086845,0.8586387468876637,0.8586387468876637
2018-04-19,1.7768651608487338,0.7681042516822312,-0.047582194545418996,-0.27990882654913796,0.7667399625522257,0.1830921821493413,0.1905519481832242,0.8717619073735321,0.8717619073735321
2018-04-20,1.779603011635866,0.8811873210019764,0.060147128856038,-0.21769761684921798,0.8214005814377852,0.2114679268292872,0.1408313697859471,0.9332646282718606,0.9332646282718606
2018-04-21,1.782340862422998,0.8684228301172645,0.051190638921458004,-0.16657580889649698,0.8557304633669088,0.227788403773382,0.1114066091703138,0.9359957637866092,0.9359957637866092
2018-04-22,1.78507871321013,0.8639076400285892,0.09838967233866701,-0.071452293850357,0.8712777336685309,0.2319569158001945,0.0988642464384103,0.9226155784142538,0.9226155784142538
2018-04-23,1.787816563997262,0.8535737335987135,0.167710192202048,-0.00329765624869,0.8961684080675133,0.2395460746608691,0.0789591416592703,0.934225823848676,0.934225823848676
2018-04-24,1.790554414784394,1.0011847299664338,0.148702388792023,-0.021985772777058,0.9193464862143206,0.276202917237468,0.0583767779926224,1.0135889741512738,1.0135889741512738
2018-04-25,1.7932922655715264,1.1855244656766373,0.240368349880972,0.021984934105583002,0.8685722314365739,0.2580194430930509,0.0975168489117285,0.9188072620199126,0.9188072620199126
2018-04-26,1.7960301163586585,1.1699902703121192,0.245048086014016,0.129438895546591,0.8648547503995674,0.2676075876023455,0.0989793553789439,0.9639798186332325,0.9639798186332325
2018-04-27,1.7987679671457906,1.1995526312970968,0.16433526505157803,0.11044841947074699,0.837780980268071,0.2597792142605132,0.1200778902478577,0.9288768922477412,0.9288768922477412
2018-04-28,1.8015058179329224,0.9276899088587919,0.154187395021776,0.114917228235065,0.8461594976839106,0.2729874928852118,0.1118439692846185,0.9653895240850812,0.9653895240850812
2018-04-29,1.8042436687200547,0.8668486769179323,0.154187395021776,0.107099616205315,0.858167684441207,0.2971675213127531,0.0996843579021383,0.9699903901327858,0.9699903901327858
2018-04-30,1.8069815195071868,0.8884610846700742,0.187464756894826,0.1402226617363,0.852131006400582,0.3175015762628314,0.1009203550512042,0.9479645935257164,0.9479645935257164
2018-05-01,1.809719370294319,0.8812975893810994,0.255129826226685,0.20757394940406698,0.8358189997340466,0.3299082650853293,0.1100163313082387,0.9318589364099772,0.9318589364099772
2018-05-02,1.8124572210814511,0.8652341085164459,0.273181454869995,0.233407143223061,0.833530358205628,0.3426279482978607,0.1094324899724864,0.9417185266485416,0.9417185266485416
2018-05-03,1.8151950718685832,0.8704374441947965,0.245011839095217,0.254105730773979,0.8684705928708079,0.3858940163584789,0.0807729959428586,0.9923025240460496,0.9923025240460496
2018-05-04,1.8179329226557157,0.6362566237986629,0.269580687999742,0.376639462485588,0.8888588595604732,0.4050244732474926,0.0661262585768818,0.9849276029737944,0.9849276029737944
2018-05-05,1.8206707734428476,0.6274850007423041,0.233252336027687,0.355744527003993,0.9038787997533188,0.4275888952923345,0.0550208424190295,0.9980615085327944,0.9980615085327944
2018-05-06,1.8234086242299796,0.6169613263459687,0.27299956362335903,0.392949367013792,0.8907351991559155,0.4285400032335103,0.0624404627370516,0.9742931232716678,0.9742931232716678
2018-05-07,1.8261464750171117,0.6400612832196543,0.292975182750709,0.41315822586553896,0.8470537069331892,0.4275360896086609,0.0875562330088863,0.9417954232196876,0.9417954232196876
2018-05-08,1.828884325804244,0.6556325809193378,0.33403641281128704,0.454698895883478,0.7975246901297257,0.4396133942438557,0.1134644516476265,0.9240920617494144,0.9240920617494144
2018-05-09,1.831622176591376,0.5946230283906638,0.356189304104757,0.41764678747039996,0.760599940643101,0.4520562068847286,0.1311777765960403,0.9309693797877115,0.9309693797877115
2018-05-10,1.834360027378508,0.6412017831522789,0.341556570272354,0.387935753981587,0.6866445775637128,0.4383449687371143,0.1759976495848476,0.897535866882567,0.897535866882567
2018-05-11,1.83709787816564,0.7980931415218889,0.3315843732078,0.382587654795267,0.5224721392355903,0.3887910946391891,0.2918692810571045,0.8258949004549194,0.8258949004549194
2018-05-12,1.839835728952772,0.39052026915135024,0.310863611757921,0.436450076293946,0.4322604295900328,0.3737733810396944,0.3555336316278101,0.8306660161407855,0.8306660161407855
2018-05-13,1.842573579739904,0.4059576436356522,0.305122246175235,0.374439919456854,0.3960563833193913,0.4101562820629246,0.3562323482872542,0.853351917956596,0.853351917956596
2018-05-14,1.845311430527036,0.40434983419605636,0.310689664957444,0.380044787626558,0.3678765837363126,0.427751075127461,0.3617319453436515,0.8497938483372884,0.8497938483372884
2018-05-15,1.8480492813141685,0.37498749779164436,0.380846108320747,0.45067314013402104,0.3171021366552644,0.4193247753138772,0.3965418702353774,0.8231307610607175,0.8231307610607175
2018-05-16,1.8507871321013003,0.3488005472020184,0.442804324159604,0.42881029670889,0.2648443202626052,0.4033001385207555,0.4386672922649833,0.8036885977307353,0.8036885977307353
2018-05-17,1.8535249828884328,0.37236070705407337,0.44124270841811397,0.43308461227958606,0.2038939356472309,0.3723815768317016,0.4996508327838048,0.7677203936319099,0.7677203936319099
2018-05-18,1.8562628336755649,0.35130291616646736,0.44856020083303594,0.37447342936204303,0.1876182269991436,0.3699937959540089,0.5118055570444215,0.784248369813767,0.784248369813767
2018-05-19,1.8590006844626967,0.34346288134374475,0.41138501754574003,0.377922631702174,0.1749352334177081,0.3684836493621836,0.5210418904318908,0.7811537851363433,0.7811537851363433
2018-05-20,1.8617385352498288,0.24135622632225592,0.367581898366022,0.35382539383669304,0.1988542798204325,0.3927773610234372,0.4864738184122158,0.8102293577246531,0.8102293577246531
2018-05-21,1.864476386036961,0.24267945017595846,0.37201069770864004,0.358248316707936,0.2049499820743423,0.3969499415380821,0.4794549597902167,0.7964391950926473,0.7964391950926473
2018-05-22,1.8672142368240927,0.3015219283850966,0.36426051003583804,0.35050841257983,0.162125894116498,0.3671246313984505,0.5302698836027151,0.7480144339112353,0.7480144339112353
2018-05-23,1.8699520876112248,0.3950933621252674,0.33758517840400004,0.421239673021114,0.1266766004751846,0.3112694814599233,0.6014844778079086,0.6834558941573707,0.6834558941573707
2018-05-24,1.8726899383983573,0.14091505762655337,0.331607606868893,0.454849717933534,0.1193299623118963,0.2858392685572265,0.628939958275071,0.6848618008481733,0.6848618008481733
2018-05-25,1.8754277891854891,-0.12008744777716021,0.33124978974603003,0.568895818960086,0.1036428988437535,0.2640551815923824,0.6596693640388123,0.6681646992105446,0.6681646992105446
2018-05-26,1.8781656399726212,-0.2357273452623988,0.28724387865229,0.632126237160757,0.0801027903386277,0.2426508535852526,0.6966833665263481,0.648973970895014,0.648973970895014
2018-05-27,1.8809034907597533,-0.2584690181400865,0.28949109672003304,0.571268692980226,0.0702299878956849,0.2329926684676455,0.7131404159229356,0.6482126486575321,0.6482126486575321
2018-05-28,1.8836413415468856,-0.32835088492448194,0.28949109672003304,0.571268692980226,0.0563877936585957,0.2085171680421989,0.7468528613450436,0.613800397917986,0.613800397917986
2018-05-29,1.8863791923340176,-0.21452747092907679,0.35940582069289195,0.643098030871218,0.0837062522322047,0.1913153006021642,0.7409927339737159,0.6574412129713618,0.6574412129713618
2018-05-30,1.88911704312115,-0.2199295345228097,0.251524965167626,0.566779252327886,0.0970302902170271,0.1766324149041764,0.7434759893586829,0.6461274052373689,0.6461274052373689
2018-05-31,1.891854893908282,-0.20727675120854627,0.166576632381012,0.475924719680127,0.1241784536268727,0.1773594436037598,0.7204863242122049,0.6554462697920478,0.6554462697920478
2018-06-01,1.894592744695414,-0.2157479194732057,0.181602017769038,0.456261159725537,0.1560750773299017,0.1820752678915971,0.6902670662945447,0.6592845677118628,0.6592845677118628
2018-06-02,1.897330595482546,-0.35447287970732727,0.19261970660723102,0.49470779291434397,0.1942398547263231,0.1938226268682945,0.6495855972909542,0.6702530242712452,0.6702530242712452
2018-06-03,1.9000684462696784,-0.3410320710798737,0.175002997939146,0.479528851768447,0.2335870318623607,0.2067659895221439,0.607944832398057,0.6777742027419844,0.6777742027419844
2018-06-04,1.9028062970568105,-0.3518582471126342,0.156637890571718,0.460614098371148,0.2358874308046297,0.1942949419080368,0.615649361952355,0.6483245976221568,0.6483245976221568
2018-06-05,1.9055441478439423,-0.3330310470847087,0.142594760632588,0.446150674095395,0.2691674802214441,0.1990404268732048,0.5853673030690122,0.661622517651935,0.661622517651935
2018-06-06,1.9082819986310744,-0.35048186404109577,0.09811360238375999,0.42752215323225295,0.297562287097827,0.2032745088873844,0.5596500317880062,0.6618160265779238,0.6618160265779238
2018-06-07,1.911019849418207,-0.34951949836275453,0.030068596546206,0.336432148626952,0.3229794358956268,0.2076247887592041,0.5364543124965655,0.6625283772397168,0.6625283772397168
2018-06-08,1.9137577002053388,-0.36100389412546235,0.054815362340063,0.324467765324167,0.3329848764303963,0.2048916126232914,0.5303493192573034,0.6531216535928408,0.6531216535928408
2018-06-09,1.9164955509924708,-0.3855443494608111,0.09713993643351401,0.357617733375466,0.3247014240232053,0.1949695869232219,0.543635891568759,0.6384413205739783,0.6384413205739783
2018-06-10,1.919233401779603,-0.14891780397603344,0.10914222241605599,0.401378753875771,0.2539334644182625,0.1213404231653015,0.655538506444779,0.5318855112600023,0.5318855112600023
2018-06-11,1.9219712525667352,-0.13323046124036156,0.112383931839017,0.404714175099094,0.2196193415634285,0.0956550883956038,0.7057332775716019,0.5472606172545404,0.5472606172545404
2018-06-12,1.9247091033538672,-0.1150224952525303,0.136157566864583,0.429175061771456,0.1713719694267121,0.0531865635514431,0.7845561531646946,0.4969190227085853,0.4969190227085853
2018-06-13,1.9274469541409995,-0.09230336690430951,0.12096368839834301,0.402974820118904,0.1394647556974723,0.0325239248146763,0.832547260716453,0.4588089506899546,0.4588089506899546
2018-06-14,1.9301848049281316,0.030205954241299026,0.166272838668344,0.574647817301119,0.1709108851332484,0.0522241652533981,0.7857906279221567,0.5065676424621675,0.5065676424621675
2018-06-15,1.9329226557152637,0.04999402434325577,0.149909148198803,0.574520477570823,0.1572709641320857,0.0418868496678865,0.807429771431752,0.4710733661898985,0.4710733661898985
2018-06-16,1.9356605065023955,0.044434638333172426,0.14122174789614,0.518197739305152,0.1629640155597951,0.0453534784825515,0.7990734909307747,0.4832736945482772,0.4832736945482772
2018-06-17,1.938398357289528,0.018829336830890595,0.122810928382601,0.5217010510255691,0.1585746614457718,0.0423908049738423,0.8057566411275264,0.4732995005362852,0.4732995005362852
2018-06-18,1.94113620807666,0.08295162265633449,0.118539151814034,0.517260944781439,0.1953623056858802,0.0626452918536759,0.7542309311173429,0.5066787857285604,0.5066787857285604
2018-06-19,1.943874058863792,0.034499291690145005,0.15484803050975698,0.555000577561026,0.2289288551133091,0.0760133134984917,0.7124594722207779,0.5096542981450582,0.5096542981450582
2018-06-20,1.946611909650924,0.03655015996691851,0.147309697792745,0.573970627934803,0.255228459569671,0.083307262515151,0.6827266621978862,0.5084068433472133,0.5084068433472133
2018-06-21,1.949349760438056,-0.01951512967065559,0.134601231493971,0.581083969626741,0.2669883435091085,0.0826347914350861,0.6724393911372796,0.4992655749662145,0.4992655749662145
2018-06-22,1.952087611225188,0.18511692296566215,0.054248962370715,0.537346695519445,0.2112648638452688,0.0480826305009283,0.7508106760399038,0.3962786320238933,0.3962786320238933
2018-06-23,1.9548254620123204,0.19441332746263001,0.078907855982282,0.485910504002173,0.1807389829155589,0.037720990210671,0.7883576802790144,0.4070697830456637,0.4070697830456637
2018-06-24,1.9575633127994525,0.19486607154088995,0.035034949899852,0.475450861856048,0.1805394613949008,0.0483635699942577,0.7798285014887394,0.4067369520349544,0.4067369520349544
2018-06-25,1.9603011635865848,0.20193995747491314,0.009554765427108,0.44885240736855797,0.1906005437546939,0.0614388487670179,0.7596708854609442,0.4168753259523239,0.4168753259523239
2018-06-26,1.9630390143737169,0.21244814254413674,0.052022279548655,0.49318372854745396,0.1778432700496869,0.0569054973126702,0.7753714923635318,0.389625278960013,0.389625278960013
2018-06-27,1.9657768651608487,0.1977536416586752,0.116785056333914,0.599554983110524,0.1765605112694311,0.0667217227368026,0.7684981874729534,0.3979238939187137,0.3979238939187137
2018-06-28,1.9685147159479808,0.14778194622746346,0.059052783695126,0.555493691545367,0.1427086911054519,0.0426682698666232,0.8207121719723248,0.3538501551811706,0.3538501551811706
2018-06-29,1.9712525667351128,0.2627294655565345,0.05098202015505,0.540209238144864,0.1597851252852376,0.0686856501534794,0.7825041697763546,0.4037426056371682,0.4037426056371682
2018-06-30,1.9739904175222447,0.29251292210217944,0.06809228685972199,0.530825351732404,0.2061421367418795,0.1041322527546293,0.7111916555900759,0.4310615996969922,0.4310615996969922
2018-07-01,1.9767282683093768,0.28834192481567494,0.046713536533289,0.580276684966747,0.283649124929077,0.1196588671214118,0.6306331408985042,0.4261189653334885,0.4261189653334885
2018-07-02,1.9794661190965093,0.32908017194885647,0.072194531006497,0.607110929892145,0.3948297108299274,0.1550146578159339,0.5113600238740039,0.4591087696338043,0.4591087696338043
2018-07-03,1.9822039698836411,0.32363467745342345,0.042466704121089,0.575804310812517,0.4726072889459978,0.1624716136445651,0.4417063662646766,0.4441127289471591,0.4441127289471591
2018-07-04,1.9849418206707732,0.3156472058022134,0.060625368557300996,0.624508326949082,0.5479971570690684,0.1744116050232566,0.3731683016202728,0.4523314491264667,0.4523314491264667
2018-07-05,1.9876796714579053,0.3063018174871432,0.061774612293652,0.570661107461603,0.6149779569394057,0.1854069063006463,0.3136362971991753,0.4564747074449435,0.4564747074449435
2018-07-06,1.990417522245037,0.30766794650297746,0.040571987888111005,0.441927988543877,0.6738372426213186,0.195056214416419,0.2625426846407748,0.4594920787209062,0.4594920787209062
2018-07-07,1.9931553730321696,0.33696489097514243,0.068522417472456,0.431502975463817,0.7536768443240337,0.2220444974320352,0.1916284543680234,0.4844279405246272,0.4844279405246272
2018-07-08,1.995893223819302,0.3388429477133712,0.052378177208443,0.431502975463817,0.7888229297419634,0.2255037803330171,0.1635558425951981,0.4700834716542985,0.4700834716542985
2018-07-09,1.998631074606434,0.33662637688421837,0.056654063282461004,0.435940126306886,0.8076011151332777,0.2233512099387087,0.1494263611408815,0.4631806484404546,0.4631806484404546
2018-07-10,2.001368925393566,0.11714635303306666,0.059860773952506996,0.439267777864194,0.7245163245666879,0.1725176913033456,0.2279578677557968,0.3980979373939561,0.3980979373939561
2018-07-11,2.004106776180698,0.10865879277492595,0.12182083429604401,0.518600556433201,0.6774834691653414,0.1549257700232928,0.272550408949858,0.406210119862342,0.406210119862342
2018-07-12,2.00684462696783,0.054879353213282606,0.107675317055018,0.5110865594592899,0.6030630271556838,0.1260843405065674,0.3468894364005673,0.3778984334780215,0.3778984334780215
2018-07-13,2.0095824777549622,0.011741024558315891,0.110980783874499,0.511426740799487,0.5494279094506467,0.1127800522206391,0.3997565466480347,0.3773560795288571,0.3773560795288571
2018-07-14,2.0123203285420943,-0.0840811462248028,-0.0021100183364689998,0.47424286523828996,0.5181846557636576,0.1107278942956519,0.4284649457297175,0.3814105785904154,0.3814105785904154
2018-07-15,2.0150581793292264,-0.1153986821974604,-0.0042199509590659995,0.514926130087654,0.5133552156483501,0.1197934303880361,0.4283479362537197,0.3925852306651975,0.3925852306651975
2018-07-16,2.0177960301163584,0.0038563205806668175,-0.029538851840119,0.48829225347641003,0.6006977996198072,0.1704960349662182,0.3312227584620836,0.4488088446709302,0.4488088446709302
2018-07-17,2.020533880903491,0.22192296460259778,0.018989376879128,0.539340869762823,0.6898561547422798,0.2658421973158558,0.2276945239504191,0.5290048014527944,0.5290048014527944
2018-07-18,2.023271731690623,0.18795551142038733,0.034828689293369,0.583259762551218,0.7432327232444351,0.3195252671535445,0.1747236440539549,0.5335331268201422,0.5335331268201422
2018-07-19,2.026009582477755,0.19104038614900928,0.00841327522723,0.622837600083117,0.797400890433524,0.3579760326295886,0.1300734841095815,0.5442268140353654,0.5442268140353654
2018-07-20,2.028747433264887,0.2019809134870578,-0.063117871821033,0.545941655276236,0.8068128761120451,0.3635803988206871,0.1229480723377507,0.5267820908515937,0.5267820908515937
2018-07-21,2.0314852840520192,0.19983346288189235,-0.043217418598014,0.524790984342358,0.825042816210984,0.3742557986309984,0.1094784432438274,0.5333624371711991,0.5333624371711991
2018-07-22,2.0342231348391517,-0.20960319228510432,-0.006347604816399,0.5189304982572189,0.838578154074919,0.3794968591786607,0.100162762393691,0.5310174754076904,0.5310174754076904
2018-07-23,2.036960985626284,-0.17073663179139392,0.015869819213532,0.54231569617883,0.8697001019309725,0.4174742376548346,0.0759030474561576,0.5674161421368655,0.5674161421368655
2018-07-24,2.0396988364134154,0.06446609024336077,0.009522214397132,0.535634453800788,0.9022750764482294,0.5226330796562644,0.0466506457967357,0.6534622876711484,0.6534622876711484
2018-07-25,2.0424366872005475,0.11730170962479138,0.008485557073664999,0.551269181298488,0.9001661674668385,0.5458657001158933,0.0453379676421944,0.6218441163174049,0.6218441163174049
2018-07-26,2.04517453798768,0.12543537992978235,0.007393292627650001,0.58422738528316,0.8734724703198994,0.5297143606243218,0.0595040801942312,0.5910330709360121,0.5910330709360121
2018-07-27,2.047912388774812,0.13573555283812802,-0.064015175201048,0.5646058249855089,0.8767742819430262,0.5474271217196831,0.0557686178992034,0.6151673106573377,0.6151673106573377
2018-07-28,2.050650239561944,0.04171339642244131,-0.074431186604001,0.5270177601849111,0.8822163759177047,0.5595628685963707,0.0518762815171295,0.616131964535942,0.616131964535942
2018-07-29,2.053388090349076,-0.020226619265069887,0.005284059305625,0.48272814715270596,0.8891728698863295,0.5688096931094765,0.0477875842455095,0.6169838577243674,0.6169838577243674
2018-07-30,2.0561259411362083,-0.029465946352906194,-0.028531824041306,0.44729859711889003,0.8902400571172387,0.5688440338496008,0.0473236542182295,0.6100076423550842,0.6100076423550842
2018-07-31,2.0588637919233403,0.08600791438108768,-0.014794398574642001,0.46169156145206003,0.8473269056380989,0.5205248879278956,0.0732029490295675,0.5575995309932402,0.5575995309932402
2018-08-01,2.0616016427104724,0.07896871824262297,-0.02635184913695,0.40466243747319697,0.7981468487565408,0.4775728538281005,0.1054535657499251,0.5351689825250592,0.5351689825250592
2018-08-02,2.0643394934976045,0.07337263311440659,0.061317459933378005,0.484741840762756,0.7526078540137806,0.4491177406146084,0.1362839443350891,0.5253410257082916,0.5253410257082916
2018-08-03,2.067077344284737,0.08939920512274761,0.058146006242891,0.435450400398866,0.7025823229558571,0.4188489946381445,0.1728445820265913,0.50544554396655,0.50544554396655
2018-08-04,2.0698151950718686,0.20574261089266666,0.070921791075246,0.39100064728198,0.616469303013294,0.355197062314055,0.247301720109766,0.4478066957976203,0.4478066957976203
2018-08-05,2.0725530458590007,0.2057195649521421,0.11697133809145599,0.393270530709646,0.5483922304824107,0.3276762084330201,0.3036266479031724,0.4507421763479655,0.4507421763479655
2018-08-06,2.0752908966461328,0.19390079461180923,0.14036576796824202,0.417303873347052,0.4497445410721407,0.2998174679967869,0.3852792604806985,0.4320060769506781,0.4320060769506781
2018-08-07,2.078028747433265,0.21713711696881227,0.125478551008919,0.402010079568566,0.3380362992278063,0.2618818902044101,0.488607395567265,0.4009627884274653,0.4009627884274653
2018-08-08,2.080766598220397,0.36243275056280616,0.10841800841990801,0.35496540355212103,0.262578385062448,0.1888649712276347,0.5981485028497352,0.3304795901993866,0.3304795901993866
2018-08-09,2.083504449007529,0.2927008147073919,0.147699434771393,0.32990839939836203,0.2358330258467327,0.1840656076857274,0.6235101156823826,0.3692521539420337,0.3692521539420337
2018-08-10,2.086242299794661,0.403162483634549,0.173141825223075,0.416171050180234,0.1834178669158396,0.1353257020418553,0.7060775826497107,0.307172998530886,0.307172998530886
2018-08-11,2.088980150581793,0.3926877108670828,0.163485190557026,0.427442570253007,0.1577233205177546,0.1243701534164509,0.7375225996359396,0.3230280127628546,0.3230280127628546
2018-08-12,2.0917180013689256,0.39311286128706235,0.169920908744227,0.409419998706044,0.1413635521013075,0.122149916029659,0.7537540778878624,0.3253618766886532,0.3253618766886532
2018-08-13,2.0944558521560577,0.39263566707336683,0.173087006823053,0.412660657601557,0.1263812510625554,0.1180045663316197,0.7705277473299093,0.3194504307465369,0.3194504307465369
2018-08-14,2.0971937029431897,0.3941519338579778,0.20897133054708,0.44939004816070705,0.1181584807401792,0.1041076118057034,0.7900351046985675,0.3018835625835372,0.3018835625835372
2018-08-15,2.099931553730322,0.2928243870367338,0.2317209567782,0.42587568175117896,0.1249954704358768,0.110306512040855,0.7784858318879554,0.3173555524110441,0.3173555524110441
2018-08-16,2.102669404517454,0.04499634561304995,0.17689799763944197,0.379080613743476,0.1332562718656564,0.116572877562296,0.7657049176366508,0.3195724454625672,0.3195724454625672
2018-08-17,2.105407255304586,0.1040562859052068,0.10727772648541001,0.328890534015791,0.1661660696560049,0.1494178248845264,0.7092442781570795,0.3556768232481193,0.3556768232481193
2018-08-18,2.108145106091718,0.10712650456708839,0.097719903653337,0.372368795620423,0.1738062836596215,0.1468858868350753,0.7048375196181553,0.3296077633859227,0.3296077633859227
2018-08-19,2.11088295687885,0.11354728268850742,0.17361839990934502,0.384698241125305,0.1894220329974162,0.1555653348628659,0.6844801341333657,0.3403830999807855,0.3403830999807855
2018-08-20,2.113620807665982,0.1306909598788668,0.152445739504878,0.363086295343637,0.1802347035430117,0.1360365535371713,0.7082472508176022,0.3076395041714317,0.3076395041714317
2018-08-21,2.116358658453114,0.16728049180122692,0.084692256988316,0.29392707951084,0.2071605622558937,0.1480491164053066,0.6754602595348114,0.3338616833416328,0.3338616833416328
2018-08-22,2.1190965092402463,0.10556297860697395,0.050702795628767,0.276488312910825,0.2135973620455969,0.1405165660451908,0.6759000397401709,0.3145232892255496,0.3145232892255496
2018-08-23,2.1218343600273784,-0.19980334068265654,0.106754268017621,0.257455641970738,0.2487897983136456,0.1558617562812226,0.6341252603151478,0.3370749366143624,0.3370749366143624
2018-08-24,2.1245722108145104,-0.16843281211000885,0.083722012549529,0.188457238219614,0.3092486512159212,0.1858973359057901,0.5623425132717873,0.3630176815375634,0.3630176815375634
2018-08-25,2.127310061601643,-0.18252080434553405,0.042216519881679,0.17973684425326203,0.3975868725020183,0.2068088265918278,0.4778287754766109,0.3674390378904597,0.3674390378904597
2018-08-26,2.130047912388775,-0.22494336353361383,0.04964102441785,0.161256102741644,0.4521445585876179,0.2181151178309285,0.4283598872544051,0.3571584776606773,0.3571584776606773
2018-08-27,2.132785763175907,-0.1863935074217235,0.010561731495435,0.121742780550941,0.5334049656946371,0.2545651332814293,0.347816207208965,0.3812516344208863,0.3812516344208863
2018-08-28,2.135523613963039,-0.13903047023552292,0.004224853759866,0.115335523077126,0.6471375727932167,0.3051538965257228,0.2451850826071091,0.4094816872748374,0.4094816872748374
2018-08-29,2.138261464750171,-0.1388753513742016,0.025434279590625,0.098206465195163,0.7208774412632206,0.3235680649998961,0.1888074125084998,0.4005008911892584,0.4005008911892584
2018-08-30,2.1409993155373037,-0.22163405937894484,0.024341555945973998,0.118577139527207,0.7610958519654173,0.3402749738989306,0.1576110452977688,0.3886534912964166,0.3886534912964166
2018-08-31,2.143737166324436,-0.22799537433613742,0.054956312404585005,0.120199683835817,0.8042493946509068,0.3683837914043877,0.1236392551808902,0.3950961871367724,0.3950961871367724
2018-09-01,2.1464750171115674,-0.20560929752010898,-0.003152125656621,0.14502032715443,0.8435429130901582,0.4079185115231133,0.0926353449003367,0.414921664910743,0.414921664910743
2018-09-02,2.1492128678986995,-0.21060131247628733,0.0,0.100859637288275,0.8763681779270641,0.4406936883408568,0.0691480584073132,0.4238439275224372,0.4238439275224372
2018-09-03,2.1519507186858315,-0.34088682169942175,0.0,0.100859637288275,0.896532888462915,0.4585120542683675,0.0560261936770018,0.4200423364997636,0.4200423364997636
2018-09-04,2.154688569472964,-0.334519173060647,0.029430185105441,0.13058665417322302,0.9167005960082968,0.5098207201166399,0.0408316418633661,0.4318646165856812,0.4318646165856812
2018-09-05,2.157426420260096,-0.08194747117191868,-0.024119479389835,0.099797726685109,0.8036249579873034,0.4315221878863536,0.1116348542371031,0.3494856627951002,0.3494856627951002
2018-09-06,2.160164271047228,-0.05526799787763862,-0.021004471232166998,0.020035306162939,0.6557310399241661,0.3441894136845876,0.2257752285575299,0.3079942936355877,0.3079942936355877
2018-09-07,2.16290212183436,-0.23540520728193778,0.028391616907799,0.129580584273043,0.5305739902680903,0.2891743245266414,0.3336800604524481,0.2965502983434014,0.2965502983434014
2018-09-08,2.1656399726214923,-0.24751626533875773,-0.013612277844812,0.146824653067099,0.4039049066373624,0.2176079634728876,0.4663800540598132,0.2567259894729279,0.2567259894729279
2018-09-09,2.1683778234086244,-0.3938307803690688,-0.102739503683976,0.125278721158317,0.3246221392217069,0.1956642355538599,0.5432305679391072,0.2668357860396035,0.2668357860396035
2018-09-10,2.1711156741957565,-0.40670175970829275,-0.125570680449194,0.10192154789144099,0.2712143264185565,0.1946984154498939,0.5868922577325528,0.2695538418121685,0.2695538418121685
2018-09-11,2.1738535249828885,-0.40740386515653015,-0.134911067198368,0.09236597246387399,0.2293741172673651,0.1925795430972186,0.6222191023370932,0.2663662187505426,0.2663662187505426
2018-09-12,2.1765913757700206,-0.40717613095834293,-0.164954491955457,0.082961756705073,0.2044175367783964,0.1974094960212821,0.6385269301136566,0.2693478781022236,0.2693478781022236
2018-09-13,2.1793292265571527,-0.3920282397533455,-0.226403635418592,0.069230112909188,0.220444589280389,0.231679594338447,0.5989483293997501,0.2931917201745584,0.2931917201745584
2018-09-14,2.1820670773442847,-0.4034253989569676,-0.177869042977242,0.140935259792034,0.2314992101654132,0.2479292803976025,0.5779669420259085,0.2906099944511648,0.2906099944511648
2018-09-15,2.184804928131417,-0.4032670017976916,-0.17278821961509702,0.169165075507724,0.2461907918233822,0.2619224615420947,0.5563696448379007,0.2934017317780988,0.2934017317780988
2018-09-16,2.187542778918549,-0.46793300380805863,-0.11654475910206101,0.15285946109318801,0.2517472651126125,0.2639110790535877,0.550780548218459,0.2875466695918565,0.2875466695918565
2018-09-17,2.190280629705681,-0.43237979410820276,-0.16545227504023,0.102618819150819,0.2063768822345965,0.2194872287781606,0.6194329789527913,0.248848926913098,0.248848926913098
2018-09-18,2.193018480492813,-0.43040571642468467,-0.15400580135676,0.114377301968899,0.191263118292309,0.2146164288456943,0.6351686602797836,0.261257828507663,0.261257828507663
2018-09-19,2.195756331279945,-0.4734529030532344,-0.140771475770707,0.103654755473752,0.1856461600317126,0.2174238519970518,0.6372938911937917,0.2636878110498912,0.2636878110498912
2018-09-20,2.198494182067077,-0.4941456600603562,-0.141717241638362,0.011727143579183,0.2068614474240462,0.2421409661337333,0.6010872171773015,0.2805827404316012,0.2805827404316012
2018-09-21,2.2012320328542097,-0.4632338610405587,-0.09774044038484199,0.054423449067664,0.2679652963541653,0.2959336892522476,0.515400973135247,0.3111691284266875,0.3111691284266875
2018-09-22,2.2039698836413417,-0.4879679192202168,-0.146413039705645,-0.058034762250201,0.3110704304629718,0.3203337234566513,0.468242195327844,0.3073468919370459,0.3073468919370459
2018-09-23,2.206707734428474,-0.5241044004241451,-0.09774044038484199,-0.06013289263834701,0.3410166290878601,0.3303492309265238,0.4412887211379463,0.3037677571564146,0.3037677571564146
2018-09-24,2.209445585215606,-0.512564794723121,-0.09353645563593099,-0.055912941679278,0.3392889525144154,0.3131810871376572,0.4537888433501889,0.2845863628133447,0.2845863628133447
2018-09-25,2.212183436002738,-0.49232490965299325,-0.107199606526914,-0.069627983514585,0.3067272048195332,0.2759311176893484,0.5019772579427019,0.2599166810950173,0.2599166810950173
2018-09-26,2.21492128678987,-0.5253990508108065,-0.062249034130554,-0.059102644706465,0.3505724203544089,0.2666464740212319,0.4762600054009514,0.265580931822635,0.265580931822635
2018-09-27,2.217659137577002,-0.5334951941578344,0.029560681554940002,-0.009464332880068,0.4570941790228119,0.2969848754990349,0.3816710033265764,0.2913093877980124,0.2913093877980124
2018-09-28,2.220396988364134,-0.5342829811702117,0.062368285074185,0.013676087329197,0.5237691282902063,0.3058758077717112,0.3305633691397344,0.2845512331900437,0.2845512331900437
2018-09-29,2.223134839151266,-0.5363861156935407,0.04962006066786,0.033730334727508,0.5561701175611569,0.3022049912715036,0.30970227669038,0.2763351702818539,0.2763351702818539
2018-09-30,2.2258726899383983,-0.5402139558719563,0.005255733874141,0.0708850848641,0.5891856145397534,0.3049118030282565,0.2855522304796176,0.2780527605226357,0.2780527605226357
2018-10-01,2.2286105407255303,-0.5692066605935159,0.016817706867334997,0.082522898475854,0.5991259147055011,0.2993479866443135,0.2808732349637098,0.2707731865158198,0.2707731865158198
2018-10-02,2.2313483915126624,-0.5791312833781626,0.038890345696418,0.10474032250578699,0.5927577722191287,0.2901146092439192,0.2890953080006006,0.2638429397443129,0.2638429397443129
2018-10-03,2.2340862422997945,-0.5782176134691084,0.065167411242332,0.15697956895377002,0.5659144971059095,0.2751990078271225,0.3146256031854993,0.2538311470342549,0.2538311470342549
2018-10-04,2.236824093086927,-0.5824500169500517,0.034584137223561,0.113012219198918,0.5763402834037273,0.2820029678532231,0.3041864191562684,0.2633333632495009,0.2633333632495009
2018-10-05,2.239561943874059,-0.9254829024794652,0.05150904102927101,0.034631317859599,0.6030430412073927,0.2942179805313883,0.2801650840187649,0.2684364480920056,0.2684364480920056
2018-10-06,2.242299794661191,-1.0295287413088958,0.063145245707543,0.024111894161366998,0.608978727815388,0.2937489334581062,0.2761591905209504,0.2614381086242634,0.2614381086242634
2018-10-07,2.245037645448323,-1.0365864727935041,0.026213693278829,0.10461856936472899,0.6194679591739701,0.2963321407154481,0.2677681665572341,0.2618324293565841,0.2618324293565841
2018-10-08,2.2477754962354557,-1.152626942513101,0.041941269263379,0.120469134813092,0.647657442032565,0.3071084350149238,0.2441351864009009,0.2674355495539853,0.2674355495539853
2018-10-09,2.2505133470225878,-1.1597585153855017,0.032504723672648,0.11095879554407301,0.6648447851358287,0.3106508618300111,0.2310389585197939,0.264165351467998,0.264165351467998
2018-10-10,2.2532511978097194,-1.1520840961342247,0.037835060912077,0.06746066945502299,0.6163073986174921,0.301430265574551,0.2680360386487882,0.2537176979559881,0.2537176979559881
2018-10-11,2.2559890485968515,-0.9555853855801876,-0.004207965133041,0.04545938490575199,0.467705131077146,0.2334428743774069,0.4080344247051579,0.2006815877651959,0.2006815877651959
2018-10-12,2.2587268993839835,-0.9566711987531088,0.044303602892925,0.066603753800986,0.3672597914057506,0.2029789779524333,0.5043072477443791,0.2018668879954948,0.2018668879954948
2018-10-13,2.261464750171116,-1.0044565596263042,0.071927258154289,0.079390281603557,0.298013048636871,0.1899430986187709,0.5686493746312717,0.2019422192984521,0.2019422192984521
2018-10-14,2.264202600958248,-1.0042017041329752,0.02526825176744,0.125478551008919,0.2483293156066754,0.1828944276740395,0.6141943047718539,0.2009880447026102,0.2009880447026102
2018-10-15,2.26694045174538,-0.8555566292327167,0.009475293189073999,0.10952772961179301,0.3097972349370901,0.2384018784392824,0.5256571293679254,0.246623510654846,0.246623510654846
2018-10-16,2.269678302532512,-0.8566984578147165,0.007369940234802,0.107401332028664,0.3557505688290381,0.266072510807527,0.472832367432983,0.2447604165677184,0.2447604165677184
2018-10-17,2.272416153319644,-0.9430094456361012,0.113215497898502,0.159438772407087,0.3724827913540578,0.2699253472621949,0.458134408189183,0.2351102976422794,0.2351102976422794
2018-10-18,2.2751540041067764,-0.9461613099236391,0.13527782098305702,0.19020305003913202,0.3617952169506894,0.2587708877858463,0.4730559647504669,0.2229411089217876,0.2229411089217876
2018-10-19,2.2778918548939084,-0.9468120493055551,0.12268598575082701,0.104518354203013,0.3499022501880196,0.2301428987205034,0.5004823692185747,0.219432585655193,0.219432585655193
2018-10-20,2.2806297056810405,-0.9693526733622819,0.19167238336393802,0.094926858881383,0.3491420490787235,0.2206755522272986,0.5072295131801958,0.2213394255433307,0.2213394255433307
2018-10-21,2.283367556468173,-1.0468344306256894,0.15814029340535898,0.101319164588142,0.346224952359201,0.2145478245313657,0.5135090334365757,0.2185246784390067,0.2185246784390067
2018-10-22,2.2861054072553046,-1.0465866797196246,0.189980990483582,0.13298175580269,0.3456875984045291,0.2124643169355661,0.5152943641280193,0.2175081102836458,0.2175081102836458
2018-10-23,2.2888432580424367,-1.0465810187000508,0.184673937723023,0.127704388862548,0.341366081338152,0.209095025626177,0.5209168425609795,0.2139930499638396,0.2139930499638396
2018-10-24,2.291581108829569,-1.0653829962292054,0.23021410139680099,0.20315290715767,0.3450216940034692,0.2115069574523679,0.5164458372978985,0.2153376165598164,0.2153376165598164
2018-10-25,2.294318959616701,-1.1036023861910484,0.27090227623110097,0.18005676134495702,0.341055306740197,0.2087284036594169,0.5214042193358401,0.2105758974142446,0.2105758974142446
2018-10-26,2.297056810403833,-1.1079109937612044,0.23038519085879,0.134623343988915,0.3375520848728875,0.207025245571252,0.5253044728197581,0.2085936098621754,0.2085936098621754
2018-10-27,2.299794661190965,-1.1710720124992788,0.143157958984374,0.125039662110084,0.3368564421791055,0.2073211142570937,0.5256598965010532,0.2077199233150022,0.2077199233150022
2018-10-28,2.302532511978097,-1.1721193148579436,0.12291187508536,0.201143504583329,0.3383970000595298,0.2086940212025854,0.5235304094431996,0.2069056850181869,0.2069056850181869
2018-10-29,2.305270362765229,-1.1319208810437338,0.146023674125237,0.22443391563937698,0.2867928805675431,0.1780420152129777,0.5862262866244594,0.1812087978467964,0.1812087978467964
2018-10-30,2.308008213552361,-1.1336844112869933,0.191196517296503,0.269955862425685,0.2486525687352664,0.1630502946921387,0.6288400111808371,0.1797638194343829,0.1797638194343829
2018-10-31,2.3107460643394937,-1.1348371152530938,0.192024569051301,0.259849913600145,0.2143307590698528,0.152158864913504,0.6661227010327617,0.1754325154998817,0.1754325154998817
2018-11-01,2.3134839151266258,-1.1270952510415968,0.080619477106502,0.176513915883285,0.2092354217973097,0.1589766095960105,0.6650515065714072,0.1832039888582013,0.1832039888582013
2018-11-02,2.316221765913758,-1.1310073290460538,0.08145350479286899,0.231030128346207,0.2028507810596019,0.164558168740361,0.665971803258757,0.1831669429414244,0.1831669429414244
2018-11-03,2.31895961670089,-1.1419003879633498,0.08250662303157699,0.188918302430327,0.1884427684235875,0.1618092537864092,0.680239761530069,0.1772046138939025,0.1772046138939025
2018-11-04,2.321697467488022,-1.1462058497304393,0.09621398687715299,0.196451267887236,0.1828995493902589,0.1634655311894957,0.6835326914156435,0.1778404397363022,0.1778404397363022
2018-11-05,2.324435318275154,-1.1425894662180016,0.076343412107373,0.176383413979988,0.2196837153810602,0.1731657397195528,0.645192237977688,0.1829389081235533,0.1829389081235533
2018-11-06,2.327173169062286,-1.1391504839833195,0.073206120909381,0.17321497511220302,0.3004592605747666,0.1864434644148433,0.5691159404674717,0.1876481165550689,0.1876481165550689
2018-11-07,2.329911019849418,-1.1341873651950787,0.02401622272065,0.173802392861421,0.4410917135303089,0.2071720494125296,0.44311811132812,0.1965682345984643,0.1965682345984643
2018-11-08,2.3326488706365502,-1.124682378265841,0.100334352154127,0.227537472164902,0.482790019064257,0.2019609083194373,0.4127537833940813,0.1830923460968989,0.1830923460968989
2018-11-09,2.3353867214236823,-1.1220062748457647,0.146581666272187,0.242020804169766,0.4490355957231433,0.1854755990526109,0.4487739513369417,0.1707968408716063,0.1707968408716063
2018-11-10,2.3381245722108144,-1.3540531593776866,0.198906239298513,0.18283130468019898,0.4462552928791705,0.1820429696690189,0.4529393761980526,0.172796274709654,0.172796274709654
2018-11-11,2.3408624229979464,-1.3545158130321648,0.17748397602822,0.186042073136014,0.4479528975944354,0.1807444334308415,0.452267661654133,0.171428754993844,0.171428754993844
2018-11-12,2.3436002737850785,-1.3498648720602031,0.243646257622582,0.25225998962325297,0.4104047683535856,0.1719426138776322,0.4882186863873418,0.1634939337291587,0.1634939337291587
2018-11-13,2.346338124572211,-1.3493589640463628,0.21844169338263103,0.227034231234646,0.3708109974330517,0.1653803354153305,0.5251335142827892,0.1599722140376567,0.1599722140376567
2018-11-14,2.349075975359343,-0.7806026771895506,0.181971532816547,0.151006966462825,0.3262845140300095,0.1180585691087284,0.5941775997099819,0.0556638153457917,0.0556638153457917
2018-11-15,2.351813826146475,-0.7749976553654627,0.197790341194861,0.179584022532113,0.3053715126478826,0.1087310420036413,0.6191008081169084,0.0382905019561228,0.0382905019561228
2018-11-16,2.3545516769336072,-0.7719975403967896,0.093115648943133,0.144059176505122,0.2745080930402189,0.0916302557556406,0.659014897976409,0.0238858929519238,0.0238858929519238
2018-11-17,2.3572895277207397,-0.7734271923208713,0.059436880683509004,0.101570808450588,0.2469167192360434,0.0794387162193149,0.6932593117338379,0.0185914897094345,0.0185914897094345
2018-11-18,2.360027378507872,-0.7568483039849073,0.079406764549199,0.011415588382608,0.24071705397632,0.0858001864118843,0.6941363277154836,0.0294797387633636,0.0294797387633636
2018-11-19,2.3627652292950034,0.05495540940136843,0.050151850540707005,-0.017641985042398,0.1847179979014296,0.0471803169663175,0.7768167388226258,-0.1153843565084731,-0.1153843565084731
2018-11-20,2.3655030800821355,0.26368674806376613,0.11493036094904299,0.046699558467401994,0.158248617810346,0.0492927382989094,0.8002591515946341,-0.2066411447999776,-0.2066411447999776
2018-11-21,2.368240930869268,0.32394070001367026,0.072908752491114,0.033198433120706,0.1548764609656623,0.0726110101783271,0.7837582651395715,-0.1746606148249601,-0.1746606148249601
2018-11-22,2.3709787816564,0.37162806401790144,0.07815756639803301,-0.002068052493198,0.1264455045440713,0.0505652641683656,0.8293829816277363,-0.2285063784609917,-0.2285063784609917
2018-11-23,2.373716632443532,0.36579160916658576,0.050813840321355004,0.022750902548722002,0.1108993707138546,0.0482139462441037,0.8462335793401444,-0.2339723459106455,-0.2339723459106455
2018-11-24,2.376454483230664,0.6456170886127583,0.024823941147286997,0.027935503238881998,0.0909365964137103,0.036018141970339,0.8763206288558791,-0.3484442958010536,-0.3484442958010536
2018-11-25,2.379192334017796,0.7053975842420932,0.05811514685001,0.08532775315756601,0.1040042317230346,0.073868729527103,0.8298096992126853,-0.3167248520033219,-0.3167248520033219
2018-11-26,2.3819301848049284,0.7453754244423646,0.073681930258973,0.100936653080627,0.0943549834575488,0.0624472412703296,0.8490899836891531,-0.376968025044647,-0.376968025044647
2018-11-27,2.3846680355920604,0.7581742247477895,0.104815497076904,0.13215445292675498,0.0906223179707267,0.0622040281222541,0.8528107271225741,-0.3669889365878429,-0.3669889365878429
2018-11-28,2.3874058863791925,1.1410343760861161,0.021743537015046,0.092804940092547,0.1249104870316995,0.1194920264139668,0.770523293770107,-0.259871600363617,-0.259871600363617
2018-11-29,2.390143737166325,1.1445925877060685,-0.023709241507965,0.15956294446568,0.1540877761786832,0.1509528376438842,0.7182193732378405,-0.2559632726431573,-0.2559632726431573
2018-11-30,2.3928815879534566,1.1978189797693861,0.014413609966772,0.222805578895435,0.1534493524733314,0.1322955664169384,0.734555750111502,-0.320071391625996,-0.320071391625996
2018-12-01,2.3956194387405887,1.2742466548456293,0.102824872904174,0.172557398984527,0.1703325997038356,0.148918036563648,0.7061149600431934,-0.2731901156217677,-0.2731901156217677
2018-12-02,2.3983572895277208,1.268886795636107,0.075615881563726,0.222805578895435,0.1764322051707527,0.1473966832998192,0.7021766333988702,-0.2921583862695485,-0.2921583862695485
2018-12-03,2.401095140314853,1.3134993795020065,0.051792002823522997,0.198633668874339,0.1598195016525545,0.1143295175883955,0.7441230672842043,-0.3543346478098019,-0.3543346478098019
2018-12-04,2.403832991101985,1.3289865813052018,0.044541154039561,0.191276896020775,0.1532250343259369,0.1060468986829836,0.7569771066819387,-0.3393456462360227,-0.3393456462360227
2018-12-05,2.406570841889117,1.3449696219594276,0.064349014675755,0.231061665922349,0.1342056876131739,0.0752320182222465,0.8006588589006229,-0.3929132665311883,-0.3929132665311883
2018-12-06,2.409308692676249,1.3754457292089086,0.050871871399713,0.220649948369491,0.1006542657098805,0.0376160091111232,0.8655159369550125,-0.4578029529108498,-0.4578029529108498
2018-12-07,2.412046543463381,1.3549320862075476,0.053125222524008,0.20190313878618998,0.0902068879179822,0.0358116129411075,0.8772119532956508,-0.4877579695424323,-0.4877579695424323
2018-12-08,2.414784394250513,1.3839154242413132,-0.013451702632344,0.188978134761268,0.0882888081755008,0.0417466514647247,0.8736503024629129,-0.4722881693628338,-0.4722881693628338
2018-12-09,2.417522245037645,1.4573174639391426,-0.04127556606782801,0.14399860788007302,0.101892565725225,0.0615244016426464,0.8428519117702069,-0.4341962217066548,-0.4341962217066548
2018-12-10,2.4202600958247777,1.4486581467504156,0.031988189751245996,0.21862537780098001,0.1096894016835595,0.0578333231410113,0.8388209777881386,-0.4663849223563279,-0.4663849223563279
2018-12-11,2.42299794661191,1.439344276993973,0.04953004946864201,0.236493589913224,0.1081286149894401,0.0464863180188508,0.850411568175046,-0.4897244113254331,-0.4897244113254331
2018-12-12,2.425735797399042,1.4670412832949333,-0.051261020638395,0.199705858531424,0.1193949073418969,0.048402762277778,0.8379813736975722,-0.4724995107618586,-0.4724995107618586
2018-12-13,2.428473648186174,1.4786395407179533,-0.024666545286372,0.171871664338616,0.0969275988464551,0.0282723215506379,0.8775404478446251,-0.524221611245018,-0.524221611245018
2018-12-14,2.431211498973306,1.3300532295303478,0.06611563734210099,0.242826159432616,0.0801431108101101,0.0184335770946364,0.9029006363069756,-0.5466634949410416,-0.5466634949410416
2018-12-15,2.433949349760438,1.3363391648932568,0.052615509607423006,0.254683843805041,0.0694094567636739,0.0146321899760881,0.916973965617741,-0.5491497885873144,-0.5491497885873144
2018-12-16,2.43668720054757,1.347713834285313,0.10054951885860801,0.217049348349565,0.0646491336234586,0.0146467820029877,0.9216509861404184,-0.5449198007818961,-0.5449198007818961
2018-12-17,2.439425051334702,1.5716317307854353,0.065304990716923,0.18139830950157398,0.1210407369592663,0.0495619632297162,0.8353963163654904,-0.4595021970136042,-0.4595021970136042
2018-12-18,2.4421629021218343,1.6216465678907404,0.069451452313398,0.185592596423598,0.1940687115747046,0.0849120725054302,0.7374979924281319,-0.4189061201337587,-0.4189061201337587
2018-12-19,2.4449007529089664,1.2561845151217583,0.08836661321834201,0.198633668874339,0.259049012674976,0.1085306695976646,0.6605350805315884,-0.4064027740619771,-0.4064027740619771
2018-12-20,2.4476386036960984,1.3406516848920396,-0.054746285782737006,0.128340127502224,0.4026371088770323,0.1666205250095832,0.4978299725828162,-0.3087581802289456,-0.3087581802289456
2018-12-21,2.4503764544832305,1.3776548802540118,0.025850481063662,0.22784767544106102,0.4596687023851319,0.1673249091040188,0.4499204123554037,-0.3689735968507168,-0.3689735968507168
2018-12-22,2.4531143052703626,1.3509977825422237,0.025850481063662,0.25597611016606703,0.530048600200402,0.1816913213752541,0.3845653089878587,-0.340220048932645,-0.340220048932645
2018-12-23,2.455852156057495,1.350968042355792,0.004127209686652001,0.208464482792052,0.5980269004060352,0.1870634799023275,0.3267786127567928,-0.3449980363637195,-0.3449980363637195
2018-12-24,2.458590006844627,1.0648042962910729,-0.038175312028233,0.165297919491975,0.6538197301980876,0.1992344880237354,0.2772092209840098,-0.326291476943588,-0.326291476943588
2018-12-25,2.461327857631759,1.145561607654061,-0.038175312028233,0.165297919491975,0.6347871952762312,0.1739761208267179,0.3016744976816818,-0.3938948382372089,-0.3938948382372089
2018-12-26,2.4640657084188917,1.0659179218546861,-0.00206002298643,0.268754719935997,0.6301859338013528,0.175228269396722,0.3050121873800935,-0.3839289520835454,-0.3839289520835454
2018-12-27,2.466803559206024,1.13152258898844,-0.091403857917595,0.196575835590824,0.5798895064440515,0.1490290693955887,0.357501817657984,-0.4387051556212338,-0.4387051556212338
2018-12-28,2.4695414099931554,0.9652970783543229,-0.041326740582222,0.19460563495523098,0.6044272370865404,0.1715816370074011,0.3276997406972275,-0.368615651337107,-0.368615651337107
2018-12-29,2.4722792607802875,0.9773660102354408,-0.040297519587473005,0.26408216705668003,0.5988807289028957,0.1691434684834156,0.3332725663082006,-0.3962634688938653,-0.3962634688938653
2018-12-30,2.4750171115674195,0.8898711130039979,-0.090469547012232,0.230311838339107,0.6052586562796896,0.1739586824339123,0.3260726596645331,-0.3853409566871022,-0.3853409566871022
2018-12-31,2.477754962354552,0.8466495808938067,-0.113087129853364,0.20696210178075403,0.5815244131301087,0.1600361162425153,0.3515043792049265,-0.4186262286291331,-0.4186262286291331
2019-01-01,2.480492813141684,0.8640991997216898,-0.113087129853364,0.20696210178075403,0.5870510341468591,0.1664328197611733,0.3442207050487422,-0.3929625022332956,-0.3929625022332956
2019-01-02,2.483230663928816,0.7878535967477969,-0.022671189058894002,0.27158895614004497,0.6143080822704949,0.1828659154509942,0.3151620121118495,-0.3682546370615398,-0.3682546370615398
2019-01-03,2.485968514715948,0.8003102896672418,-0.068062664102395,0.23159464238661198,0.6100703275291854,0.1769495680897733,0.3209317853417171,-0.3965889732923564,-0.3965889732923564
2019-01-04,2.48870636550308,0.7270625364928422,-0.080437121736403,0.212336760607279,0.6117454431356157,0.1767706301453749,0.3196225541906537,-0.3920541480740933,-0.3920541480740933
2019-01-05,2.4914442162902124,0.6071500264966927,-0.064042468011867,0.125263414884866,0.6060612166391787,0.1750219458907207,0.3249908509351873,-0.3962173476102073,-0.3962173476102073
2019-01-06,2.4941820670773445,0.6575843529392933,-0.033157153428775,0.105053049096783,0.6566501217367303,0.2048117420896881,0.2730277915498871,-0.3387560817697714,-0.3387560817697714
2019-01-07,2.4969199178644765,0.6633310447832246,-0.08289327883638099,0.05462723287422,0.6639326362444348,0.2128985331883856,0.2645191149595177,-0.3524085147016098,-0.3524085147016098
2019-01-08,2.4996577686516086,0.6299252177218823,-0.063205947243739,0.074587568679778,0.6522089553988454,0.2176838432251673,0.2720825533730797,-0.3519862431470599,-0.3519862431470599
2019-01-09,2.5023956194387407,0.5944720577405644,-0.20571898527955298,-0.008394735413724999,0.6451838228311061,0.2206658958663136,0.2765203475660592,-0.3518509036728048,-0.3518509036728048
2019-01-10,2.5051334702258727,0.8274802261999414,-0.18995774573520802,0.003140904473446,0.4983088639177151,0.1749398034481569,0.4139253873443674,-0.445156704280631,-0.445156704280631
2019-01-11,2.507871321013005,0.8208309192727963,-0.141179177005016,-0.009398910325535,0.3915066852776224,0.1531951279876185,0.5152751034938727,-0.4437129327505449,-0.4437129327505449
2019-01-12,2.510609171800137,0.7470073252454171,-0.14321032604697,-0.008355282616675001,0.3010482118060585,0.1388694073362492,0.6018887676108372,-0.4516439754497217,-0.4516439754497217
2019-01-13,2.513347022587269,0.7600118200184498,-0.18165068022502,0.005228552701026,0.2285466014120804,0.1173511033359321,0.6809224910913725,-0.4824805299652048,-0.4824805299652048
2019-01-14,2.516084873374401,0.7984967485903954,-0.189861048559402,-0.003138089084868,0.2428187372758904,0.126876661990741,0.6611126315877403,-0.4411425626924181,-0.4411425626924181
2019-01-15,2.518822724161533,0.8144977196046994,-0.150862190463004,0.036603060454689,0.2201166220666624,0.1216524494055178,0.6850086547570978,-0.4625132837437586,-0.4625132837437586
2019-01-16,2.521560574948665,0.6233594353612502,-0.107106172180271,0.030280977935938997,0.2138735016034564,0.1222641258843813,0.6900114292355405,-0.4566633050286164,-0.4566633050286164
2019-01-17,2.524298425735797,0.5764785740168763,-0.110150267814211,0.040760805644284,0.2196314156048416,0.1256911417002174,0.6822831660755485,-0.4510749658846471,-0.4510749658846471
2019-01-18,2.5270362765229293,0.5717161646678741,-0.07213567302478299,0.0869012860534,0.2147649375276853,0.1246587637950375,0.6873486302959968,-0.4575521935448758,-0.4575521935448758
2019-01-19,2.529774127310062,0.2766716308345599,0.006231570352559,0.13891809529131802,0.2424613773050903,0.1335137415016852,0.6563968068468788,-0.439251095246373,-0.439251095246373
2019-01-20,2.532511978097194,0.20616111662235614,-0.06394417826281901,0.11762183394553301,0.2067029055205051,0.1210410031679578,0.6972756183534705,-0.4748644128799082,-0.4748644128799082
2019-01-21,2.535249828884326,0.17014426881356254,-0.06394417826281901,0.11762183394553301,0.1688126645359249,0.1114947754338804,0.7385142901530226,-0.4826198482418906,-0.4826198482418906
2019-01-22,2.537987679671458,0.1746925890474513,-0.068068898406223,0.113421740937749,0.1550899845050436,0.1105036592977531,0.7515443670054425,-0.4754721261790493,-0.4754721261790493
2019-01-23,2.54072553045859,0.15591783586634858,-0.044536539780868,0.11044525666649299,0.1362549758082968,0.1074305500430564,0.7709524211458353,-0.4816782438999087,-0.4816782438999087
2019-01-24,2.543463381245722,0.016052297139879917,0.0051781896202,0.16307158049424503,0.1290417896319982,0.1079797727118438,0.7769123407709507,-0.4780954846489003,-0.4780954846489003
2019-01-25,2.546201232032854,0.010021604927622675,-0.129830200577992,0.021971027458638,0.1231490218055843,0.1081086924325561,0.7820557654836096,-0.4791977806119831,-0.4791977806119831
2019-01-26,2.5489390828199863,-0.09262558858062095,-0.07151766349484301,-0.011470345005352,0.1199127333756661,0.1085301679101863,0.7845712478019781,-0.4792459519241472,-0.4792459519241472
2019-01-27,2.5516769336071183,-0.30606117451101894,-0.06224696316219,0.008358774612888,0.1093638574789235,0.1062904788055674,0.7959700004909676,-0.4851814995813388,-0.4851814995813388
2019-01-28,2.5544147843942504,-0.2938142659313419,-0.066396866241412,0.004179387306444,0.0936749103487872,0.0901305305663737,0.8246375284553327,-0.5181128660416636,-0.5181128660416636
2019-01-29,2.5571526351813825,-0.3034914147892193,-0.059134733731042,0.011493115808567,0.0879682375534056,0.0790915028419026,0.8398977997151441,-0.5253051968474534,-0.5253051968474534
2019-01-30,2.5598904859685145,-0.3319584160299413,-0.086305692716829,-0.069784999836701,0.0981519131395209,0.0786153319112656,0.8309490001784025,-0.515075357445749,-0.515075357445749
2019-01-31,2.5626283367556466,-0.3689969990873791,-0.061349313624211,-0.039599547420115996,0.1134313311739021,0.0746158862038299,0.8204165619210887,-0.5239891121499962,-0.5239891121499962
2019-02-01,2.565366187542779,-0.40086040622563757,-0.12807249201384,-0.088146683753094,0.1459640283098899,0.0766111994841554,0.7886072514963145,-0.5160536666399587,-0.5160536666399587
2019-02-02,2.568104038329911,-0.4193098615689179,-0.075796464130836,-0.113777251825496,0.1935073989091088,0.0819964574057056,0.7403630648775252,-0.50736187770244,-0.50736187770244
2019-02-03,2.5708418891170437,-0.4149073287987053,-0.063416217368654,-0.080946323615226,0.1892954896846316,0.0771306546163705,0.7481743407342998,-0.5244317902982658,-0.5244317902982658
2019-02-04,2.5735797399041758,-0.4147003936440445,-0.035347121182605,-0.052926746886683,0.1827404227808281,0.0770243391387774,0.7543106983790285,-0.526567961496184,-0.526567961496184
2019-02-05,2.5763175906913074,-0.6035505698611503,-0.00935689416787,-0.026982371791572,0.1828584354418808,0.0788437674520228,0.7527150450667166,-0.5252214379646674,-0.5252214379646674
2019-02-06,2.5790554414784395,-0.6012731629953717,0.074182331131988,-0.016566955795801,0.1477019816366896,0.0723674950164348,0.7906193457668861,-0.5412220354900299,-0.5412220354900299
2019-02-07,2.5817932922655715,-0.6036677632173059,0.063607987554303,-0.051541077104384,0.1143813163010847,0.0671144288888655,0.8261808915291537,-0.5461248911451726,-0.5461248911451726
2019-02-08,2.584531143052704,-0.30565332108434085,0.149128140174459,-0.050447634883699,0.2733705207469252,0.1042059528174542,0.6509103620222576,-0.4712324548274953,-0.4712324548274953
2019-02-09,2.587268993839836,-0.7018528441514416,0.115134861166021,0.037391006950133,0.4038136111806678,0.123408956891125,0.5226116484624518,-0.4708284933120605,-0.4708284933120605
2019-02-10,2.590006844626968,-0.7006743849539051,0.101390324999293,0.010358242508055,0.5484068650917261,0.135924359226343,0.3902106274148513,-0.4664774062063763,-0.4664774062063763
2019-02-11,2.5927446954141,-0.696359618841893,0.145291043822726,0.053863335211838004,0.6225782551459726,0.1359697204732384,0.3261038157057033,-0.4786486775392617,-0.4786486775392617
2019-02-12,2.595482546201232,-0.74793369531863,0.10870711146986499,0.017609091292019,0.6823910247077748,0.1367508238533932,0.2741756862577814,-0.4780436868670481,-0.4780436868670481
2019-02-13,2.598220396988364,-0.8501485163256183,0.16110482001523801,0.080954726689108,0.7096384146591638,0.1339490335611661,0.2514679316011431,-0.4847166787384296,-0.4847166787384296
2019-02-14,2.6009582477754964,-0.8744313268564039,0.105241442469898,0.06852197510387201,0.7176066398211941,0.130288342971633,0.2456007972149177,-0.4896833057403267,-0.4896833057403267
2019-02-15,2.6036960985626285,-0.8773088289884463,0.089527444535586,0.09583314259847099,0.7268083966606746,0.1290426598632902,0.2379382321921019,-0.4893731187299348,-0.4893731187299348
2019-02-16,2.6064339493497606,-0.8797050078444256,0.088476993527761,0.028973383802284,0.7410776489361097,0.1297553121236565,0.2253258005858042,-0.4876745252672467,-0.4876745252672467
2019-02-17,2.6091718001368926,-0.8722508991401555,0.060203638478506,0.001031318383888,0.7879335458952385,0.136664816216263,0.1830844311288997,-0.476403779476815,-0.476403779476815
2019-02-18,2.6119096509240247,-0.6637191251776539,0.060203638478506,0.001031318383888,0.8313510503597822,0.1761041692405216,0.1389491664705406,-0.4135134433292933,-0.4135134433292933
2019-02-19,2.614647501711157,-0.737685334090563,0.018683860495953,-0.040244247683942004,0.8477875782285299,0.2004923171950068,0.1216950006246443,-0.4064111752317849,-0.4064111752317849
2019-02-20,2.617385352498289,-0.7382366794292919,0.0114179587433,-0.111749431725873,0.8813804368507893,0.2205305331709564,0.0924603276434093,-0.3940364261529545,-0.3940364261529545
2019-02-21,2.620123203285421,-0.7269327142639743,0.032190815033219,-0.070914945505109,0.88814240704047,0.2237504234592378,0.0868294091677041,-0.4064072590107415,-0.4064072590107415
2019-02-22,2.622861054072553,-0.7261906097118577,0.040574217489013,-0.029958771320726,0.91394792253885,0.2330084851426752,0.0660012132485472,-0.3943836198786243,-0.3943836198786243
2019-02-23,2.625598904859685,-0.6785788290140621,-0.009316391233145,-0.043330049275041,0.9277992534953168,0.2580192604024992,0.0535715632910365,-0.3616876031531753,-0.3616876031531753
2019-02-24,2.628336755646817,-0.3178591021752326,0.075164548890449,0.004146461596474,0.8237760625145555,0.2211176967814766,0.1372577063109001,-0.4460797501406155,-0.4460797501406155
2019-02-25,2.631074606433949,-0.30613495914172584,0.064725205204745,-0.006219296966368,0.7678021108239832,0.2134184592208163,0.1826425734337454,-0.4281412244286517,-0.4281412244286517
2019-02-26,2.6338124572210813,-0.3045150082868539,0.021922860681236,-0.048719935187713004,0.717177869810142,0.2053528946973694,0.2247437870708944,-0.4363058366959524,-0.4363058366959524
2019-02-27,2.6365503080082138,-0.35742298281401813,0.041775616279782,-0.00415853150141,0.678199905468127,0.2012747035060792,0.257029875916742,-0.4380018098749225,-0.4380018098749225
2019-02-28,2.639288158795346,-0.36157139742072475,0.03548361181048,-0.067141195421576,0.6501066089386365,0.2022376785343713,0.2791317639185944,-0.4378681161618782,-0.4378681161618782
2019-03-01,2.642026009582478,-0.3637705278091525,0.124816707270347,-0.018612377921598998,0.5920200249239493,0.2040586342462307,0.3247281385622205,-0.4374607478679078,-0.4374607478679078
2019-03-02,2.64476386036961,-0.36962323183910273,0.0993928572968,-0.018612377921598998,0.5504582995035033,0.2058114603150053,0.3570208666448219,-0.4370465472308424,-0.4370465472308424
2019-03-03,2.647501711156742,-0.3680128688874466,0.0993928572968,-0.040239310463938,0.512139052158808,0.2040298784544353,0.388322737950488,-0.4423472714688063,-0.4423472714688063
2019-03-04,2.650239561943874,-0.34197957919568706,0.11508667640176899,-0.024762470935172,0.4478993571001787,0.1910067643170739,0.4466456855221501,-0.465653515306057,-0.465653515306057
2019-03-05,2.652977412731006,-0.3135099800054073,0.132872632217693,-0.007222420155458,0.4556194310479365,0.2063550990212597,0.4320448627407107,-0.4312828056747584,-0.4312828056747584
2019-03-06,2.6557152635181382,-0.3145755103632775,0.106416722868947,-0.020603373737605003,0.4645472691491043,0.2410979381524501,0.4063561814646459,-0.4301864001402453,-0.4301864001402453
2019-03-07,2.6584531143052703,-0.31454936067400296,0.163371458871253,0.030809840187029,0.4742654414183724,0.2665878370483922,0.3855801197477602,-0.4291013644119115,-0.4291013644119115
2019-03-08,2.6611909650924024,-0.3289526856111697,0.09852775312981499,0.059923734432122996,0.4757339693478687,0.277432788896599,0.3788174436445606,-0.432591799752565,-0.432591799752565
2019-03-09,2.6639288158795345,-0.3271732389456901,0.089109998063994,0.060963419583282,0.5022591295925302,0.2954820705251088,0.3506673674345008,-0.4176366111019423,-0.4176366111019423
2019-03-10,2.6666666666666665,-0.5648133645474547,0.075538427312096,0.010281289911278,0.5069138284410674,0.3042143420762997,0.3430822862912105,-0.4214500120585924,-0.4214500120585924
2019-03-11,2.6694045174537986,-0.554990927785002,0.060016746142157004,-0.005139860603341,0.4700786776472857,0.3548911379517578,0.3418569412380592,-0.4340917227709067,-0.4340917227709067
2019-03-12,2.6721423682409307,-0.5554410258522509,0.031043362339873003,-0.033925589909402996,0.4445119823327709,0.419240220510176,0.3226050986496594,-0.4339231701550119,-0.4339231701550119
2019-03-13,2.674880219028063,-0.5641257910436456,-0.052544253004754,-0.05049442076944,0.4240583874839068,0.458314951080579,0.3119789605505101,-0.4353820900334124,-0.4353820900334124
2019-03-14,2.6776180698151952,-0.5639328990806534,0.00827234327495,-0.018562473229849,0.4179717860709869,0.5291549577745548,0.2740450989638066,-0.4317129874262591,-0.4317129874262591
2019-03-15,2.6803559206023277,-0.5653685359729795,-0.05456592137175301,-0.038156413522147,0.4325631660100075,0.5795292906495196,0.2385905680993628,-0.4232937724553824,-0.4232937724553824
2019-03-16,2.68309377138946,-0.5509541016345604,-0.039183838900674,-0.021691879947168,0.4895416133122456,0.640673380529299,0.1834212864689786,-0.4022409465238361,-0.4022409465238361
2019-03-17,2.6858316221765914,-0.5468459326200256,-0.033016890308481,0.009325078841422,0.5794272614441779,0.6616291127785096,0.1423095706863054,-0.4089279163457711,-0.4089279163457711
2019-03-18,2.6885694729637235,-0.5467548261436932,-0.041271309681791,0.001035592852005,0.6521419664991487,0.6750857047734068,0.1130240477938377,-0.4079887338995771,-0.4079887338995771
2019-03-19,2.691307323750856,-0.5485799310766846,-0.055716149992706,-0.013470612365028,0.7311961843854866,0.6976453512511466,0.0812740832524777,-0.3993195518696879,-0.3993195518696879
2019-03-20,2.694045174537988,-0.7472590246682754,-0.119685932173957,-0.150174765083394,0.7970016309545082,0.7155904383218776,0.057734677161602,-0.3962085782284337,-0.3962085782284337
2019-03-21,2.69678302532512,-0.7365872947903067,-0.0020717616827479997,-0.091385090381572,0.8009751864695756,0.7280538391996718,0.0541240339436001,-0.4113989708424199,-0.4113989708424199
2019-03-22,2.699520876112252,-0.7456997550052992,0.020736607979783,-0.04018954925484,0.8002710203076766,0.7363926189323803,0.0526500332600011,-0.4135886473202141,-0.4135886473202141
2019-03-23,2.702258726899384,-0.7534365168382644,0.004140452880099,-0.042241504536134,0.8078959654544126,0.7485380178320967,0.0483068613092847,-0.4115072171272871,-0.4115072171272871
2019-03-24,2.704996577686516,-0.7615536640151799,0.01450620521703,-0.08107562558841,0.8042239816149123,0.7587545222255195,0.0472300790920959,-0.4157526358729875,-0.4157526358729875
2019-03-25,2.707734428473648,-0.8187821449463809,0.0062167192276140005,-0.08928599392278999,0.757839927458283,0.7365151311319184,0.0638055149587394,-0.4313901580534338,-0.4313901580534338
2019-03-26,2.7104722792607805,-1.3423947147124418,0.023831284058453,-0.071839548450098,0.6983214794349567,0.7355807561333811,0.0797696062986089,-0.4266927144033996,-0.4266927144033996
2019-03-27,2.713210130047913,-1.3160183836684713,0.037339795382511004,-0.033985770982544,0.7627341947181485,0.7823076401480462,0.0516509530639804,-0.4022940436837565,-0.4022940436837565
2019-03-28,2.7159479808350446,-1.320392983827613,0.124999682108561,0.006176400964663001,0.7918404331002458,0.7973605004892268,0.0421813504549455,-0.4075620159006039,-0.4075620159006039
2019-03-29,2.7186858316221767,-1.3184781980052427,0.117524413466996,0.024731848877295,0.8287503434427927,0.8184304899251328,0.0310937162415813,-0.40126686494661,-0.40126686494661
2019-03-30,2.7214236824093088,-1.3186013976695772,0.116472033541406,0.10386373210206501,0.7618411442669588,0.823215272788555,0.0421028483437555,-0.4001199530435517,-0.4001199530435517
2019-03-31,2.724161533196441,-1.3181096926566993,0.077696054023037,0.033003269167259,0.7109345671863353,0.8250396607062414,0.0505749862031759,-0.4012967138250847,-0.4012967138250847
2019-04-01,2.726899383983573,-1.3074058555325638,0.074588338320538,0.029909335629705,0.7032099754082911,0.8498227986131639,0.0445710952927131,-0.3894080641152371,-0.3894080641152371
2019-04-02,2.729637234770705,-0.027680617230199937,0.085983822806459,0.041254283174076,0.770978643574251,0.9173073276077536,0.0189383879977423,-0.230449020103606,-0.230449020103606
2019-04-03,2.732375085557837,-0.059871760682547605,0.042407533245827,0.055928873025861,0.768836548880751,0.8797243607315036,0.0278033318588794,-0.2126462418428527,-0.2126462418428527
2019-04-04,2.735112936344969,-0.07350171512994609,0.047496034250902,0.07871511991859301,0.7576740933964268,0.8490637215316101,0.0365757705192219,-0.2238870506771455,-0.2238870506771455
2019-04-05,2.737850787132101,-0.06675811382456345,0.054712373724543004,0.03606372623548,0.769033475104032,0.8606470302454683,0.0321858711581371,-0.2021339414032787,-0.2021339414032787
2019-04-06,2.740588637919233,-0.06781556446973927,-0.027643764526277,0.095356357476659,0.7817658117255794,0.870708429439672,0.0282158409519581,-0.1986718517394656,-0.1986718517394656
2019-04-07,2.7433264887063653,-0.06073336104029735,0.00308090566403,0.104782876089419,0.8166396106553278,0.9090366046890896,0.0166790835803218,-0.1727085761059168,-0.1727085761059168
2019-04-08,2.746064339493498,-0.0599387266875049,-0.03286429966086,0.068472213537562,0.8572325024286082,0.9469798550093872,0.0075695534211821,-0.1565525973173382,-0.1565525973173382
2019-04-09,2.74880219028063,-0.04119016086997851,-0.036972435061803005,0.064322310458342,0.8723659019400969,0.9439544007701548,0.007153329507928,-0.1738664402029588,-0.1738664402029588
2019-04-10,2.751540041067762,-0.0522899624938621,-0.027772502475902,0.081106248741589,0.8879564820663909,0.9480684331437677,0.0058185954423767,-0.1523265947464729,-0.1523265947464729
2019-04-11,2.754277891854894,0.07402922604578085,0.024757361019731,0.10502258037440501,0.8559447169760552,0.8860900856115691,0.0164093249564587,-0.2035152091932381,-0.2035152091932381
2019-04-12,2.757015742642026,0.07145066342735104,0.043500585776281006,0.015492824452768998,0.8361458506000281,0.8612692679920826,0.0227316060887927,-0.199698385548146,-0.199698385548146
2019-04-13,2.759753593429158,0.07273493145294692,0.018596993849899,0.06852909135500901,0.8224810359852703,0.8505941263934116,0.0265223759003572,-0.1994320556521867,-0.1994320556521867
2019-04-14,2.7624914442162902,0.07363514279021434,0.038302562362995,0.081089381380567,0.8241870465982214,0.8627722584217814,0.0241264145355226,-0.1867038091736841,-0.1867038091736841
2019-04-15,2.7652292950034223,0.09420434195559188,0.035197098618611,0.077970681044203,0.8081254900318359,0.8440872680573954,0.0299156790392849,-0.2074721752137005,-0.2074721752137005
2019-04-16,2.7679671457905544,0.10849180938498545,0.045548907697356,0.08836661321834201,0.8238724566840894,0.8762223842251221,0.0218006473839299,-0.1759141141549935,-0.1759141141549935
2019-04-17,2.7707049965776864,0.10791346358555798,0.050767251368244,0.13582729748126499,0.8373265497677808,0.8963227884297501,0.0168655297165883,-0.1739381041501122,-0.1739381041501122
2019-04-18,2.7734428473648185,0.10789379300498729,0.11309441775757301,0.16371216578141098,0.8557857573484294,0.9178097876950412,0.0118529992209314,-0.1662895394690711,-0.1662895394690711
2019-04-19,2.7761806981519506,0.10917770889760149,0.17857132898138,0.236294893000987,0.8703003704061548,0.929889514015406,0.0090933040628463,-0.1664217727521677,-0.1664217727521677
2019-04-20,2.778918548939082,0.09038997497097326,0.100518261212758,0.20200965948097502,0.886950899659069,0.9443193274139488,0.006294649942231,-0.161179966207662,-0.161179966207662
2019-04-21,2.7816563997262147,0.09299471657851953,0.084842181260045,0.188147077057443,0.8949980176981609,0.9457835540070196,0.0056928343026235,-0.1667196980707199,-0.1667196980707199
2019-04-22,2.784394250513347,0.09290640723574978,0.065183367146588,0.16828688629306898,0.9166479912312988,0.967152080943993,0.0027379400371898,-0.1520556359917435,-0.1520556359917435
2019-04-23,2.7871321013004797,0.10214840617118577,0.09518863470467401,0.198599515233985,0.9182139415056882,0.9698787583639809,0.0024634976303647,-0.1217275018523569,-0.1217275018523569
2019-04-24,2.789869952087612,0.11123248368062016,0.158434170459966,0.262580001296175,0.8836534313110715,0.9455844033957232,0.0063310679480685,-0.1423905344754903,-0.1423905344754903
2019-04-25,2.7926078028747434,0.22245523888028237,0.15091990042512302,0.23236383236160799,0.7634330443683223,0.8769403957517529,0.0291118359382469,-0.1911746339529472,-0.1911746339529472
2019-04-26,2.7953456536618755,0.21404446981079583,0.128139458115081,0.20299860786976198,0.6904337991167508,0.8579075711768995,0.0439870133650407,-0.1791883943108256,-0.1791883943108256
2019-04-27,2.798083504449008,0.21223524274557756,0.083333869693391,0.201936343038291,0.6316559261239343,0.8459351333515793,0.056748880622452,-0.1824182205841982,-0.1824182205841982
2019-04-28,2.80082135523614,0.21312203601962557,0.07504146444222201,0.173345013682861,0.5937107986839378,0.8436912487813796,0.0635065576913243,-0.1803606662577568,-0.1803606662577568
2019-04-29,2.803559206023272,0.21976203261702618,0.059621899499665995,0.157774997948916,0.5514851695719217,0.8341760873176106,0.0743744840776623,-0.188660728760059,-0.188660728760059
2019-04-30,2.806297056810404,0.2212042676214818,0.020559681347290998,0.118331644423637,0.5574781615666364,0.8523800948669107,0.0653250318088534,-0.1702990224727987,-0.1702990224727987
2019-05-01,2.809034907597536,0.2207027189399337,0.045244466982645,0.14012934968159602,0.5809073696459671,0.873025906729493,0.053213906735555,-0.1617901154086229,-0.1617901154086229
2019-05-02,2.811772758384668,-0.7637458677870261,0.048274570435153,0.158878372877575,0.635854544416315,0.906135458606238,0.0341803461889851,-0.1441584710588639,-0.1441584710588639
2019-05-03,2.8145106091718,-0.6763519605961753,0.044288837305061994,0.145650630095737,0.6979081226098828,0.9333509861461812,0.0201341257213,-0.0987249111872294,-0.0987249111872294
2019-05-04,2.817248459958932,-0.6875970750898044,0.021580422334939002,0.095237907192284,0.7572846762078975,0.9555118352997946,0.0107979593001267,-0.0891284037109176,-0.0891284037109176
2019-05-05,2.8199863107460645,-0.6977814633709397,0.012319827033639,0.180602955528172,0.7915429870163017,0.9594887276055633,0.0084448588355132,-0.096463654573057,-0.096463654573057
2019-05-06,2.8227241615331966,-0.6886555358468894,0.012319827033639,0.180602955528172,0.801548715669945,0.9516807160753789,0.0095890239527496,-0.1061604377421634,-0.1061604377421634
2019-05-07,2.8254620123203287,-0.7121097552427932,0.02361352401806,0.192086472523704,0.8022361282402778,0.9452921647541184,0.0108192333138185,-0.0931124519376016,-0.0931124519376016
2019-05-08,2.8281998631074607,-0.6954741580944669,0.058732578763573,0.19530054794590399,0.8493625122585148,0.9711986869982971,0.0043385574342326,-0.0684813652800979,-0.0684813652800979
2019-05-09,2.830937713894593,-0.6808262553387571,0.037109638431511,0.16176195540538602,0.884906316851866,0.984075309289919,0.001832831306818,-0.0381858091770936,-0.0381858091770936
2019-05-10,2.833675564681725,-0.6578407870877797,0.039195966454268,0.20872724665431602,0.9025903365640392,0.9828760261894456,0.0016680405255723,-0.0069740778095948,-0.0069740778095948
2019-05-11,2.836413415468857,-0.22878965228868614,0.015435431715151,0.18309269370943002,0.9120710918333548,0.9751731576447562,0.002182997141522,0.1132916234668961,0.1132916234668961
2019-05-12,2.839151266255989,-0.15284266029800303,0.037124946459698,0.18309269370943002,0.876939660221411,0.922971932468628,0.0094791001628987,0.0790556769048684,0.0790556769048684
2019-05-13,2.841889117043121,0.21522648590174642,0.036093479397252,0.182046226243552,0.8874526156037403,0.9365204804589564,0.0071444538870757,0.191549398291869,0.191549398291869
2019-05-14,2.844626967830253,0.2175059091136491,0.057749567035602994,0.20401725370218798,0.89340680798834,0.9401427379402012,0.0063803766280323,0.2126482889465979,0.2126482889465979
2019-05-15,2.847364818617385,0.18053483751873117,0.064988367810159,0.17944718289875702,0.9149161666676996,0.9635575343291036,0.0031006646753606,0.237029504511673,0.237029504511673
2019-05-16,2.8501026694045173,0.2686733375646518,0.082439758328081,0.181061174963295,0.9015186662096696,0.937566528172211,0.0061485315787616,0.1956272734613016,0.1956272734613016
2019-05-17,2.8528405201916494,0.4820627781910814,0.102051112459442,0.163866610771576,0.8474644798126737,0.8696992642788506,0.0198754905040168,0.1230462127205438,0.1230462127205438
2019-05-18,2.855578370978782,0.4947730818031708,0.054375579425385005,0.15438792154063702,0.8010701332938754,0.8283933766543962,0.034137682708029,0.1116137864764059,0.1116137864764059
2019-05-19,2.858316221765914,0.812437619245405,0.054375579425385005,0.140728540867234,0.8408862483950443,0.901707870098337,0.0156396295418952,0.2299144482495521,0.2299144482495521
2019-05-20,2.861054072553046,0.8550783275767063,0.047193913892651,0.133485194916662,0.8530124753761296,0.9161146860531446,0.0123300946493445,0.2011947631687363,0.2011947631687363
2019-05-21,2.863791923340178,0.852921972660091,0.060531069098348,0.14693689754901001,0.8596992192598804,0.9217986161936942,0.0109717152029824,0.1977260170663122,0.1977260170663122
2019-05-22,2.86652977412731,0.9139695033611411,0.08532091298004,0.108180824043802,0.8400388600094213,0.8959110993775838,0.0166501792039277,0.159964414568801,0.159964414568801
2019-05-23,2.869267624914442,0.9090919856653623,0.028697220474802,0.11787813053877501,0.8412587393828891,0.9034326997521596,0.0153292149757332,0.1843263699709716,0.1843263699709716
2019-05-24,2.8720054757015743,0.8835883600765623,-0.049948814616831004,0.049418652373812995,0.8497843916930676,0.917896255715204,0.0123332638920174,0.1960399668317265,0.1960399668317265
2019-05-25,2.8747433264887063,0.7863315337168993,-0.060081095338688995,0.064961562343865,0.8621914507572654,0.9317380742846426,0.0094070769513487,0.2025728290025625,0.2025728290025625
2019-05-26,2.8774811772758384,0.8764259166603935,-0.04081231682078,0.071192989521466,0.8954648244821516,0.9645186457450003,0.0037090495946573,0.2751431797062977,0.2751431797062977
2019-05-27,2.8802190280629705,0.867244961620214,-0.04081231682078,0.071192989521466,0.9135913877158914,0.9730684502773532,0.0023271178381943,0.2886145024713471,0.2886145024713471
2019-05-28,2.8829568788501025,0.8807831906852607,-0.005101831513922,0.10730509029874799,0.9201561626588182,0.9695647035964902,0.0024300708554724,0.2771384075983487,0.2771384075983487
2019-05-29,2.8856947296372346,0.8805190796750949,0.028612178372217998,0.125877140296317,0.9189462252993952,0.9623312355692912,0.0030531955454168,0.2685071075370455,0.2685071075370455
2019-05-30,2.8884325804243667,0.9591419992978412,0.06770578682667701,0.167841152395895,0.8787169308577254,0.9198512026245974,0.0097206921337511,0.2268294698842687,0.2268294698842687
2019-05-31,2.891170431211499,0.9641577980293221,0.006141627300066,0.134785183296108,0.8678417408044945,0.9197623640228652,0.0106040662927008,0.2553683287396282,0.2553683287396282
2019-06-01,2.8939082819986317,0.9704404540313392,-0.008177637693683,0.118000143095566,0.8502212092050891,0.9187471897002608,0.0121699476753832,0.2524934388194459,0.2524934388194459
2019-06-02,2.8966461327857638,0.9451718691267359,0.023585250702522,0.128483870720381,0.8562260499703521,0.9348063592832286,0.0093731472426639,0.2714988062291947,0.2714988062291947
2019-06-03,2.8993839835728954,1.086007128011794,-0.038966085572049,0.065277923476643,0.7907428527786514,0.8934005813778708,0.022306690236321,0.2068854811220646,0.2068854811220646
2019-06-04,2.9021218343600275,1.2070264873388608,-0.046144069291678,0.058024820868127,0.678029465132589,0.8262933511241088,0.0559284226485962,0.1423672147077503,0.1423672147077503
2019-06-05,2.9048596851471595,1.199795768446964,-0.015380834869525,0.099574634167343,0.6082722443903148,0.8035218795657204,0.0769659331441297,0.1558310128211548,0.1558310128211548
2019-06-06,2.907597535934292,1.2018550252489648,-0.061456364949357,0.10729153951009,0.5556741518103059,0.7919213740406754,0.092454711969523,0.1540186865022352,0.1540186865022352
2019-06-07,2.910335386721424,1.2035054585196132,-0.103462621165091,0.047841817698655,0.5295234645236786,0.8065526229128759,0.0910124517689316,0.1804342061617099,0.1804342061617099
2019-06-08,2.913073237508556,1.2014557397043342,-0.078053005524554,0.046796685846997,0.4957096140819381,0.8054696090026877,0.098099805948826,0.1676590576712975,0.1676590576712975
2019-06-09,2.915811088295688,1.2263147803825447,-0.07397526016211199,0.008287768783421,0.3980310267807634,0.7790784548251736,0.1329879157108974,0.1321362465294537,0.1321362465294537
2019-06-10,2.91854893908282,0.9257506868059421,-0.05856361698354699,0.023827137661058,0.3776920069547511,0.7939877533920106,0.1282030677293608,0.1704000093687501,0.1704000093687501
2019-06-11,2.921286789869952,0.8957886675764115,-0.065755612617715,0.016575537566843,0.3501310570716985,0.7945588740296771,0.1335098073683338,0.1597470162986098,0.1597470162986098
2019-06-12,2.924024640657084,0.5770406271428492,-0.03288118535015,0.033098851242667,0.366430796235538,0.8155232087049362,0.1168788137738364,0.1853262910592619,0.1853262910592619
2019-06-13,2.926762491444216,0.5661635428574769,-0.053316584597022,0.016520770741379,0.3902170581939838,0.83406920795405,0.1011817665099816,0.1941393577550911,0.1941393577550911
2019-06-14,2.9295003422313486,0.6296758272742743,0.0,0.072261477071844,0.488209986619341,0.8872234761056076,0.0577178986729353,0.2472157952990965,0.2472157952990965
2019-06-15,2.9322381930184807,0.5833006425411531,-0.027595733153338,-0.010238402374916,0.5867322873489773,0.9275024036452556,0.0299609158182222,0.2620482236453902,0.2620482236453902
2019-06-16,2.9349760438056127,0.4156101777185803,-0.043877582160792995,0.020539893458018,0.6418693767507045,0.9332824629559718,0.0238935931232357,0.277881828871898,0.277881828871898
2019-06-17,2.937713894592745,0.43029819682779347,-0.044898208306758,0.019512663721106,0.7184351161289778,0.9581896673994532,0.0117723214432817,0.3117546264214503,0.3117546264214503
2019-06-18,2.940451745379877,0.035464375671237,-0.036734756158323,0.027728934522995997,0.7436509501919479,0.9496504643201488,0.0129070556298064,0.2841404126035129,0.2841404126035129
2019-06-19,2.943189596167009,0.010020344709088453,-0.08271189176652301,-0.010285792312846,0.788449331207929,0.9622531439316226,0.0079853726460632,0.303330573867516,0.303330573867516
2019-06-20,2.945927446954141,0.0247804565103891,-0.145829118986194,-0.03197907779873,0.8330534951024798,0.9753883403540904,0.0041088305576119,0.328579420225612,0.328579420225612
2019-06-21,2.948665297741273,0.06486701238846689,-0.192640849851245,-0.034179370339093997,0.8747901213268598,0.9876941701770452,0.0015408114591044,0.3895625306053336,0.3895625306053336
2019-06-22,2.951403148528405,0.12256870172495862,-0.166581224204011,-0.058890349151011004,0.8743870217714885,0.9631574907119028,0.0046278973170894,0.4411580685304574,0.4411580685304574
2019-06-23,2.954140999315537,0.12280485988559116,-0.142403378850202,-0.039337190416185,0.879255096910878,0.9555701655898754,0.0053646760501162,0.4535328284435902,0.4535328284435902
2019-06-24,2.9568788501026693,0.12316661445926687,-0.166990804551343,-0.064181690163649,0.8934809771620327,0.9621176250621432,0.004035193561162,0.4658791128466273,0.4658791128466273
2019-06-25,2.9596167008898013,0.09849740776967869,-0.14855003987044502,-0.045548117904948,0.9201107328715246,0.9810588125310716,0.0015131975854357,0.5323274671913332,0.5323274671913332
2019-06-26,2.9623545516769334,0.34932994579944904,-0.14342808289363201,-0.032117443988329004,0.9087474854762992,0.951253090078272,0.004448278105618,0.629102545755341,0.629102545755341
2019-06-27,2.965092402464066,1.0600060587743834,-0.180685653287943,-0.019713095810963997,0.8263952658134706,0.8440599996726813,0.0270719223058714,0.4753748459830724,0.4753748459830724
2019-06-28,2.967830253251198,1.2600381138115673,-0.204809674824849,0.038637751559478004,0.8139016736878238,0.8521031402904242,0.0275233580587787,0.5772553840402459,0.5772553840402459
2019-06-29,2.97056810403833,1.2524627489563667,-0.204809674824849,-0.038342253531817,0.7865071151568397,0.8335754260693274,0.0355304623972531,0.538500187699114,0.538500187699114
2019-06-30,2.973305954825462,1.5114598323224773,-0.165729181236015,-0.053802820926154994,0.7199346863090692,0.7668151504750628,0.065306988030174,0.4362583020619777,0.4362583020619777
2019-07-01,2.976043805612594,1.5280428536523218,-0.093095003796355,0.019658024729658004,0.6565877080326937,0.7216549788072056,0.0955871016855059,0.4125553602648946,0.4125553602648946
2019-07-02,2.9787816563997263,1.5279060640832538,-0.10434748266664001,0.008277478509224001,0.6162718300155717,0.7096443991858563,0.1114176233451405,0.4311420662659415,0.4311420662659415
2019-07-03,2.9815195071868583,1.5948231887252262,-0.038089638553308,0.020710049588299,0.6318446992725815,0.762089301860177,0.0875880846199366,0.5311423648216227,0.5311423648216227
2019-07-04,2.9842573579739904,1.5991920080359758,-0.030905846574738,0.0031009696050560004,0.6089268379039662,0.7504573207762613,0.0975894446419437,0.4648670847297289,0.4648670847297289
2019-07-05,2.9869952087611225,1.6218529331608045,-0.012324406202839,0.049602498045346,0.5706397848531793,0.7323621815325193,0.1149130313186232,0.4416466407574138,0.4416466407574138
2019-07-06,2.9897330595482545,1.62062991373754,0.022673526071410002,0.005144347050178,0.5481136463697303,0.7349795954335303,0.1197591042571608,0.4605019125076559,0.4605019125076559
2019-07-07,2.9924709103353866,1.617149555595885,0.066245666660296,-0.003083756134181,0.5391086016752147,0.7485720504236,0.1158809792582006,0.4799793192900008,0.4799793192900008
2019-07-08,2.9952087611225187,1.6721620590013633,0.079701546237636,0.010279448537817001,0.5755198294892597,0.7977061681009541,0.085869720257778,0.5483822059841348,0.5483822059841348
2019-07-09,2.9979466119096507,1.6232960617482919,0.091087594230245,0.021587077210915996,0.6169629516785542,0.8368666727094116,0.0624861081682433,0.5695263095957106,0.5695263095957106
2019-07-10,3.0006844626967832,1.659920909280505,0.035138107728844,-0.015424321427136001,0.6228901142865884,0.8352909513021711,0.062113410530403,0.5338028600305993,0.5338028600305993
2019-07-11,3.0034223134839158,1.7813768475968017,0.037232454365663,-0.031840340658421,0.5744849427182214,0.7940542194700003,0.0876330305991634,0.4640296971857705,0.4640296971857705
2019-07-12,3.006160164271048,1.791653108474917,-0.019587880557343,-0.028839096699768002,0.5588696242511084,0.7966209570234422,0.0897166736476989,0.5015694586337798,0.5015694586337798
2019-07-13,3.0088980150581794,1.8370121937419288,-0.020616902714407,-0.051382181948872,0.5210649657724932,0.7764285729229675,0.1070761890794311,0.4631737759985768,0.4631737759985768
2019-07-14,3.0116358658453115,2.0394848548518443,-0.07789301410346999,-0.060575355035119995,0.4227169507248245,0.7087240082135072,0.1681486927191575,0.3563382806566189,0.3563382806566189
2019-07-15,3.014373716632444,2.0916533472749,-0.065593870211151,-0.048254744696102005,0.3883186841478816,0.7071087997309684,0.1791560747820675,0.4149531510024768,0.4149531510024768
2019-07-16,3.017111567419576,2.451158735512434,-0.017423200725328,0.0,0.292937067164771,0.633624214583068,0.2590507373567065,0.273915634064231,0.273915634064231
2019-07-17,3.019849418206708,2.4390380264798983,-0.03484997400563,0.017516554724337,0.2516860886693112,0.6066849947109142,0.2943230899929263,0.2947817320253154,0.2947817320253154
2019-07-18,3.02258726899384,2.5666912440175715,-0.08705433013462299,-0.022678199758638,0.2835198691077621,0.6430330769218225,0.2557597077712519,0.3886051742894931,0.3886051742894931
2019-07-19,3.025325119780972,2.567529181619248,0.003088836331186,0.020629663118347,0.2988389451606719,0.6539142722530005,0.2426618339319227,0.374018314034954,0.374018314034954
2019-07-20,3.028062970568104,2.564315913571849,0.053813959147406,-0.0030869293272970002,0.3252288895865194,0.6708435342057828,0.2221052739237407,0.3944171316353149,0.3944171316353149
2019-07-21,3.030800821355236,2.5103860282262334,0.096653532880612,0.01856247322985,0.3344302318202756,0.6706011672425156,0.2192379047570706,0.3769068563027016,0.3769068563027016
2019-07-22,3.033538672142368,2.4730423469342973,0.108085730859832,0.029906250580251002,0.3251957392770603,0.6562049984384676,0.2319943318689717,0.3507079325631164,0.3507079325631164
2019-07-23,3.0362765229295,2.497523742236257,0.154853236839176,0.07631204026545299,0.2903894570852897,0.6106999233608541,0.2762514387406427,0.3053045609172109,0.3053045609172109
2019-07-24,3.0390143737166326,2.4928095492999853,0.182329645633794,0.08149379983819,0.2586850883615216,0.5829895276708302,0.3091360814470186,0.2946084924324008,0.2946084924324008
2019-07-25,3.0417522245037647,2.406130955897641,0.172628532601537,0.08037909850968099,0.2412044717487523,0.5726906335370575,0.3242404364519544,0.3030481880797087,0.3030481880797087
2019-07-26,3.0444900752908968,2.2094035124510607,0.187091057986334,0.103082154208768,0.2254758830784422,0.5642919923429248,0.3374663598662474,0.2971640632422172,0.2971640632422172
2019-07-27,3.047227926078029,1.841953872448184,0.189208820940918,0.05540175528516,0.1889324091342112,0.5378869195442222,0.3748049428728361,0.2549385042122676,0.2549385042122676
2019-07-28,3.049965776865161,1.5989758086126233,0.195569014514425,0.05540175528516,0.1662635290218879,0.5289364873529335,0.3927428306409184,0.2611985515166637,0.2611985515166637
2019-07-29,3.052703627652293,1.5824053024059233,0.198689661570907,0.058479500121636996,0.1471368380384012,0.5225544604232633,0.4071957125478773,0.2560282656059378,0.2560282656059378
2019-07-30,3.055441478439425,1.395941030006056,0.199730141807694,0.059505675981408004,0.1383559612154249,0.5243562050097386,0.4098356405382313,0.2636159847426302,0.2636159847426302
2019-07-31,3.058179329226557,1.4454623449050246,0.173482070291906,0.127466887266596,0.1811187057702867,0.5523028725763123,0.3666108031276343,0.3104930846535385,0.3104930846535385
2019-08-01,3.060917180013689,1.4573802149827317,0.171611286581834,0.084042195079325,0.2485647057382159,0.5840374279557176,0.3125689577259839,0.3394236898958116,0.3394236898958116
2019-08-02,3.063655030800821,1.2169383003876069,0.137439483020791,0.0,0.3128820906321375,0.6051652298582626,0.2712980418055311,0.3490115777582652,0.3490115777582652
2019-08-03,3.0663928815879533,1.150892357929157,0.137439483020791,-0.010183144320646001,0.4158833267320626,0.6330306143520386,0.214352936735866,0.3756888529938944,0.3756888529938944
2019-08-04,3.0691307323750854,1.1455103183215016,0.087403442069007,0.009182362608819,0.5509868176658348,0.6554249402835102,0.1547187441162861,0.3875267221161316,0.3875267221161316
2019-08-05,3.071868583162217,1.2585863081350075,0.025706940874034998,-0.052035723407249,0.6550556436970149,0.7138371194929427,0.0987102706143149,0.4590529393805891,0.4590529393805891
2019-08-06,3.07460643394935,1.2682479075894368,0.039074267703644,-0.038772051273331,0.6773466568421628,0.7224315036639142,0.0895584032981319,0.4290857877280363,0.4290857877280363
2019-08-07,3.077344284736482,1.1896011367439892,0.016430855064926,-0.032699743800160996,0.7305526156931781,0.7536339814460186,0.0663826792814562,0.4668184002339792,0.4668184002339792
2019-08-08,3.080082135523614,1.1758833161441975,0.013335202139832001,0.014361857286342001,0.7724791168601038,0.7706529100110612,0.0521812524598486,0.4669834744269661,0.4669834744269661
2019-08-09,3.082819986310746,1.1523355425884352,0.040164716351913,-0.020473392633670002,0.7953628586068234,0.7731599810181392,0.0464198930380219,0.4564326515731238,0.4564326515731238
2019-08-10,3.0855578370978782,1.0888347731927202,0.045336918925912996,-0.034754570266932,0.7704184336293656,0.7448912408354498,0.0585682685238663,0.4107735334197038,0.4107735334197038
2019-08-11,3.0882956878850103,1.0559641304661271,0.07024071091048,-0.003076166973906,0.7657390175514083,0.7405928328602646,0.0607689778283604,0.4237693091336059,0.4237693091336059
2019-08-12,3.0910335386721424,1.0276275032349709,0.058878185022079,-0.014355967439259,0.7505662293107405,0.7302662928614112,0.0672806956535706,0.4096510309545547,0.4096510309545547
2019-08-13,3.0937713894592744,0.7917802636817101,0.103295116746051,0.029737584650335,0.6989101033331893,0.6968642874332425,0.091271100372745,0.3641873475976336,0.3641873475976336
2019-08-14,3.0965092402464065,0.8639602298036281,0.109357015914208,0.048195368835313,0.5903252853696326,0.6311950653844088,0.1510900563429136,0.2818897440134265,0.2818897440134265
2019-08-15,3.0992470910335386,0.329234558367045,0.075975138827171,0.052238261863992,0.5303859021915862,0.6134340221152764,0.1815368329477617,0.3057246182298012,0.3057246182298012
2019-08-16,3.10198494182067,0.31694612734359773,0.094630544887237,0.053267427620984,0.4906268357148688,0.6072910316654937,0.2000354098436968,0.3101038266453528,0.3101038266453528
2019-08-17,3.1047227926078027,0.01724659300378132,0.139477059753236,0.079079451714754,0.449009292071938,0.5959098218591551,0.2226499333206008,0.2945902076522095,0.2945902076522095
2019-08-18,3.1074606433949348,0.017468016461537315,0.101904050254266,0.083221775748012,0.4168274168772218,0.5968664422925655,0.2350964381917201,0.3039928634943756,0.3039928634943756
2019-08-19,3.1101984941820677,0.10236301573756884,0.123520013319045,0.104797762650505,0.442950671063283,0.6304248816939828,0.2058715716440746,0.3559014429253651,0.3559014429253651
2019-08-20,3.1129363449692,0.10061276130969331,0.10705104469301299,0.088359251430443,0.4410746539680424,0.6357052147110172,0.2036135889252824,0.3400774654388421,0.3400774654388421
2019-08-21,3.1156741957563314,0.20208585428713732,0.106929970459037,0.10069907110631601,0.3753251870242272,0.6001472376036865,0.2497779495677632,0.2785841121566736,0.2785841121566736
2019-08-22,3.1184120465434635,0.13738169222667862,0.047077994962929005,0.065620772855408,0.325340186346632,0.5794315118042322,0.2837406578746353,0.2762440285472234,0.2762440285472234
2019-08-23,3.121149897330596,0.15608187490079095,-0.009209450956062999,0.0071743051187,0.3144926383929393,0.5818568372672084,0.2866402162589878,0.3015307715954947,0.3015307715954947
2019-08-24,3.123887748117728,0.17553584989392607,-0.018401176215225,-0.020441226055599,0.2824967272612768,0.5676313012241399,0.3102259564014628,0.2757653884238458,0.2757653884238458
2019-08-25,3.12662559890486,0.17497078836943264,-0.037751529284506,-0.036734756158323,0.2564367460886799,0.5592018267413175,0.3277613240263918,0.2720087446822425,0.2720087446822425
2019-08-26,3.129363449691992,0.1279160840273089,0.007142097061367,0.008163452148435,0.2592414136495182,0.566960982707612,0.3207773702841112,0.2929951513480926,0.2929951513480926
2019-08-27,3.132101300479124,0.14151051893750113,-0.001020521988824,0.0,0.2484376283408985,0.5578436818379466,0.332308051121929,0.2733195807822675,0.2733195807822675
2019-08-28,3.134839151266256,0.20811403487259153,0.017339674353102002,0.028591726582694002,0.1949114342901632,0.5202849715386294,0.3862130842134184,0.2284833113864799,0.2284833113864799
2019-08-29,3.137577002053388,0.2271201550070297,0.046914744533956,0.045890739225016006,0.1548709320394614,0.4794413866237879,0.4399392157414685,0.2015672407187239,0.2015672407187239
2019-08-30,3.14031485284052,0.14820139318155068,0.040601049483193,0.082560142040026,0.1338498858773047,0.4568454784531965,0.4704533508240217,0.2092064695384312,0.2092064695384312
2019-08-31,3.143052703627652,0.1122969772405878,0.053867139199581,0.10935101803882101,0.1251949468691292,0.4300418965160935,0.4986022290006092,0.2110153813033193,0.2110153813033193
2019-09-01,3.1457905544147846,0.11414087229241893,0.08358814552280999,0.134207309743099,0.1338121025211528,0.422298612121109,0.5003979505374286,0.2225641955856119,0.2225641955856119
2019-09-02,3.1485284052019167,0.20725510613845485,0.08358814552280999,0.134207309743099,0.2160918677383212,0.4559301335810801,0.4265007928043165,0.2795039420835223,0.2795039420835223
2019-09-03,3.1512662559890487,0.22527527366963093,0.08664612511134,0.137280640253221,0.3590501212987148,0.4932226891625846,0.3248188559098049,0.3042251030960745,0.3042251030960745
2019-09-04,3.154004106776181,0.027615454515569807,0.097435584435097,0.086056380764079,0.4615083151379723,0.5097200096174083,0.2640116980752605,0.2998150412937548,0.2998150412937548
2019-09-05,3.156741957563313,0.00509372650804472,0.079894134040254,0.045937584916539,0.5352446099167197,0.5165659665541713,0.2246785727936496,0.2963561269546204,0.2963561269546204
2019-09-06,3.159479808350445,-0.053069933220590754,0.087143578649053,0.025473813078744002,0.55412544897159,0.4952429155487013,0.225058338408132,0.2734778046777162,0.2734778046777162
2019-09-07,3.162217659137577,-0.03937720705733751,0.07887693314916999,0.025473813078744002,0.595156218376006,0.4964748597088595,0.2038490219382174,0.2875327927270721,0.2875327927270721
2019-09-08,3.164955509924709,-0.03977111550647312,0.092317319273773,0.06547308333999301,0.6134771660739056,0.4803900555630496,0.2008411082599505,0.2786364379848081,0.2786364379848081
2019-09-09,3.167693360711841,-0.09907281310959201,0.081034047885741,0.05421982396899,0.6097960671673129,0.463861561060006,0.209203327417163,0.2667715342781278,0.2667715342781278
2019-09-10,3.170431211498973,-0.10029955944457926,0.086163092182949,0.059335225683343,0.5748629156205655,0.4381145741695148,0.2388783316928694,0.2437489783817792,0.2437489783817792
2019-09-11,3.1731690622861053,-0.09894650672575593,0.13041736581240002,0.15544596929361001,0.5592234641825119,0.4302222056333785,0.2511446823866485,0.2482885421491882,0.2482885421491882
2019-09-12,3.1759069130732374,-0.13985325291492176,0.051119518707734006,0.127742646303485,0.5867176735707609,0.443419668336279,0.2300248143147401,0.2691691423679323,0.2691691423679323
2019-09-13,3.178644763860369,-0.4106956720297972,0.027554268634268003,0.09140385791759299,0.598947055554645,0.4460405375054146,0.2221670735368196,0.2627694912037768,0.2627694912037768
2019-09-14,3.181382614647501,-0.4391644253621427,0.012227710141468,0.12676526562999998,0.6076963053260607,0.447150551143314,0.2168848813849289,0.2609053015112526,0.2609053015112526
2019-09-15,3.184120465434634,-0.44080110292971336,0.012227710141468,0.170789930178525,0.6125089171630624,0.4468762947489956,0.2143305034904908,0.2582873061168254,0.2582873061168254
2019-09-16,3.186858316221766,-0.447505810167296,0.05196679635238,0.211158358621184,0.6041155636331642,0.4410492644533162,0.2212798968987271,0.2498006933202656,0.2498006933202656
2019-09-17,3.189596167008898,-0.45279484830645195,0.012227710141468,0.170789930178525,0.5918086469900871,0.4352858229903396,0.2305114439774527,0.2447350394772289,0.2447350394772289
2019-09-18,3.19233401779603,-0.599641901876757,0.025419420831591,0.190160840974356,0.5752967103409565,0.4289522079479149,0.2425258758370539,0.2389290115606375,0.2389290115606375
2019-09-19,3.1950718685831623,-0.6034631017178956,0.008146878467378,0.16340822854127499,0.5739641482297337,0.4312545104111837,0.2423059690974684,0.2439894055411411,0.2439894055411411
2019-09-20,3.1978097193702943,-0.7916012395799061,0.021363080158005,0.155670323322729,0.5493209353490037,0.4256041989616606,0.2588681623514186,0.2341080069176424,0.2341080069176424
2019-09-21,3.2005475701574264,-0.7768404386568935,0.034634203282761,0.154623231313155,0.4949757089000727,0.4097876446489186,0.2980715763595983,0.2165075079656713,0.2165075079656713
2019-09-22,3.2032854209445585,-0.8201136080535564,0.08910310856416101,0.09634133897164801,0.4439436412641013,0.4059451390971305,0.3303279828430104,0.2199796742062609,0.2199796742062609
2019-09-23,3.2060232717316905,-0.7858388265297084,0.09832026735699001,0.105565110435428,0.3334230412619197,0.3766596105949789,0.4155043410282096,0.1839935877485388,0.1839935877485388
2019-09-24,3.2087611225188226,-0.13835195573452067,0.07169161743321299,0.07891735630570501,0.2747674989381118,0.2725942366334615,0.5275383010531467,0.0616104641349988,0.0616104641349988
2019-09-25,3.2114989733059547,-0.16719500468587936,0.097879187046334,0.15170186490059,0.2217745888830717,0.2098328063171342,0.6149281891549576,0.0446249047242321,0.0446249047242321
2019-09-26,3.2142368240930868,-0.1175884097473792,0.12346929433394399,0.160794725997373,0.1849230610558731,0.1480296178823469,0.6944214111275147,-0.001023480234009,-0.001023480234009
2019-09-27,3.216974674880219,-0.14979243810646045,0.09164051871182599,0.20490092746002697,0.171675185926972,0.1278210999124252,0.7224474252534584,0.0138769819312365,0.0138769819312365
2019-09-28,3.2197125256673518,-0.1651131795843564,0.060907365862334,0.2566494284823,0.1611901457071907,0.117239583017384,0.7404681367446477,0.0118273302648184,0.0118273302648184
2019-09-29,3.2224503764544834,-0.16749922904252737,0.019207687517515,0.300353289647081,0.1413018169450116,0.1002844235909623,0.7725841307287121,-0.0068188234915051,-0.0068188234915051
2019-09-30,3.2251882272416155,-0.13858554443667898,0.046502132327883,0.32841363465238604,0.1503101020246064,0.0933935111096792,0.7703343750490463,0.0149834100731602,0.0149834100731602
2019-10-01,3.2279260780287475,-0.14683975337222097,0.021229184023434,0.30243151068352897,0.161796192869092,0.0896518958188606,0.7630572467390355,0.0195844449478581,0.0195844449478581
2019-10-02,3.23066392881588,-0.3125554093765468,0.012131292843036,0.31881615457066903,0.1751748542485501,0.0919520463872598,0.7489807856879342,0.0241880785645065,0.0241880785645065
2019-10-03,3.233401779603012,-0.36009309278928303,-0.009095132962734,0.280781701894432,0.172483947312312,0.0819509470261708,0.7597003284905733,0.0068855083538821,0.0068855083538821
2019-10-04,3.236139630390144,-0.36137655641971367,0.036566848299732,0.27024202254053603,0.1655580947336672,0.0724201277786268,0.7740115158631041,-0.0009936980831657,-0.0009936980831657
2019-10-05,3.238877481177276,-0.3632555406533181,0.040645654059496,0.272377071492797,0.1555366288369404,0.0630920778269926,0.7911844224275953,-0.0089541830444801,-0.0089541830444801
2019-10-06,3.241615331964408,-0.3643183140489565,0.042687079129050995,0.278789179418239,0.1320466713369649,0.0447377992084622,0.8291230069229918,-0.0304755479196554,-0.0304755479196554
2019-10-07,3.24435318275154,-0.31946282901523093,0.060981652387752,0.297513855411024,0.1410932072785083,0.0571395165459169,0.8098292738273816,-6.66760556367052e-05,-6.66760556367052e-05
2019-10-08,3.247091033538672,-0.3179482018423241,0.076227259340637,0.313117884347329,0.1461889644541222,0.0619289936714945,0.800935377328905,-0.0034205694710021,-0.0034205694710021
2019-10-09,3.249828884325804,-0.2110524906103851,0.08547049020335601,0.235440571552285,0.1872288763016052,0.0950791471136693,0.7354935384585327,0.0388504880859308,0.0388504880859308
2019-10-10,3.252566735112936,-0.22007108630402514,0.038645097766891,0.204693027894651,0.2173748114372017,0.1108775711171188,0.6958496085598781,0.0364174647212536,0.0364174647212536
2019-10-11,3.2553045859000687,-0.20031472900520922,-0.035478810816773,0.15810751904175202,0.215102328981271,0.0965903301554006,0.7090841458368249,0.0037860111519574,0.0037860111519574
2019-10-12,3.2580424366872007,-0.23276199556171723,-0.001016631785593,0.15810751904175202,0.217684563421147,0.0906870295484043,0.7113695734656537,0.0042458870737149,0.0042458870737149
2019-10-13,3.260780287474333,-0.2317981382289457,0.0040709255706980006,0.10796946547637999,0.2178936378207461,0.0864321184984683,0.7145072524049706,0.0010660124634416,0.0010660124634416
2019-10-14,3.263518138261465,-0.22616695055376854,0.019335925898749,0.123393002389944,0.232322126705131,0.0888037485711228,0.699505200451177,0.006178162271011,0.006178162271011
2019-10-15,3.266255989048597,-0.22091959923476248,0.0030530000656089997,0.106940968177617,0.276698360843634,0.0757987295009289,0.6684762938623742,-0.0155399670339413,-0.0155399670339413
2019-10-16,3.268993839835729,-0.21558989211199364,-0.064875760744973,0.064695512485282,0.2683438715527106,0.0576760808981609,0.6894570703933283,-0.0362330792573004,-0.0362330792573004
2019-10-17,3.271731690622861,-0.2073266466862042,-0.066151181736974,0.012309236763932,0.2778981274245696,0.0546131087736347,0.6826656444628231,-0.0305264695058067,-0.0305264695058067
2019-10-18,3.274469541409993,-0.20514772293383476,-0.133874210471784,0.018537621833614,0.2483914114311024,0.0407482320607913,0.7209818673830084,-0.0480414496315493,-0.0480414496315493
2019-10-19,3.277207392197125,-0.2099797619771721,-0.100742637385586,0.023698683184627,0.230569078462499,0.0352645285874064,0.7422973028089074,-0.0473731673234798,-0.0473731673234798
2019-10-20,3.2799452429842573,-0.15649683655312394,-0.12486075832509101,0.048548830963315,0.2827219548673959,0.0545577487396269,0.6781449697698086,-0.0198472065964949,-0.0198472065964949
2019-10-21,3.2826830937713893,-0.15633016976851039,-0.119784821803574,0.053713902032295,0.3162233491059604,0.0662465852240228,0.6384787827163907,-0.0185060234122023,-0.0185060234122023
2019-10-22,3.2854209445585214,-0.15494456879677612,-0.099482624675852,0.074372610149828,0.2908630891468837,0.0564725144336273,0.6690901664195458,-0.0400510716526998,-0.0400510716526998
2019-10-23,3.288158795345653,-0.023757517545475035,-0.11460418569018,0.05571040068371,0.2271993446508383,0.0322422171362518,0.7478838488163563,-0.1135419292307062,-0.1135419292307062
2019-10-24,3.290896646132785,-0.5813700027324751,-0.07219840460773999,0.02361352401806,0.1795186467663322,0.0202125884067868,0.8038973013453121,-0.1175386669009359,-0.1175386669009359
2019-10-25,3.293634496919918,0.2628244619429945,-0.122172765881201,0.062744353290713,0.3726605403765697,0.1168993227740658,0.5540039016440029,0.0258858790831357,0.0258858790831357
2019-10-26,3.29637234770705,0.3189218721945494,-0.13909860559952,0.107449210216969,0.4540735328692599,0.2166521306934154,0.4276503348249363,0.0897614462945206,0.0897614462945206
2019-10-27,3.299110198494182,0.3394777080411532,-0.129149305964507,0.069994883633082,0.544916901631189,0.2935184158535843,0.3215078282538567,0.120958409289372,0.120958409289372
2019-10-28,3.3018480492813143,0.3786509121693999,-0.136212134578483,0.062789562611491,0.5843509342050833,0.3059450209679201,0.2884833036449944,0.0881195525038496,0.0881195525038496
2019-10-29,3.3045859000684463,0.3699401084641998,-0.143274963192464,0.055584241589896,0.6305823188801155,0.3272518421436154,0.2485250644529795,0.105057329387618,0.105057329387618
2019-10-30,3.3073237508555784,0.3833363009433076,-0.174078866507469,0.040098640868026995,0.6437042043641346,0.3458093494228237,0.2330853783449394,0.0798361768117406,0.0798361768117406
2019-10-31,3.3100616016427105,0.3836346119147385,-0.179562072895698,-0.036843784026682,0.6529492898286634,0.3544519092917045,0.2240379233300644,0.0777754498120426,0.0777754498120426
2019-11-01,3.3127994524298425,0.3837693211749876,-0.18174505604993602,-0.050138696033239005,0.6658564414274559,0.3651458498686126,0.2121324248994499,0.083041439790291,0.083041439790291
2019-11-02,3.3155373032169746,0.3721399653386603,-0.163868373111502,-0.059292765575972996,0.6817134386394049,0.3770823673386392,0.1982663113106668,0.08848206709205,0.08848206709205
2019-11-03,3.3182751540041067,0.3744379699288925,-0.158890773567041,-0.078563846105287,0.6849293155091541,0.3737936981723425,0.1972992481493213,0.0774604586499503,0.0774604586499503
2019-11-04,3.3210130047912387,0.37731803735687,-0.131565170983066,-0.051015201418423,0.7045523546042857,0.3905110751031885,0.1800720677555283,0.0950605193538809,0.0950605193538809
2019-11-05,3.323750855578371,0.3623527772353686,-0.08399901044102201,-0.0030607875362750002,0.7124646222996435,0.3916098306152815,0.1749336971432189,0.0861857467827729,0.0861857467827729
2019-11-06,3.326488706365503,0.3397763372164115,-0.105061212038671,-0.009180331134706,0.7201807922699197,0.394060303860786,0.1695535657058804,0.086746901662579,0.086746901662579
2019-11-07,3.3292265571526354,0.3448503301271803,-0.100867460778339,0.009178616531315,0.7169070240580143,0.3856189155284152,0.1739269695655254,0.0753398402469347,0.0753398402469347
2019-11-08,3.3319644079397674,0.3813331355945184,-0.07768404470585,-0.017255194350158,0.6695269771608627,0.3334702414509409,0.2202701041199478,0.0227974304847879,0.0227974304847879
2019-11-09,3.3347022587268995,0.3812205327429769,-0.036470531221814,-0.0040655468823539995,0.6348367962188792,0.308297237930592,0.2525843966615153,0.0224575816424188,0.0224575816424188
2019-11-10,3.337440109514032,0.3668776955027545,0.005086004151695,0.025484200192515002,0.6323111336386311,0.3207731694492291,0.2497441433274385,0.0481825884071369,0.0481825884071369
2019-11-11,3.340177960301164,0.40611155556263107,-0.01017356057079,0.010193524533794001,0.6015075110213272,0.2961691409975165,0.280471310823897,0.0134340506696482,0.0134340506696482
2019-11-12,3.342915811088296,0.40640955108708726,0.001016735150121,0.021406634835784998,0.5840241651340676,0.2898621580062554,0.2954001816932394,0.0186983339943882,0.0186983339943882
2019-11-13,3.345653661875428,0.405968137772395,-0.008125363548991,0.08923105093149,0.5701931977492202,0.2859421789608126,0.3069069086830128,0.0165391564790748,0.0165391564790748
2019-11-14,3.34839151266256,0.39617340188960004,-0.013225887903865998,0.054287250189681,0.5484382132596514,0.2736060298816241,0.3280117590240692,0.0037971987234204,0.0037971987234204
2019-11-15,3.351129363449692,0.40463377602182604,-0.001020521988824,0.04716004512559101,0.4124914609863033,0.245052411800995,0.4435381545747113,-0.0226068476432335,-0.0226068476432335
2019-11-16,3.353867214236824,0.40460685439489835,0.039954859871917,0.038926167048407,0.3237898527055083,0.2368632963412739,0.5160407827869,-0.0169908357086914,-0.0169908357086914
2019-11-17,3.356605065023956,0.3942799727062455,0.074013284306944,0.05231327801885301,0.2623748202087918,0.2355878589807112,0.5638496429539352,-0.0150955478666006,-0.0150955478666006
2019-11-18,3.359342915811088,0.42896843398856455,0.052426207096027,0.030772700618688,0.2039661862410542,0.207117244499946,0.6311614837244097,-0.0481646175761554,-0.0481646175761554
2019-11-19,3.36208076659822,0.4100090980209954,0.059621899499665995,0.037952893085408,0.171867068530872,0.1821978473742554,0.6772488940157211,-0.0618840387637646,-0.0618840387637646
2019-11-20,3.3648186173853527,0.42388846340342035,0.061645788845519,0.056480084952819004,0.1317032285895126,0.1512086638248851,0.7370027768020457,-0.0851256743128701,-0.0851256743128701
2019-11-21,3.3675564681724848,0.4815739630155781,0.047164881598489,0.018403057935658,0.1047229159354779,0.0958827680997998,0.8094354390280984,-0.1353582030609175,-0.1353582030609175
2019-11-22,3.370294318959617,0.3906052616612296,0.08207606569654499,0.028574220369528,0.1135716576464089,0.08165539535286,0.8140466856067282,-0.1828023853409117,-0.1828023853409117
2019-11-23,3.373032169746749,0.39691947451947,0.06555356014066,0.013246102937278001,0.1300607872612852,0.0840242892776058,0.7968431886736242,-0.1701315753257208,-0.1701315753257208
2019-11-24,3.375770020533881,-0.3215734957111955,0.044975447590358,0.013246102937278001,0.108370697656631,0.0524307373156931,0.8448805206092291,-0.2196318026051162,-0.2196318026051162
2019-11-25,3.378507871321013,-0.5456160471810073,0.050086666114525995,0.018341176512659,0.1278378872509699,0.0729715224824869,0.8085191155301908,-0.2068565299860978,-0.2068565299860978
2019-11-26,3.381245722108145,-0.6147357874958996,0.042931428098165,0.011208539946574,0.1494412305683722,0.0919492030083819,0.7723505684705995,-0.1978725296380918,-0.1978725296380918
2019-11-27,3.383983572895277,-0.5140309415538223,0.066489516333387,0.006101188502212,0.1951774046798192,0.1312462768636507,0.6991926261486664,-0.156505772831748,-0.156505772831748
2019-11-28,3.386721423682409,-0.5461385393110589,0.07370265152107,0.022405664042468,0.2260205428592512,0.1446342516306643,0.6620355175796887,-0.1667580801727908,-0.1667580801727908
2019-11-29,3.3894592744695413,-0.458914040186858,0.063491562467943,-0.003052533851457,0.2845368654027457,0.1802796803617718,0.5864796693814298,-0.1287374550150399,-0.1287374550150399
2019-11-30,3.3921971252566734,-0.4436538139496461,0.094504179082228,0.010186256084978002,0.3091599303881264,0.187111794412508,0.5615757445347339,-0.1548565651371181,-0.1548565651371181
2019-12-01,3.394934976043805,-0.4450393216922822,0.10592336506834299,0.064522455689892,0.3137580060936576,0.1757307899807386,0.5656481461992235,-0.1753407790924903,-0.1753407790924903
2019-12-02,3.397672826830937,-0.45312775690207774,0.06376005349677699,0.022531874444731002,0.3141011206695847,0.1612402113848199,0.575304399038568,-0.1902966174818079,-0.1902966174818079
2019-12-03,3.40041067761807,-0.45054076680165317,0.051419170195836,0.010241548007596,0.3147516857814669,0.161797797383856,0.5743766463169739,-0.1916268613643073,-0.1916268613643073
2019-12-04,3.403148528405202,-0.48534576913849087,0.014357438886404998,-0.043841792123581996,0.3078886427726996,0.1542113702738154,0.5853799164472081,-0.2020415506314883,-0.2020415506314883
2019-12-05,3.405886379192334,-0.4287150547160738,-0.058175104643317,-0.060203707948023,0.3292201964437813,0.1730831238620442,0.5546791397331401,-0.176431615984649,-0.176431615984649
2019-12-06,3.4086242299794662,-0.41343075379276834,-0.025523226930992002,-0.051929756744196996,0.3570520594454436,0.1939152840181205,0.518270508053054,-0.1643767340538851,-0.1643767340538851
2019-12-07,3.4113620807665983,-0.41077847806967893,-0.044834159786294,-0.082225679669372,0.3790205641903155,0.2053985093298547,0.4934311853698811,-0.164260742014715,-0.164260742014715
2019-12-08,3.4140999315537304,-0.5042746738128758,-0.066090649309966,-0.12333211112878201,0.4005627617263201,0.2120763409152522,0.4723107821722537,-0.1642957421221087,-0.1642957421221087
2019-12-09,3.4168377823408624,-0.4933638734970284,-0.07219106207301801,-0.129397371915714,0.4097994393100829,0.1965410627899683,0.4742019152326854,-0.1872214545348391,-0.1872214545348391
2019-12-10,3.4195756331279945,-0.5432241263980644,-0.095576494824152,-0.152648052445071,0.4093438318884442,0.1754558652401377,0.4870220790761186,-0.2050117403480964,-0.2050117403480964
2019-12-11,3.4223134839151266,-0.578295368548238,-0.105905633243651,-0.177921000749521,0.4075249427985623,0.1578256756622008,0.4989672809856196,-0.2144361721371979,-0.2144361721371979
2019-12-12,3.425051334702258,-0.5818364267966095,-0.092563936050602,-0.15664431229584,0.4340277585590566,0.1520126201707067,0.4799373180756177,-0.2119336018320492,-0.2119336018320492
2019-12-13,3.4277891854893907,-0.5782553016601296,-0.12198887304376001,-0.13001511619851,0.4593502574781011,0.1522066069136426,0.4583592796839061,-0.2093301889096697,-0.2093301889096697
2019-12-14,3.430527036276523,-0.5701508394551335,-0.10085630157185801,-0.12600400843613402,0.4486008544013923,0.1353694026965494,0.4767565726115363,-0.2305107009648175,-0.2305107009648175
2019-12-15,3.433264887063655,-0.5830738027089185,-0.08469406439333299,-0.123996465928575,0.4462052093180844,0.1301771603268287,0.4817033574271533,-0.2276747970274737,-0.2276747970274737
2019-12-16,3.436002737850787,-0.5608642484478863,-0.094897990324058,-0.134159945422572,0.3423751777292176,0.1019105468253141,0.5906059170272668,-0.2598895633090503,-0.2598895633090503
2019-12-17,3.4387405886379194,-0.5058154639618757,-0.080612338319117,-0.119930919046222,0.2673053477029807,0.0570494052197503,0.6908948581757826,-0.3038667029949984,-0.3038667029949984
2019-12-18,3.4414784394250515,-0.1210877190871211,-0.038858497787132004,-0.088522092795423,0.3425938720070213,0.1130397325040918,0.5830931151381016,-0.2134138498504985,-0.2134138498504985
2019-12-19,3.444216290212184,-0.12231727052712751,-0.044962440083992,-0.09254588072446701,0.3847941605210689,0.1325509117413749,0.5336597445473807,-0.2246658048012921,-0.2246658048012921
2019-12-20,3.446954140999316,-0.13358343803679923,-0.022465150619579,-0.095286611947964,0.4195253024633206,0.1441387130884344,0.4968058216533443,-0.2234881098163867,-0.2234881098163867
2019-12-21,3.449691991786448,-0.21905201218546547,-0.028574220369524,-0.061031277491742995,0.4499105006064105,0.1467599205109849,0.4693584081886587,-0.2283583983017472,-0.2283583983017472
2019-12-22,3.45242984257358,-0.22528251701530244,-0.056985608804664,-0.055974256035054,0.5392680551870649,0.1848279592401051,0.3755757996964355,-0.1858421284528031,-0.1858421284528031
2019-12-23,3.455167693360712,-0.21396168863326503,-0.0620731659504,-0.061062330661183,0.5738857848522286,0.1859713225091991,0.3468691910167709,-0.2078770068330389,-0.2078770068330389
2019-12-24,3.457905544147844,-0.3131817255078239,-0.063090987927824,-0.062080256166273,0.5929734219845761,0.182746448148396,0.3326439165811091,-0.2134337649753881,-0.2134337649753881
2019-12-25,3.460643394934976,-0.3179705058473066,-0.068144647175032,-0.10136847283653201,0.5974467946882043,0.1756993251628155,0.3318248787963849,-0.2209632354929045,-0.2209632354929045
2019-12-26,3.463381245722108,-0.3208098951819893,-0.067175945252863,-0.068187032747154,0.6046348232922213,0.1680244270477362,0.3289341694168272,-0.2269814669914236,-0.2269814669914236
2019-12-27,3.46611909650924,-0.39979363662069983,-0.151407929856397,-0.170385429125204,0.6214765094496648,0.1764820344752584,0.3117208948413357,-0.220982094332589,-0.220982094332589
2019-12-28,3.468856947296372,-0.40189134710553537,-0.151407929856397,-0.137376464865924,0.6403574787699386,0.1841507651320337,0.2934140757715318,-0.2182025845917614,-0.2182025845917614
2019-12-29,3.471594798083504,-0.4657292487992455,-0.137376464865924,-0.16140533273832602,0.6779614613331794,0.2049327139794888,0.2560423069318405,-0.2050565627533025,-0.2050565627533025
2019-12-30,3.4743326488706368,-0.47960456790273,-0.155693378606097,-0.17967761994494702,0.6771225649643035,0.1989433334584998,0.2586431218111648,-0.2237125707629239,-0.2237125707629239
2019-12-31,3.477070499657769,-0.48789152415558984,-0.19130938410901102,-0.215206852158045,0.6542297971765233,0.1832127661052912,0.2824206875273999,-0.238452449504912,-0.238452449504912
2020-01-01,3.479808350444901,-0.49590157859738315,-0.150214716077533,-0.224137841650443,0.6385329918153567,0.1761899799401723,0.2977801432635568,-0.2385555743011327,-0.2385555743011327
2020-01-02,3.482546201232033,-0.4556138860256847,-0.091057848281203,-0.151514939928407,0.5786690615879607,0.1451791569862456,0.3601624679611556,-0.2698104005628963,-0.2698104005628963
2020-01-03,3.485284052019165,-0.3429355858866287,-0.08294983874358701,-0.22213293187599298,0.6142758588063554,0.1762497340881923,0.3177403638768684,-0.2206744658993358,-0.2206744658993358
2020-01-04,3.488021902806297,-0.37062823612946855,-0.058516302514057,-0.23888748800048698,0.65571325503831,0.2012793544947649,0.2749889311746972,-0.2128036227559935,-0.2128036227559935
2020-01-05,3.490759753593429,-0.37878347435827575,-0.088024630216434,-0.229038871807235,0.6869392792254198,0.2138849744777562,0.2461017365017211,-0.2137572640296063,-0.2137572640296063
2020-01-06,3.493497604380561,-0.2830187466673023,-0.105424648052192,-0.246191345613955,0.7626582025336629,0.2705385514295405,0.1731316913861109,-0.1676890419592105,-0.1676890419592105
2020-01-07,3.4962354551676933,-0.18901137692570055,-0.073694330992664,-0.21491244478869498,0.8197772353355438,0.351431084795407,0.116886882973599,-0.1193083817539388,-0.1193083817539388
2020-01-08,3.4989733059548254,-0.2065024424891869,-0.03482141950184,-0.20929706773448498,0.8113695961472925,0.3807167976780393,0.1168156405531894,-0.1307633293970465,-0.1307633293970465
2020-01-09,3.501711156741957,-0.19034618446359586,0.0041056651913849995,-0.169474463000434,0.771186262136331,0.3690937609513727,0.1443600147982258,-0.1570321947631168,-0.1570321947631168
2020-01-10,3.504449007529089,-0.15392249737723224,0.020584287845204004,-0.169628462201719,0.7895529671136291,0.4074749684957816,0.1246951347909661,-0.1223370464866846,-0.1223370464866846
2020-01-11,3.5071868583162216,-0.13865555549375339,-0.004106870113006,-0.15172971785748998,0.7815602749416288,0.4155825486754381,0.1276599873866513,-0.1393841145148311,-0.1393841145148311
2020-01-12,3.509924709103354,-0.12943655438069482,0.019553611710054,-0.14674597551551902,0.8017100716517751,0.441571193953846,0.1107308079384766,-0.1214306838945695,-0.1214306838945695
2020-01-13,3.512662559890486,-0.14865572843393202,0.018524267630714998,-0.147758235051761,0.8086732612041777,0.4511540095633421,0.1050089134514088,-0.1284778546702352,-0.1284778546702352
2020-01-14,3.515400410677618,0.06035980237144283,0.020582955789396,-0.145733715979277,0.8499197259061557,0.5541117339195968,0.0669190331885758,-0.0491023413526736,-0.0491023413526736
2020-01-15,3.5181382614647503,0.009991996400186751,0.016483327764746,-0.177795185858882,0.8769206361897146,0.6026101645409956,0.0489104881329682,-0.0526728211720097,-0.0526728211720097
2020-01-16,3.5208761122518824,-0.07665115004457225,0.011315771153949999,-0.18357874783427203,0.8866372041032515,0.6149076417504565,0.0436551464096405,-0.0633722114523092,-0.0633722114523092
2020-01-17,3.5236139630390144,-0.35106548015454325,0.020531458856721998,-0.152340808554159,0.911419142542279,0.6505322482137459,0.0309561531070484,-0.0413453519515556,-0.0413453519515556
2020-01-18,3.5263518138261465,-0.3628176770187197,0.019503433070973,-0.11143739077332401,0.9252926640122978,0.670322109575516,0.0246293569276587,-0.0410328054516497,-0.0410328054516497
2020-01-19,3.5290896646132786,-0.31470191002634923,-0.010234210936246001,-0.070193532043221,0.8930532459920536,0.6462445802181235,0.0378329938583901,-0.0690393382740897,-0.0690393382740897
2020-01-20,3.5318275154004106,-0.31304901263913537,-0.010234210936246001,-0.070193532043221,0.8634718787569858,0.6272260913653812,0.0508941213942995,-0.0758271223112228,-0.0758271223112228
2020-01-21,3.5345653661875427,-0.37514764820313784,-0.018421892013339998,-0.078332070046375,0.8510943888079092,0.6303905529328723,0.0550369206179013,-0.0668843079147265,-0.0668843079147265
2020-01-22,3.5373032169746748,-0.3987870779690138,-0.013311988320449001,-0.09344826789877801,0.8345849519531825,0.6226355847416776,0.0624217528811145,-0.0755355600985208,-0.0755355600985208
2020-01-23,3.540041067761807,-0.3415415127853649,0.004096355852767,-0.061043694020997,0.791709801393594,0.5793576986272067,0.0876156684951948,-0.1088034711745589,-0.1088034711745589
2020-01-24,3.542778918548939,-0.3470990914580564,0.020480997963854,-0.016325238100391,0.7468838884278306,0.5633078360720558,0.1105338224874776,-0.1053405370736069,-0.1053405370736069
2020-01-25,3.5455167693360714,-0.3426441208511159,0.026642293881256,0.024587425701141,0.6972670935013363,0.544140786087981,0.1380035847817815,-0.1157141606625788,-0.1157141606625788
2020-01-26,3.5482546201232035,-0.3221030969764256,0.09595546045663801,0.058593719364388,0.6921084674792886,0.5674410193567471,0.1331812474558479,-0.0898895440845652,-0.0898895440845652
2020-01-27,3.5509924709103355,-0.2845580149009153,0.10730509029874799,0.069901348037486,0.7248156996419133,0.6240389665182831,0.1034585739605695,-0.0553387688195776,-0.0553387688195776
2020-01-28,3.553730321697468,-0.21350619227331127,0.113495511236352,0.076068860305846,0.793611774731435,0.7167850743927923,0.0584522258656402,-0.0074597335241612,-0.0074597335241612
2020-01-29,3.5564681724846,-0.2339098259175433,0.129212324540286,0.067810132569448,0.83184274323941,0.7571323329838229,0.0408399606412847,-0.0132083948208823,-0.0132083948208823
2020-01-30,3.559206023271732,-0.24907074467119888,0.153543247878944,0.034861475601426,0.8678409390045474,0.8049309108980276,0.0257801476449549,0.0059530624756245,0.0059530624756245
2020-01-31,3.561943874058864,-0.2243329186541941,0.103745202441343,-0.008207841392505,0.8680782589051789,0.8060734857851287,0.0255831233996754,-0.0121075170290101,-0.0121075170290101
2020-02-01,3.564681724845996,-0.28853291160268474,0.05575641962159,-0.024582389687726,0.8751124451643377,0.81272596432424,0.0233881963997522,-0.0088477912988267,-0.0088477912988267
2020-02-02,3.567419575633128,-0.35321907726181856,0.056795030210323,-0.044976227452809,0.8709133418515141,0.8090858024480716,0.0246444757550782,-0.0152770982207641,-0.0152770982207641
2020-02-03,3.57015742642026,-0.345588870342734,0.099133286882575,-0.003066419169518,0.8572273157818215,0.7999641410201739,0.0285596565264387,-0.0219768240809798,-0.0219768240809798
2020-02-04,3.572895277207392,-0.3312703251482723,0.115654976139627,0.013288076355397001,0.8205875589219809,0.7792389708921212,0.0396072751271401,-0.0353910815409541,-0.0353910815409541
2020-02-05,3.575633127994524,-0.3351556946886564,0.16551137937593102,0.052168013061745996,0.850125491567082,0.8309813317429109,0.0253315898210176,0.0093600684631702,0.0093600684631702
2020-02-06,3.578370978781656,-0.41626251377312085,0.15673299550960698,0.08291509247116499,0.87237735426536,0.8735653396220464,0.016135925869995,0.0201046001567775,0.0201046001567775
2020-02-07,3.5811088295687883,-0.4286313097768322,0.14182910689981298,0.105478623983832,0.8981005372888002,0.9043558213004468,0.0097460904209384,0.0255852607375004,0.0255852607375004
2020-02-08,3.583846680355921,-0.476692103493013,0.126218922057725,0.13662063193645,0.9217694175709849,0.9296852730257952,0.0055007620445292,0.0313220474714981,0.0313220474714981
2020-02-09,3.586584531143053,-0.5002309065998167,0.135579261149252,0.148087461234178,0.939614167913369,0.9630649344308994,0.0022303546675644,0.0551761034342543,0.0551761034342543
2020-02-10,3.589322381930185,-0.4733243844151291,0.150986155658139,0.163513369211782,0.914009396466665,0.9388989197227464,0.0052541187695797,0.0278379855554096,0.0278379855554096
2020-02-11,3.592060232717317,-0.44347804391519247,0.139687818593436,0.152201089001158,0.935273361276332,0.9692019933002924,0.001993451453061,0.0615585315928814,0.0615585315928814
2020-02-12,3.594798083504449,-0.451295414974825,0.174628105216521,0.15793261017221502,0.9435137973535694,0.9758355167617262,0.0013649598970434,0.0716913767525078,0.0716913767525078
2020-02-13,3.597535934291581,-0.7148018955753566,0.174591445033296,0.11124681573237499,0.929877381745756,0.9568721617304498,0.0030242369391064,0.0594886431269543,0.0594886431269543
2020-02-14,3.600273785078713,-0.7167462618307627,0.194384379758809,0.119449294006419,0.9305774878297286,0.9598645609515346,0.0027863030058012,0.0676741494613981,0.0676741494613981
2020-02-15,3.603011635865845,-0.6116150475698451,0.18495715756291198,0.099857689324274,0.8813093124554504,0.9074127031849636,0.0109892499168679,0.0245302233777398,0.0245302233777398
2020-02-16,3.605749486652977,-0.6310974462437807,0.15469748251085902,0.078292250575231,0.8406723305209947,0.8869312410661193,0.0180149818518186,0.0277775459015021,0.0277775459015021
2020-02-17,3.608487337440109,-0.5907824225448931,0.15469748251085902,0.078292250575231,0.7566508980836404,0.8455116747316406,0.0375945952106177,0.001614956775791,0.001614956775791
2020-02-18,3.6112251882272415,-0.5508150076274569,0.189529603785791,0.11286229055139599,0.7588126757198137,0.8824719057320667,0.0283462865842323,0.0458781765659015,0.0458781765659015
2020-02-19,3.6139630390143735,-0.408175845989106,0.203872333913139,0.142566351261372,0.6658839755795044,0.8360382630168846,0.0547822437178774,-0.0068268734836784,-0.0068268734836784
2020-02-20,3.6167008898015056,-0.4086710874847592,0.239926586339904,0.158682252744284,0.591556492897758,0.8096420365367234,0.0777504742017811,-0.0106667124308685,-0.0106667124308685
2020-02-21,3.619438740588638,-0.41302719242697,0.177381664983762,0.090474673660549,0.550304657986146,0.8063946923103492,0.0870634050571949,-0.0038427997552865,-0.0038427997552865
2020-02-22,3.62217659137577,-0.4719200932657952,0.160712422518969,0.112061780061416,0.515041811926808,0.8018023788858847,0.0961175592159183,-0.0075002852155261,-0.0075002852155261
2020-02-23,3.6249144421629023,-0.4499361573046719,0.144098485855603,0.128571646554132,0.537176434143477,0.8328602496631862,0.0773562152472531,0.0179043275255637,0.0179043275255637
2020-02-24,3.6276522929500334,-0.4090035665284098,0.147164278371152,0.131632746482381,0.5027776847378322,0.813375096531784,0.0927940665880449,-0.0113761408339474,-0.0113761408339474
2020-02-25,3.6303901437371664,-0.3742362490756575,0.114461192033461,0.09897971639827699,0.4114749926173504,0.7642625629202712,0.1387373768977143,-0.0450751208158379,-0.0450751208158379
2020-02-26,3.6331279945242985,-0.2772076926197862,0.10616587640333901,0.123734438403153,0.325161071378302,0.6731878163909032,0.2205455838472805,-0.1036309981026821,-0.1036309981026821
2020-02-27,3.6358658453114314,-0.38693924724845746,0.042848991300137,0.0592685292701,0.2714303473127246,0.6230521525939764,0.2746327622658226,-0.1088661756443674,-0.1088661756443674
2020-02-28,3.6386036960985626,-0.3821510381183651,0.014287110184762999,0.020422439254459,0.22641632164998,0.5836847875541813,0.3220546533969064,-0.1228292138079645,-0.1228292138079645
2020-02-29,3.641341546885695,-0.40517986369872006,0.026565290644684002,0.014287110184762999,0.1833736601724238,0.5546909782382263,0.3636510765335157,-0.1323922314839691,-0.1323922314839691
2020-03-01,3.6440793976728263,-0.413588890372823,0.07598294161691599,-0.014246402201167001,0.14901340121696,0.5354647879175102,0.3953132401450361,-0.1378204773922622,-0.1378204773922622
2020-03-02,3.646817248459959,-0.35231591357058467,-0.0030802730757650003,-0.09260161430758,0.1619078321296585,0.5650616138871153,0.3645184549073751,-0.1037161640271779,-0.1037161640271779
2020-03-03,3.649555099247091,-0.3504291394463272,-0.024642967991951,-0.11397121760932899,0.1612731768884703,0.5694092079404668,0.3611480470851695,-0.1141258162013798,-0.1141258162013798
2020-03-04,3.652292950034223,-0.35082205643436276,-0.047035449847964005,-0.099674873878705,0.1567018611648248,0.5674299233845966,0.3647855405255588,-0.1189649111011608,-0.1189649111011608
2020-03-05,3.655030800821356,-0.29543547794681274,-0.116373968997834,-0.145547104852497,0.1987347461979398,0.6077306691426557,0.3143117849481742,-0.0838468869124966,-0.0838468869124966
2020-03-06,3.657768651608488,-0.39077067446247066,-0.236084234667356,-0.249975269009602,0.2361117066409065,0.6334690873886268,0.2799886732980529,-0.0802062883186138,-0.0802062883186138
2020-03-07,3.66050650239562,-0.3798292186409285,-0.258883558554091,-0.249975269009602,0.2408371473634132,0.6192052290157171,0.289085244609524,-0.1049296116383455,-0.1049296116383455
2020-03-08,3.663244353182752,-0.05711280685125417,-0.27665214313851,-0.236084234667356,0.1809709454882771,0.5097348186324228,0.4015414279555051,-0.2002738262750956,-0.2002738262750956
2020-03-09,3.665982203969884,-0.05444090448323638,-0.383056218849505,-0.342932251176104,0.1590681190285268,0.4314555133879165,0.4781071845426599,-0.2243026695212133,-0.2243026695212133
2020-03-10,3.668720054757016,-0.09416141240868817,-0.230036140661356,-0.189273740154164,0.1412503728387376,0.3905398858708613,0.5233736457780582,-0.2270716137596089,-0.2270716137596089
2020-03-11,3.671457905544148,-0.10453019550458804,-0.23474649922501398,-0.137952019793701,0.1350223835029331,0.3702991301710956,0.5446771574907354,-0.2278667142449855,-0.2278667142449855
2020-03-12,3.67419575633128,3.7760041325155824,-0.126620743977244,-0.027623966540567,0.1066893754029254,0.1950145549684035,0.7191020506927295,-0.6931074076487462,-0.6931074076487462
2020-03-13,3.676933607118412,3.9948966910071966,-0.030288040637518,0.11264705140118,0.1423260397049389,0.2121984502495215,0.6756768751010794,-0.5810516218850523,-0.5810516218850523
2020-03-14,3.679671457905544,4.020012646860138,-0.032300362956489,0.137562497434937,0.1535122453468304,0.192183794677117,0.683806525816211,-0.6491443269946728,-0.6491443269946728
2020-03-15,3.682409308692676,4.0500431732974045,-0.037328766780608,0.107472168327094,0.1701121837376099,0.197289002732687,0.6661600766119757,-0.6134936560710393,-0.6134936560710393
2020-03-16,3.685147159479808,4.076962765344551,-0.103915090814193,0.039918055458592,0.1684937525855548,0.1700938487237382,0.6900721495538893,-0.6866551053942889,-0.6866551053942889
2020-03-17,3.68788501026694,4.117775917668881,0.046408300214507994,0.192426299031351,0.1796616460236879,0.1731205186220495,0.6783209526903745,-0.6459692627807581,-0.6459692627807581
2020-03-18,3.690622861054072,4.124339887038318,0.205811224677117,0.360508428355657,0.1906403949097946,0.1756423401125057,0.6672017900596281,-0.6440824775899188,-0.6440824775899188
2020-03-19,3.693360711841205,4.487601862307855,0.331791984932061,0.549224748279335,0.2459406574903421,0.251915650786598,0.5640999925096232,-0.4777173131919028,-0.4777173131919028
2020-03-20,3.696098562628337,4.475890676316619,0.323293300204192,0.582543826613928,0.2877905766826291,0.2906495248336319,0.5052060928481421,-0.4772322460395077,-0.4772322460395077
2020-03-21,3.698836413415469,4.475998112023985,0.295383685502415,0.556467975773617,0.3185006455961489,0.30893689341081,0.4709590609928527,-0.4801826636522932,-0.4801826636522932
2020-03-22,3.701574264202601,4.491169640751577,0.35865378621569904,0.58145534962916,0.324005458185815,0.290145504349716,0.4798577645418531,-0.5399314659837788,-0.5399314659837788
2020-03-23,3.704312114989733,4.631311606094645,0.32540758190857,0.547494061446263,0.3570855168419705,0.3268915770468048,0.4327511538522698,-0.4449212211665294,-0.4449212211665294
2020-03-24,3.707049965776865,4.656482180383022,0.249848445916345,0.470309743844856,0.3976289507846126,0.3703399183113492,0.3792890040558391,-0.3973000639179656,-0.3973000639179656
2020-03-25,3.709787816563997,4.6540127438190835,0.177258749118938,0.410013739512331,0.425381726993827,0.3878329664177157,0.3517623636283641,-0.406125453276859,-0.406125453276859
2020-03-26,3.712525667351129,4.652317526542809,0.045468014821856,0.227342773921048,0.4479439597254053,0.3993648324209943,0.3315842722633335,-0.4016625336159354,-0.4016625336159354
2020-03-27,3.715263518138261,4.635604665931966,-0.063636086203834,0.09855241231718499,0.452784776940507,0.3857121039198937,0.3361476880762221,-0.4398531662846654,-0.4398531662846654
2020-03-28,3.7180013689253935,4.642170880414296,-0.007110899338493,0.09751638221027399,0.4506272635049634,0.3609659491214607,0.3510678852446515,-0.4764043946890446,-0.4764043946890446
2020-03-29,3.7207392197125255,4.660889136490833,0.024457912960526997,0.067547197655666,0.449438490661824,0.32338670536506,0.3725172367324884,-0.5297354621853678,-0.5297354621853678
2020-03-30,3.7234770704996576,4.759211985132033,0.10700123113691999,0.150445321305578,0.4811782095135937,0.3445771759402372,0.340047643104343,-0.4482344053333236,-0.4482344053333236
2020-03-31,3.7262149212867897,4.760244834116091,0.09375377805870701,0.13714092517048002,0.5125332783133938,0.3558654694128051,0.3139941479504808,-0.4476340332271604,-0.4476340332271604
2020-04-01,3.728952772073922,4.751729299432152,0.23726351110439,0.205815526465702,0.5479077393402346,0.3747469967274521,0.2826720437337938,-0.4226502649187882,-0.4226502649187882
2020-04-02,3.7316906228610542,4.767110188507699,0.31188870115351897,0.25908845261271,0.6362246069178329,0.3988987161399995,0.218665855818367,-0.3955840469096774,-0.3955840469096774
2020-04-03,3.7344284736481854,4.766836462587298,0.33285449096558295,0.300051229840407,0.6918644425566272,0.4062319634628598,0.1829610449304287,-0.4053022328835123,-0.4053022328835123
2020-04-04,3.7371663244353184,4.753122659856292,0.388349736426558,0.306384425183459,0.7469395269435839,0.4204597282114532,0.1466587353340536,-0.3864081215601249,-0.3864081215601249
2020-04-05,3.7399041752224496,4.750836380446825,0.482543515380204,0.377631420888953,0.7806452329741218,0.4215586359464973,0.1268838706500872,-0.3984136161566649,-0.3984136161566649
2020-04-06,3.7426420260095834,4.81378245885971,0.494007883681424,0.38898105073106304,0.8354839247305912,0.4599508428004397,0.0888467677950236,-0.3309196394457494,-0.3309196394457494
2020-04-07,3.7453798767967146,4.726252723715172,0.420011103373487,0.315724849958647,0.8499525806809465,0.4716385211571574,0.0792792763679672,-0.3449958102034909,-0.3449958102034909
2020-04-08,3.748117727583847,4.728950563284145,0.550052806825263,0.34939063029258,0.8767567592078439,0.4898971668078216,0.0628667262998646,-0.3241577897038592,-0.3241577897038592
2020-04-09,3.7508555783709783,4.728976718212898,0.322579904867206,0.32472219869669405,0.888417375824286,0.4965063304742715,0.0561811449015404,-0.3294225037271676,-0.3294225037271676
2020-04-10,3.753593429158111,4.766431202536339,0.311884202695085,0.32472219869669405,0.8307274382501809,0.4654367563810915,0.0904868896646652,-0.3918992962883738,-0.3918992962883738
2020-04-11,3.756331279945243,1.5860926210666464,0.210320652168807,0.27568386277866097,0.7864845727706694,0.4493972839643878,0.1175621741479735,-0.3936553965494749,-0.3936553965494749
2020-04-12,3.759069130732375,1.3568018439417604,0.077974343601661,0.276745188612443,0.7703464310423093,0.4501962403056911,0.1262643956401545,-0.3782952702981248,-0.3782952702981248
2020-04-13,3.761806981519507,1.2428531572335093,0.060759339151503,0.25919064757836796,0.7321836584496499,0.4406712006165625,0.1497973927746219,-0.3973606455624292,-0.3973606455624292
2020-04-14,3.76454483230664,1.2270424553316708,0.01417715338212,0.211689707691129,0.7031336498077825,0.4357032006300682,0.1675207312541017,-0.3985579036216204,-0.3985579036216204
2020-04-15,3.767282683093772,1.1063939477581544,0.139667937376894,0.288610837733893,0.648500796057635,0.4174477443773345,0.204766654106196,-0.4290541695915628,-0.4290541695915628
2020-04-16,3.770020533880904,1.1660694395073141,0.045189489854162004,0.314497351700207,0.6853599517275978,0.4456937209283724,0.1744069544047925,-0.3608802282450245,-0.3608802282450245
2020-04-17,3.772758384668036,1.1686904801737676,-0.136418034090027,0.254881361742596,0.7096233976052594,0.4581932815306331,0.1573279940637785,-0.3646326528296235,-0.3646326528296235
2020-04-18,3.775496235455168,0.5114346205729411,-0.28999642808327003,0.239097168191004,0.7542983104927581,0.4771567659847997,0.1284634659449649,-0.3430052221219508,-0.3430052221219508
2020-04-19,3.7782340862423,0.517216273191351,-0.29566241242464897,0.248561848169093,0.7766154076171183,0.4812658079844594,0.115877226038455,-0.3533144860567958,-0.3533144860567958
2020-04-20,3.780971937029432,0.5825950018992662,-0.278156060964813,0.26704996485432,0.7210883221261547,0.4591128460933463,0.1508597436365136,-0.3978373201244416,-0.3978373201244416
2020-04-21,3.783709787816564,0.46492517460556915,-0.248978561193538,0.297863753872098,0.6791094368221079,0.4479076180953437,0.177161235355609,-0.3988884989221226,-0.3988884989221226
2020-04-22,3.786447638603696,0.23071026380398268,-0.20489789422304502,0.31227539426571904,0.6702905121347302,0.4609554120618829,0.1777281150256219,-0.3658867637483052,-0.3658867637483052
2020-04-23,3.789185489390828,0.2154069382434173,-0.128759345989748,0.31426491447861604,0.7361468539644587,0.4920844507926202,0.1340151155787369,-0.3238055994731734,-0.3238055994731734
2020-04-24,3.79192334017796,0.21605892309799515,-0.066304381801618,0.323973443148064,0.796393266420005,0.5171894381360328,0.0983034814390444,-0.3085355037772181,-0.3085355037772181
2020-04-25,3.794661190965092,0.2160834797436696,0.096559957971562,0.31442638390765104,0.8308499717590285,0.5312406105454383,0.0792906639644596,-0.3069271472904802,-0.3069271472904802
2020-04-26,3.797399041752224,0.15924377947840562,0.20433002447036702,0.283782053656973,0.8686122769553347,0.5469213124983159,0.0595289771109117,-0.2934328152113252,-0.2934328152113252
2020-04-27,3.800136892539357,0.09987881110519867,0.169767014569217,0.248949932382038,0.901459207716501,0.5638736409641264,0.0429762369551127,-0.2794132307677213,-0.2794132307677213
2020-04-28,3.802874743326489,-0.03205130142110679,0.15248550961864502,0.23153387174457302,0.9246113609380672,0.5732518803196489,0.0321719599649404,-0.2788825957072554,-0.2788825957072554
2020-04-29,3.805612594113621,0.2082983653334122,0.039322382380359996,0.20079900340301798,0.935825942698167,0.6561991404132743,0.0220630960635379,-0.16010394762006,-0.16010394762006
2020-04-30,3.808350444900753,0.22895698643852586,-0.0030294202692459997,0.152773288466996,0.8841002106192497,0.6864546695702215,0.036339837758129,-0.1774700995344069,-0.1774700995344069
2020-05-01,3.811088295687885,0.22676783191483788,-0.087287562272535,0.13021678338526801,0.8631744085879586,0.7178180179579517,0.0386097165787253,-0.1550006868797986,-0.1550006868797986
2020-05-02,3.813826146475017,0.21628554352100057,-0.137751771732295,0.11362479093163401,0.8582100234416385,0.7432491001806352,0.0364047040667259,-0.1422091951777861,-0.1422091951777861
2020-05-03,3.816563997262149,0.21788868587882534,-0.176973428802155,0.097087847976611,0.8465904331632806,0.7487899436514889,0.0385380259294529,-0.15346759848331,-0.15346759848331
2020-05-04,3.819301848049281,0.21582839253616223,-0.10936552536246201,0.166582003907092,0.8391915791413205,0.7527559561098388,0.0397589242646908,-0.1528311753440885,-0.1528311753440885
2020-05-05,3.822039698836413,0.20226612999788077,-0.086498581302809,0.19008693299504598,0.841477052171913,0.7618576094562218,0.0377510337518272,-0.1438156138911654,-0.1438156138911654
2020-05-06,3.8247775496235454,0.0950179704770906,-0.059589441748675,0.21743540969015598,0.8662135106324805,0.7873268912293687,0.0284527886052993,-0.115838550411734,-0.115838550411734
2020-05-07,3.8275154004106775,0.20673078169957737,-0.00900219686569,0.190777679108837,0.8964031174775436,0.8538164443215243,0.015144160644338,-0.0459432757372848,-0.0459432757372848
2020-05-08,3.8302532511978096,0.21755753597402183,-0.038953194062089,0.17756970416338902,0.910121559057106,0.878491026659843,0.0109210370843849,-0.0581088363501614,-0.0581088363501614
2020-05-09,3.8329911019849416,0.25165230073835826,0.021101961510348002,0.190048079917573,0.9007435757561812,0.8712421582947585,0.0127800429610139,-0.0848469954438098,-0.0848469954438098
2020-05-10,3.8357289527720737,0.4110850064548383,0.021101961510348002,0.240271483925471,0.8275030859866179,0.8016822412630996,0.0342092013761657,-0.1772272703995092,-0.1772272703995092
2020-05-11,0.0,0.42877104404619165,0.072347391980471,0.292637692985138,0.7603478564213352,0.7547275555053398,0.0587800670839244,-0.1960661072664642,-0.1960661072664642
2020-05-12,0.0027378507871321,0.43396312609120835,0.041198118563032,0.26080716002112503,0.7250003998746227,0.7472077735383471,0.0695177611917583,-0.1738211804557572,-0.1738211804557572
2020-05-13,0.0054757015742642,0.466250565125972,0.089582224792912,0.24948821430204,0.7314244977250104,0.7800984662837607,0.0590601648688795,-0.1233965216098234,-0.1233965216098234
2020-05-14,0.0082135523613963,0.5050435102887619,0.159773671838052,0.256227251907796,0.7729083567468991,0.8330546160680606,0.0379119015706239,-0.075728730149347,-0.075728730149347
2020-05-15,0.0109514031485284,0.5408525989503964,0.094510602258088,0.21675027532045602,0.7621533105592598,0.8276048828040059,0.0410036079008156,-0.1193838101540478,-0.1193838101540478
2020-05-16,0.0136892539356605,0.43928922942657433,0.036989178356223,0.19289355592679103,0.7579964891728946,0.8287234366901453,0.0414495296433858,-0.115268776664422,-0.115268776664422
2020-05-17,0.0164271047227926,0.4478697194356245,0.062136976765594,0.174300893330348,0.7833270718026779,0.8524083599153546,0.0319791128345853,-0.0855606306705318,-0.0855606306705318
2020-05-18,0.0191649555099247,0.4437423651718232,-0.011024314661984001,0.100324063711785,0.8076877644576408,0.8686469048188831,0.0252608073796888,-0.0809433147491169,-0.0809433147491169
2020-05-19,0.0219028062970568,0.43523293133838675,-0.041090001776978,0.069923230570771,0.8254919481966541,0.8769600859396641,0.0214714556967203,-0.0818286750972081,-0.0818286750972081
2020-05-20,0.0246406570841889,0.3764973591732821,-0.08403324785755101,0.029343408899569,0.7961166341354919,0.8648933945889118,0.0275459894617406,-0.1043504448987793,-0.1043504448987793
2020-05-21,0.027378507871321,0.4736724250486348,-0.08876913731152,0.065842941434506,0.7060972435143746,0.8241218721332606,0.0516910665855659,-0.152854015382335,-0.152854015382335
2020-05-22,0.0301163586584531,0.45514964099841493,-0.052793981723195,0.081776631361687,0.6541174317744375,0.8116735262289716,0.0651388444127873,-0.142888187668543,-0.142888187668543
2020-05-23,0.0328542094455852,0.418520706492452,-0.056755918858126,0.07974168950851601,0.6192483324866987,0.8075522858724975,0.0732747880631696,-0.1410591203831277,-0.1410591203831277
2020-05-24,0.0355920602327173,0.49865824685351456,-0.051802815032322994,0.074656763848306,0.5285449483931686,0.7725092773222607,0.1072516504001089,-0.1886405416962038,-0.1886405416962038
2020-05-25,0.0383299110198494,0.5002946771272977,-0.051802815032322994,0.074656763848306,0.4784792222864869,0.7641652965874008,0.1229926979355744,-0.1765049107816327,-0.1765049107816327
2020-05-26,0.0410677618069815,0.5028036273268699,-0.14644288020824,-0.021186347725349,0.4298535973791169,0.7543338948796354,0.1400656460802595,-0.1856360717738177,-0.1856360717738177
2020-05-27,0.0438056125941136,0.5325295746503266,-0.097961150336361,-0.006053792002175,0.4466943817202139,0.7766567492816117,0.1235770754273551,-0.1482917707480471,-0.1482917707480471
2020-05-28,0.0465434633812457,0.5594608872734191,-0.14919449806614501,-0.108586551477588,0.512445218591928,0.8149597774039506,0.0902172452795178,-0.1125346298067899,-0.1125346298067899
2020-05-29,0.0492813141683778,0.1492749108380089,-0.123531521613284,-0.12650624051544,0.5572428273585021,0.827290965377169,0.0764681638592472,-0.1227628330401859,-0.1227628330401859
2020-05-30,0.0520191649555099,0.15650005163266503,-0.068673028502207,-0.153199796396699,0.6343721435222149,0.854028485371244,0.0533712520005277,-0.0965769879824236,-0.0965769879824236
2020-05-31,0.054757015742642,0.1686832877859728,-0.046559382556515,-0.09268645764052899,0.6531523470064425,0.8485522751953869,0.0525292878996942,-0.1226534101678478,-0.1226534101678478
2020-06-01,0.0574948665297741,0.3200492554240358,-0.098178258172216,-0.144066116703602,0.7349105143889451,0.9014155972199036,0.0261336886222488,-0.0518295024968278,-0.0518295024968278
2020-06-02,0.0602327173169062,0.4568637817422339,-0.11437296031463699,-0.160185767989702,0.6880396214053854,0.87765828185542,0.0381657687102987,-0.1176756839949746,-0.1176756839949746
2020-06-03,0.0629705681040383,0.46031031616136764,-0.221150432589263,-0.20243751814852998,0.6743261233088176,0.8757718409160156,0.0404578661630901,-0.1055549710648247,-0.1055549710648247
2020-06-04,0.0657084188911704,0.4630389520640501,-0.303881136006219,-0.23138333710036402,0.68835331682445,0.8945053395258022,0.0328770610295145,-0.0918842920082205,-0.0918842920082205
2020-06-05,0.0684462696783025,0.448883189936879,-0.31471615663271896,-0.208080561474117,0.6760505909019264,0.893037066237043,0.0346505791879062,-0.1068723691818149,-0.1068723691818149
2020-06-06,0.0711841204654346,0.29293899326197076,-0.295324553635737,-0.152377078707696,0.6648211246811812,0.9017193395548166,0.0329416012336072,-0.1092037669326817,-0.1092037669326817
2020-06-07,0.0739219712525667,0.293733443538517,-0.27975542180039203,-0.121267180813079,0.6741659403490456,0.9146916943801908,0.0277963515420467,-0.0994821430244385,-0.0994821430244385
2020-06-08,0.0766598220396988,0.2724065990744013,-0.31184202403171096,-0.15387695394879,0.6833092808706108,0.9222149291210704,0.0246338100341786,-0.0993020048908519,-0.0993020048908519
2020-06-09,0.0793976728268309,-0.029624685524051692,-0.341923548313236,-0.184448956410288,0.6942567550162184,0.927963464983052,0.0220246839734695,-0.0979423789711582,-0.0979423789711582
2020-06-10,0.082135523613963,-0.047171784588993994,-0.426975146698782,-0.14379637603762,0.7150348751346509,0.9369430673237572,0.0179690266937114,-0.0914978474558587,-0.0914978474558587
2020-06-11,0.0848733744010951,0.07077161918275034,-0.32022385054235203,-0.043231926129556,0.6379915280478501,0.8964344381052204,0.0374916108083949,-0.1497143917410195,-0.1497143917410195
2020-06-12,0.0876112251882272,-0.011236441641110019,-0.291300701433943,-0.0020543090013049998,0.6070795449480667,0.8892339022916239,0.043522265515902,-0.1338717185314628,-0.1338717185314628
2020-06-13,0.0903490759753593,-0.10094623895213772,-0.313526573863504,0.051642222844039,0.5829552211477423,0.8851768162418042,0.0478864092775489,-0.1355338984586502,-0.1355338984586502
2020-06-14,0.0930869267624914,-0.16729762755130803,-0.306773086080162,0.142782990115259,0.5499134328495523,0.8758862271829295,0.0558619419433258,-0.1459805240476104,-0.1459805240476104
2020-06-15,0.0958247775496235,-0.16658044059246638,-0.37051804423969703,0.076081644622392,0.5326288472099966,0.8764861666577843,0.0577268026746636,-0.1402640461878643,-0.1402640461878643
2020-06-16,0.0985626283367556,-0.2014630559663068,-0.342629720032381,0.105263383882676,0.5283464996951632,0.88395241090621,0.0547342515980234,-0.1321441739948365,-0.1321441739948365
2020-06-17,0.1013004791238877,-0.2019401441898782,-0.251830495931322,0.238145637501825,0.4975669891070353,0.8829445621411992,0.0588125160847916,-0.1392891360773127,-0.1392891360773127
2020-06-18,0.1040383299110198,-0.20041670665174677,-0.196236743860187,0.104760343166847,0.4603400856023561,0.8768261023503588,0.0664720150616295,-0.147592690285677,-0.147592690285677
2020-06-19,0.1067761806981519,-0.21123467786369668,-0.151331714934977,0.115014048884252,0.4068238840238784,0.8636051532222616,0.080906165450777,-0.1618818707530245,-0.1618818707530245
2020-06-20,0.109514031485284,-0.30418580361658937,-0.176109484917992,0.01538950692524,0.3758488473169927,0.8606320730861377,0.0869866522303283,-0.158170627090584,-0.158170627090584
2020-06-21,0.1122518822724161,-0.3081812341708849,-0.224313824361955,-0.114430101611944,0.3466825641546292,0.8567893131224915,0.0935620387364681,-0.1622967016296321,-0.1622967016296321
2020-06-22,0.1149897330595482,-0.2553752065096288,-0.282395321208509,-0.173164464250396,0.3981098312515282,0.883188253701981,0.0703078416911183,-0.1269572514947121,-0.1269572514947121
2020-06-23,0.1177275838466803,-0.3566711604477651,-0.317444236888651,-0.208607347705697,0.4672005403125138,0.8948235626413136,0.0560379489965628,-0.130012050613514,-0.130012050613514
2020-06-24,0.1204654346338124,-0.30673348402243417,-0.271379838564885,-0.095829834550479,0.4356833504478367,0.8747041248161636,0.0707065484864486,-0.1644247329339805,-0.1644247329339805
2020-06-25,0.1232032854209445,-0.30873788736118274,-0.149631311509146,-0.21590695785751599,0.3991787406381634,0.8606397938035016,0.0837305745919053,-0.1707127998225175,-0.1707127998225175
2020-06-26,0.1259411362080766,-0.364347702723636,-0.157480072384519,-0.361803433136911,0.344932564713057,0.8452453718303289,0.1013747173738909,-0.1827940979930087,-0.1827940979930087
2020-06-27,0.1286789869952087,-0.4219439432649496,-0.089448798331551,-0.511872521105752,0.2732584253444968,0.8279030468303492,0.1250700107399264,-0.1967111175349902,-0.1967111175349902
2020-06-28,0.1314168377823408,-0.4178960138549051,-0.085417568555162,-0.517409036239475,0.2485825414073687,0.8272901563732572,0.1297771917719378,-0.1869316031970882,-0.1869316031970882
2020-06-29,0.1341546885694729,-0.4539703904503731,-0.08134995445947898,-0.5135186534689961,0.2423507149509387,0.8308632191884371,0.1281463610573804,-0.1827962540050567,-0.1827962540050567
2020-06-30,0.136892539356605,-0.47906151240929057,-0.096603313363776,-0.528107403354632,0.2239505156097628,0.8283115811080008,0.1332387089569109,-0.1895784528041542,-0.1895784528041542
2020-07-01,0.1396303901437371,-0.756480674577273,-0.064397922009696,-0.516148016956622,0.2336065914621652,0.834449038950148,0.1268771653257104,-0.1807645019384036,-0.1807645019384036
2020-07-02,0.1423682409308692,-0.9955091783985973,-0.035834798882221,-0.43444056042380697,0.2276581204232056,0.8289077075976741,0.1321417426951149,-0.1932081882224885,-0.1932081882224885
2020-07-03,0.1451060917180013,-1.0108425094866693,0.004111936269457,-0.369124517000071,0.2103901893159604,0.8155722144845483,0.1456259888057324,-0.1981779643132064,-0.1981779643132064
2020-07-04,0.1478439425051334,-1.027696931036638,0.066197702485337,-0.211224956024698,0.2134657346302108,0.812921440110785,0.1471436976689017,-0.1942261306499713,-0.1942261306499713
2020-07-05,0.1505817932922655,-1.0361844575926196,0.039199220533099,-0.106740166965616,0.1950067768856372,0.806391239780524,0.1558537399122518,-0.201657698614234,-0.201657698614234
2020-07-06,0.1533196440793976,-0.9547678424010068,-0.015473645770698,-0.16061825627117698,0.2881128798760358,0.8242242598746898,0.1251324854254654,-0.1699996875764888,-0.1699996875764888
2020-07-07,0.1560574948665297,-0.9553481701198243,-0.006189930521669,-0.151469497973136,0.3142456778659548,0.8197879866041796,0.1235811670866622,-0.1842446226220744,-0.1842446226220744
2020-07-08,0.1587953456536618,-0.9284579638773781,-0.019664917822928,-0.277273643026646,0.3962903756853154,0.8321894696772156,0.1013088322172161,-0.1664304437945993,-0.1664304437945993
2020-07-09,0.1615331964407939,-0.9156448579617034,0.039451542215733,-0.237254521061207,0.4044909259480482,0.8117131611203297,0.1121265210774015,-0.1835248241016334,-0.1835248241016334
2020-07-10,0.164271047227926,-0.9212414698456819,0.071905215505352,-0.30299956843055,0.4109392224233171,0.8015701288419353,0.1168872541988105,-0.184450670772561,-0.184450670772561
2020-07-11,0.1670088980150581,-1.146184185861139,-0.008270632510937001,-0.352365618740619,0.4021337532432704,0.7921424675284264,0.1242710027988947,-0.189615098240333,-0.189615098240333
2020-07-12,0.1697467488021903,-1.169344819255521,-0.068844859334801,-0.39073376751146,0.4083528552576034,0.7915234177598041,0.1233445746280653,-0.1867236250537907,-0.1867236250537907
2020-07-13,0.1724845995893223,-1.1687124751881162,-0.08836833261902399,-0.409624445374581,0.4013529535921499,0.7845096708378135,0.1290026490823983,-0.1912834684340083,-0.1912834684340083
2020-07-14,0.1752224503764544,-1.1749594150274092,-0.108918779481881,-0.429508810516879,0.3959610129836763,0.7809562005689951,0.132310994720511,-0.192333900876612,-0.192333900876612
2020-07-15,0.1779603011635865,-1.1777663298372751,-0.062060247437647,-0.457840947320884,0.4113908820727346,0.7733166778044245,0.1334278703263598,-0.1987991796625792,-0.1987991796625792
2020-07-16,0.1806981519507187,-1.1843097085890728,-0.062912604796966,-0.36307309071127003,0.3910508846184375,0.7624432962252189,0.1446599446166128,-0.2064062744013668,-0.2064062744013668
2020-07-17,0.1834360027378508,-1.1852368576861196,-0.125566197480385,-0.417499020226356,0.3858867739293509,0.7592370014198349,0.1478557417765083,-0.2053028442575541,-0.2053028442575541
2020-07-18,0.1861738535249829,-1.188172066686108,-0.15191908800619,-0.35972611760629297,0.3860402763516298,0.7585238530465656,0.1482566284512038,-0.2054600643708966,-0.2054600643708966
2020-07-19,0.188911704312115,-1.20056773030013,-0.172095908411007,-0.35972611760629297,0.3998158596529275,0.7612835824465439,0.1432738078560538,-0.2035349335500473,-0.2035349335500473
2020-07-20,0.191649555099247,-1.2026238174433768,-0.183364153366615,-0.37077923397104595,0.3987462101643056,0.7511341253802223,0.1496315502759161,-0.2068781179152967,-0.2068781179152967
2020-07-21,0.1943874058863792,-1.1595116313961085,-0.256095055281847,-0.44212158811310603,0.5092091376925533,0.7724099268639226,0.1116991282470702,-0.1851638768440793,-0.1851638768440793
2020-07-22,0.1971252566735113,-1.2519186599673628,-0.2133140638185,-0.440865356888644,0.6295783771399343,0.793697985374637,0.0764187270568279,-0.1702676186857665,-0.1702676186857665
2020-07-23,0.1998631074606434,-1.2487776827166563,-0.206846618006033,-0.424714023072574,0.7106655595799276,0.8119858196921959,0.0543989776503971,-0.165467965660655,-0.165467965660655
2020-07-24,0.2026009582477755,-1.3556094663214036,-0.27894997858036796,-0.50472518492614,0.7495621092784686,0.815067861504518,0.0463140146914306,-0.1711155278843055,-0.1711155278843055
2020-07-25,0.2053388090349076,-1.3412086519526645,-0.306886775572626,-0.558831991013439,0.8027414059324782,0.8358485029565774,0.0323802935208644,-0.1575588454557461,-0.1575588454557461
2020-07-26,0.2080766598220397,-1.313268404388226,-0.313845903445514,-0.535177029787519,0.821324712872298,0.8775299723128498,0.0218823673615391,-0.135327514042796,-0.135327514042796
2020-07-27,0.2108145106091718,-0.6540319878638376,-0.392820700620991,-0.612347232421424,0.8312141710251333,0.906362819388606,0.0158046291523634,-0.0324846684544759,-0.0324846684544759
2020-07-28,0.2135523613963039,-0.6457612584552513,-0.38358952448918004,-0.603326991051784,0.8297992014756395,0.9125508582268752,0.0148839137600558,-0.0407684289700185,-0.0407684289700185
2020-07-29,0.216290212183436,-0.6394890203543785,-0.43879421151569004,-0.6702678080839359,0.8493371835525413,0.9348041425790448,0.009822591499748,-0.0248926419004504,-0.0248926419004504
2020-07-30,0.2190280629705681,-0.6457349030611007,-0.4487116515011,-0.722123014053656,0.8652033010432824,0.947062216185542,0.0071358385082732,-0.0250974413122619,-0.0250974413122619
2020-07-31,0.2217659137577002,-0.6383597007615153,-0.38168716059201196,-0.6873196103027759,0.888975449888573,0.964025900295758,0.003994008235327,-0.0073651190707337,-0.0073651190707337
2020-08-01,0.2245037645448323,-0.6100059903471692,-0.393547250623181,-0.6910288181138841,0.9134809543789472,0.978655363070046,0.0018467176163075,0.0292000182685594,0.0292000182685594
2020-08-02,0.2272416153319644,-0.38557782325401657,-0.393547250623181,-0.686391669473156,0.8518794255679485,0.8998410343955418,0.0148356035198524,-0.0338744516492095,-0.0338744516492095
2020-08-03,0.2299794661190965,-0.38074279850349385,-0.39251949309524903,-0.685395242246202,0.8220383354871101,0.8780234881195547,0.0217071430857203,-0.0177670381900991,-0.0177670381900991
2020-08-04,0.2327173169062286,-0.3837755048392713,-0.404850231582543,-0.697350088815792,0.7962234478932373,0.8634225529050309,0.0278312812645565,-0.022544278393223,-0.022544278393223
2020-08-05,0.2354551676933607,-0.3420384886443105,-0.409133076455772,-0.720711617202074,0.8227955282598473,0.9055075047913544,0.0167444926968569,0.0233960283065481,0.0233960283065481
2020-08-06,0.2381930184804928,-0.36031170146415015,-0.42217139284098304,-0.708921761924854,0.8455027522672333,0.9282935923241586,0.0110784426307212,0.0249591659900314,0.0249591659900314
2020-08-07,0.2409308692676249,-0.34329840479973756,-0.310069257939125,-0.615647009360855,0.8472915330975407,0.9225413481336748,0.0118285919748378,0.0085032236635598,0.0085032236635598
2020-08-08,0.243668720054757,-0.36611763904271655,-0.337124571842628,-0.563521954234573,0.8616224455815689,0.9343365704570116,0.0090863447948857,0.0203529682766436,0.0203529682766436
2020-08-09,0.2464065708418891,-0.3594927531392829,-0.332126128690558,-0.542510166476781,0.8652839325229454,0.9327042656360374,0.0090658166914935,0.012461141033043,0.012461141033043
2020-08-10,0.2491444216290212,-0.36231656458280165,-0.317640935991316,-0.52834018820511,0.884542743871526,0.9503245978206284,0.0057353856327086,0.0284220735662206,0.0284220735662206
2020-08-11,0.2518822724161533,-0.2647877185246389,-0.3124681039609,-0.523279922940028,0.8551958865212334,0.9138747536328417,0.0124712899483367,-0.0129202126775513,-0.0129202126775513
2020-08-12,0.2546201232032854,-0.2669880929909133,-0.313082798230355,-0.607157289074054,0.8465195429423418,0.9105787791420876,0.0137244098479261,0.0010540992750112,0.0010540992750112
2020-08-13,0.2573579739904175,-0.26599792270032024,-0.303345702632269,-0.6388529540738901,0.8594377418398245,0.9269869333388424,0.0102628815250917,0.0168922727412468,0.0168922727412468
2020-08-14,0.2600958247775496,-0.2700296825691015,-0.310158544977295,-0.698371277802051,0.8581270664597735,0.9222214331779128,0.011034673441604,0.0143880651815884,0.0143880651815884
2020-08-15,0.2628336755646817,-0.2796068894117625,-0.337311889099087,-0.679747818301718,0.8650445422909874,0.9300299315279216,0.0094428426165802,0.021367215082245,0.021367215082245
2020-08-16,0.2655715263518138,-0.27970910405522853,-0.296018750783295,-0.664795413581178,0.8700575918058978,0.9361447781443768,0.0082975013036883,0.0224336107471323,0.0224336107471323
2020-08-17,0.2683093771389459,-0.26461645021981933,-0.322076703007414,-0.689863095480802,0.8873884218958,0.9567663558117768,0.0048686088992312,0.0511413721231956,0.0511413721231956
2020-08-18,0.271047227926078,-0.2265256018323428,-0.38253134302151204,-0.748020301089115,0.8543563471076591,0.938166399743354,0.0090056714128626,0.0282113810550903,0.0282113810550903
2020-08-19,0.2737850787132101,-0.19903508278958704,-0.30679352866854404,-0.733240086867325,0.7881482394009959,0.8936988043013767,0.0225200954625326,0.0073942008163498,0.0073942008163498
2020-08-20,0.2765229295003422,-0.2075187790569947,-0.244953928067293,-0.714500086845154,0.7535230702414641,0.886533626633437,0.0279668433382261,0.0163475209112995,0.0163475209112995
2020-08-21,0.2792607802874743,-0.17051884974443365,-0.18110995036274302,-0.697326218349408,0.6728313526252226,0.8470787743486551,0.0500310305512436,-0.00919632428932,-0.00919632428932
2020-08-22,0.2819986310746064,-0.17049291087212814,-0.152075446644676,-0.718622587138513,0.628897514966393,0.83856112418965,0.0599103679942527,-0.0027077135952797,-0.0027077135952797
2020-08-23,0.2847364818617385,-0.17293774770605438,-0.126006184947374,-0.712151535579004,0.5927953071926466,0.8321719760289148,0.0683403589456108,-0.0053473516403741,-0.0053473516403741
2020-08-24,0.2874743326488706,-0.17516934977947515,-0.12071149514801499,-0.707171152013481,0.5790822513038482,0.8427484671493,0.0661899611865356,0.0028239397693283,0.0028239397693283
2020-08-25,0.2902121834360027,-0.12185872240304649,-0.150360627025698,-0.7350602361206381,0.4775858693023886,0.7967834798507815,0.1061631817171476,-0.0336382703724069,-0.0336382703724069
2020-08-26,0.2929500342231348,-0.564660933994421,-0.070459703813002,-0.6682046909869339,0.4220174787549871,0.7891380870064253,0.1218745001065728,-0.0241074193229575,-0.0241074193229575
2020-08-27,0.2956878850102669,-0.5557770213745756,-0.079991465754264,-0.640032246609787,0.3458060656871498,0.7646156594081055,0.1539870078474474,-0.0397203947569657,-0.0397203947569657
2020-08-28,0.298425735797399,-0.5522395210820987,-0.095432057609045,-0.680992717207401,0.3353399647006932,0.7798471931975817,0.1463267723405368,-0.0217229477313676,-0.0217229477313676
2020-08-29,0.3011635865845311,-0.5513154733893656,-0.069876792081438,-0.704437939671966,0.3198963426598527,0.7829915485746792,0.1475882414880823,-0.0259776886062752,-0.0259776886062752
2020-08-30,0.3039014373716632,-0.5535145877850238,-0.11979838942979701,-0.7500498515912379,0.3519241383371357,0.8102418086514055,0.122977703365827,-0.0095286626266908,-0.0095286626266908
2020-08-31,0.3066392881587953,-0.6238392248028741,-0.144400310725031,-0.773082432757652,0.3694056558851784,0.8156299577406059,0.1162627058729845,-0.0133270146085386,-0.0133270146085386
2020-09-01,0.3093771389459274,-0.8152541087149591,-0.123007974345515,-0.7530546992287319,0.4442452148009117,0.8544298969191897,0.0809012813690848,0.009970420099945,0.009970420099945
2020-09-02,0.3121149897330595,-0.6915126458122334,-0.069518879773144,-0.701982985518208,0.3817922589325617,0.7973823658282613,0.1252597899217392,-0.0387780974787013,-0.0387780974787013
2020-09-03,0.3148528405201916,-0.16796830122609704,-0.06853709664518201,-0.623799976736172,0.2935609850717624,0.6082907947994972,0.276718665060166,-0.1478421204926281,-0.1478421204926281
2020-09-04,0.3175906913073237,-0.23704559521496116,-0.011849683096176001,-0.640015797914849,0.2579992183199806,0.5503605820627807,0.3336327995835656,-0.1232246414340405,-0.1232246414340405
2020-09-05,0.3203285420944558,-0.205226267813079,-0.007543883407000001,-0.575319799830364,0.2165981297549442,0.4743757527949613,0.4117750183065769,-0.1573537066332555,-0.1573537066332555
2020-09-06,0.3230663928815879,-0.20046555362182417,-0.077054923147568,-0.571486203627414,0.1970281061812022,0.4516035014461157,0.44034697500741,-0.1475574510829318,-0.1475574510829318
2020-09-07,0.3258042436687201,-0.20581985016636978,-0.077054923147568,-0.571486203627414,0.1945910733790266,0.4524738180077098,0.4409824745352901,-0.1399628218141941,-0.1399628218141941
2020-09-08,0.3285420944558521,-0.19180075229176136,0.004280919786194,-0.49420308744555697,0.1709391955111654,0.4202047371343305,0.4806855270702272,-0.1642080295164945,-0.1642080295164945
2020-09-09,0.3312799452429842,-0.2013897907302617,-0.034195307604493,-0.467136830142991,0.1660840961341465,0.4192967999379043,0.484257633957576,-0.1543590523341826,-0.1543590523341826
2020-09-10,0.3340177960301163,-0.24441986011686442,-0.030973077436112998,-0.44332977498011694,0.1764843990270225,0.4354377908940893,0.4649257869184858,-0.1436760015665541,-0.1436760015665541
2020-09-11,0.3367556468172484,-0.2566717339099379,-0.011772325286543001,-0.406044099281263,0.1886760262589808,0.4486982194342141,0.4472843513391327,-0.1410809124248615,-0.1410809124248615
2020-09-12,0.3394934976043806,-0.27233921974538,-0.001070763577037,-0.346503771570816,0.2026156282596625,0.4609963992741294,0.429793047530578,-0.1381683619783871,-0.1381683619783871
2020-09-13,0.3422313483915126,-0.27051351987449584,0.024704979667374997,-0.37239534964253396,0.1993049031553481,0.4508769548688575,0.4396801298009103,-0.1506066881464818,-0.1506066881464818
2020-09-14,0.3449691991786447,-0.21709234454607887,-0.003222210503602,-0.39921628317692404,0.2383316754111953,0.4924666117165525,0.3865721055267327,-0.1176690702866718,-0.1176690702866718
2020-09-15,0.3477070499657768,-0.21021371160276953,-0.005370077678055999,-0.401279068669271,0.2810996081151565,0.5246517392300175,0.3417280509493192,-0.107932012729135,-0.107932012729135
2020-09-16,0.3504449007529089,-0.23982996759081965,0.038772279619574,-0.35292936919627804,0.3338622385198135,0.5577834456034823,0.2945771456351774,-0.0926748529636398,-0.0926748529636398
2020-09-17,0.3531827515400411,-0.2537401615419235,0.07586481013374101,-0.347798846006548,0.3704216584330628,0.5705197140830394,0.270391486143294,-0.0961255855071385,-0.0961255855071385
2020-09-18,0.3559206023271731,-0.2654357389475184,0.004306267175171,-0.315756441038478,0.39732923582099,0.5762370050839679,0.2553895679768309,-0.0976127890459626,-0.0976127890459626
2020-09-19,0.3586584531143053,-0.2613640116999754,0.015087766814001001,-0.39284636822928704,0.4349191983013329,0.6012264853724218,0.2253392573419469,-0.0851190342497556,-0.0851190342497556
2020-09-20,0.3613963039014374,-0.27602159468421567,-0.034316321160774,-0.451089128998621,0.4449683527002491,0.5906572749010752,0.2271981670218253,-0.1003684627326908,-0.1003684627326908
2020-09-21,0.3641341546885694,-0.20877730236367678,0.031099293890329997,-0.388409246932818,0.3971701493277617,0.5150302251039691,0.2923542569811233,-0.1458977178468181,-0.1458977178468181
2020-09-22,0.3668720054757016,-0.2042366591492386,0.079356339278231,-0.34217034951673897,0.3737890585343029,0.4884771541043568,0.3203212029095234,-0.1396826115808576,-0.1396826115808576
2020-09-23,0.3696098562628336,-0.18800677068820396,0.11682704204049901,-0.236863974793011,0.3343357395213459,0.4320100263054549,0.3780906257986695,-0.1688210158380094,-0.1688210158380094
2020-09-24,0.3723477070499658,-0.12125083579791934,0.142980206305332,-0.269183233807345,0.4239559588827536,0.4797148600212911,0.2997071545665876,-0.12094475688383,-0.12094475688383
2020-09-25,0.3750855578370979,-0.12694374213700793,0.168799017177165,-0.265541553500461,0.4773427661884251,0.4936147148369642,0.2646659323861978,-0.1282759501297992,-0.1282759501297992
2020-09-26,0.37782340862423,-0.1307582581504828,0.168799017177165,-0.291520877773528,0.5292929518555483,0.5091365796160753,0.2310528716510063,-0.1239220585998825,-0.1239220585998825
2020-09-27,0.3805612594113621,-0.14758449157759274,0.239255063197927,-0.31141168100753897,0.5732954043270241,0.5205247724953189,0.2045942830875931,-0.1226987398225158,-0.1226987398225158
2020-09-28,0.3832991101984941,-0.14704947686500416,0.204611814815429,-0.344191816822009,0.5907270821162992,0.5165223148540525,0.1978743229313391,-0.1298568379949127,-0.1298568379949127
2020-09-29,0.3860369609856263,-0.15410047519171496,0.164555223326832,-0.382094166358155,0.6282527534005128,0.5344689262151822,0.1730598948860087,-0.1183922115482865,-0.1183922115482865
2020-09-30,0.3887748117727584,-0.15375746441965307,0.189928371130052,-0.324608563083275,0.6331957316387234,0.534553675884553,0.1707276983786121,-0.1250082212368113,-0.1250082212368113
2020-10-01,0.3915126625598905,-0.17866578195031702,0.148365042334299,-0.308201808014169,0.5953630486528452,0.5102074681547948,0.1981881568784481,-0.1414673975847726,-0.1414673975847726
2020-10-02,0.3942505133470226,-0.25879831372240997,0.106623358108666,-0.340710770560982,0.5474884937480273,0.491609488051149,0.230052556326186,-0.1466020683570033,-0.1466020683570033
2020-10-03,0.3969883641341546,-0.8250729719954805,0.11861100921491899,-0.368470076571932,0.5044674515181172,0.4783729685598535,0.2584831722465749,-0.1501530062028795,-0.1501530062028795
2020-10-04,0.3997262149212868,-0.8561477060699675,0.120793259538636,-0.37538499098557604,0.5043129625690372,0.4895251825241797,0.2530357499577008,-0.1398565190965346,-0.1398565190965346
2020-10-05,0.4024640657084189,-0.9242396941005345,0.085202858620212,-0.40923055013020704,0.5372437727530557,0.5133894072734685,0.225182082028529,-0.1293725621170267,-0.1293725621170267
2020-10-06,0.405201916495551,-0.9060705234397007,0.1197153360373,-0.376410068609777,0.5114911123173194,0.4974019321239841,0.2455236230895769,-0.1480617678793141,-0.1480617678793141
2020-10-07,0.4079397672826831,-0.9081755071667774,0.09814452337513799,-0.400861556839186,0.5094166834557299,0.4989488925995406,0.2458073140266966,-0.1430261920793594,-0.1430261920793594
2020-10-08,0.4106776180698152,-0.9194958327306355,0.013906423700222,-0.38813007526301,0.5737414267847072,0.5361808504817916,0.197706888903562,-0.1212203187353342,-0.1212203187353342
2020-10-09,0.4134154688569473,-0.9161560499669626,-0.021445911758029,-0.42592587650521496,0.6617115610830783,0.5767816213377991,0.1431698846385866,-0.1087506735138283,-0.1087506735138283
2020-10-10,0.4161533196440794,-0.9004627596898713,-0.02999772769256,-0.437731416932691,0.7169812010467284,0.6313514287361923,0.1043344758749224,-0.0890946767255886,-0.0890946767255886
2020-10-11,0.4188911704312115,-0.899019525257179,-0.028930061841171,-0.437731416932691,0.776077304478315,0.6716139445824618,0.0735330907008285,-0.0824434884405338,-0.0824434884405338
2020-10-12,0.4216290212183436,-0.8902941088882713,-0.027858366134085998,-0.436703659404761,0.8082168064857191,0.7170415021370835,0.0542666843521539,-0.0686249360339843,-0.0686249360339843
2020-10-13,0.4243668720054757,-0.8905515064809416,0.021429009355879,-0.38943700446074897,0.8107527857616763,0.720623808848413,0.0528711658999512,-0.0809857858715688,-0.0809857858715688
2020-10-14,0.4271047227926078,-0.9535017120030114,0.033308000387903,-0.35230949786697896,0.8122286902808594,0.7229480475531491,0.0520224079711902,-0.081762880712322,-0.081762880712322
2020-10-15,0.4298425735797399,-0.9576517312365632,0.08704970790202,-0.31172550874116,0.8195550409682038,0.7338400568596145,0.048027220035872,-0.0771157012145042,-0.0771157012145042
2020-10-16,0.432580424366872,-0.953498544771521,0.050423905731098,-0.285180959379546,0.7912634308342257,0.7136875743553844,0.0597638734385879,-0.093380408372381,-0.093380408372381
2020-10-17,0.4353182751540041,-0.9540370321373134,0.076368621614533,-0.312305764051145,0.7770620278360363,0.7089280441023179,0.0648909916016279,-0.0912902389606689,-0.0912902389606689
2020-10-18,0.4380561259411362,-0.9481574123464006,0.080705907407407,-0.307294482546685,0.7908414505211299,0.7250011826622682,0.0575183537427647,-0.081414496188362,-0.081414496188362
2020-10-19,0.4407939767282683,-0.9295709880721793,0.053803938271606004,-0.333161010850159,0.8328128863891319,0.7712805960088752,0.0382389369800742,-0.0602506562106679,-0.0602506562106679
2020-10-20,0.4435318275154004,-0.9375186400957928,0.015065037037413,-0.370408874757866,0.8614114740399117,0.8201884484198039,0.0249198178840957,-0.0466414369011243,-0.0466414369011243
2020-10-21,0.4462696783025325,-0.7962738679954007,-0.099422738515432,-0.399129018314581,0.8634635011198948,0.8672097800419115,0.0181307117185964,0.02554627201396,0.02554627201396
2020-10-22,0.4490075290896646,-0.7952550763802763,-0.110650169078065,-0.343860909467241,0.8778464945224134,0.907618892934245,0.0112846760679822,0.035368548752011,0.035368548752011
2020-10-23,0.4517453798767967,-0.865226551188744,-0.171628642552962,-0.344505112917099,0.8847236261295202,0.9237412004845,0.0087908378838627,0.0315139534096697,0.0315139534096697
2020-10-24,0.4544832306639288,-0.9760991491130878,-0.167461776005015,-0.371562209418846,0.906340795063454,0.952779336674984,0.0044226497835973,0.0438587740176892,0.0438587740176892
2020-10-25,0.4572210814510609,-0.9767842469583188,-0.19137292799184102,-0.33041543857327405,0.9031503652601016,0.941498156491652,0.0056658821753942,0.0367695478688272,0.0367695478688272
2020-10-26,0.459958932238193,-0.97618253725776,-0.161767683408365,-0.301229864092765,0.9046923293068896,0.9408055176486636,0.0056416882307902,0.0389380202132514,0.0389380202132514
2020-10-27,0.4626967830253251,-0.8919075980648582,-0.17339811354390802,-0.312695426689425,0.9202736379286828,0.959114332479952,0.0032596655322308,0.0810165298859271,0.0810165298859271
2020-10-28,0.4654346338124572,-0.8234669123316755,-0.090175944712226,-0.252530326902391,0.8969689851551655,0.9199193258387848,0.0082507931282885,0.0513510425670968,0.0513510425670968
2020-10-29,0.4681724845995893,-0.8234994017765243,0.007455500615536,-0.12195160098973701,0.8893070417111559,0.917863041235799,0.0090919829504582,0.0625957732565947,0.0625957732565947
2020-10-30,0.4709103353867214,-0.8335718749527413,0.015976304915754,-0.09792569161018799,0.8908027805836286,0.928273666306792,0.0078323161982291,0.0694110896094333,0.0694110896094333
2020-10-31,0.4736481861738535,-0.8626316708599457,0.035215220817281,-0.06864521165062801,0.8960699088795284,0.9391109770959608,0.0063282016986532,0.0853196410056611,0.0853196410056611
2020-11-01,0.4763860369609856,-0.8640308967875806,0.021313361619981,-0.042355094826164,0.896109150380382,0.9400870962065536,0.0062244024782795,0.0808826371119675,0.0808826371119675
2020-11-02,0.4791238877481177,-0.8412000640913642,0.022379232956382,-0.041295995295045004,0.8795069652908861,0.9216836752808748,0.0094365716326717,0.0659718997452962,0.0659718997452962
2020-11-03,0.4818617385352498,-0.8164210264502685,-0.030902951561149,-0.09423966186369201,0.9026865966519976,0.9529547268381116,0.0045781356428197,0.0937908645008125,0.0937908645008125
2020-11-04,0.4845995893223819,-0.815811415680514,-0.010693879995363,-0.027756433427811,0.9199166032178748,0.9681866649809446,0.0025477199312936,0.1055816161849119,0.1055816161849119
2020-11-05,0.487337440109514,-0.46520936209412445,-0.138548761205239,-0.131186361871712,0.9328805368398037,0.9745307060795212,0.0017094853350117,0.2016330515587725,0.2016330515587725
2020-11-06,0.4900752908966461,-0.45860336706911314,-0.149524077491441,-0.11044378680072299,0.9313868030852626,0.9624661811472012,0.0025753153039091,0.1993742605173309,0.1993742605173309
2020-11-07,0.4928131416837782,-0.30587560925440654,-0.147419853052043,-0.084927253777932,0.8898418685833459,0.9026469686625022,0.0107242280198857,0.1498849503269461,0.1498849503269461
2020-11-08,0.4955509924709103,-0.2631843952795827,-0.089189149305272,-0.134773188108523,0.8938076410174731,0.9199996116985312,0.0084954299532511,0.1911474224747511,0.1911474224747511
2020-11-09,0.4982888432580424,-0.25032987798898887,-0.035460370762678,-0.08129153109441199,0.8865371682999403,0.9177198218408332,0.0093357420067244,0.1802469806359603,0.1802469806359603
2020-11-10,0.5010266940451745,-0.24384915694196146,-0.033311580348858,-0.07915262388259099,0.8766434251824085,0.9123414392077644,0.0108132598127698,0.1762043036135079,0.1762043036135079
2020-11-11,0.5037645448323066,-0.2336677256384906,-0.003223249102314,-0.049197763045203,0.8906875016894432,0.9394708472968702,0.0066165929026003,0.2013301028183534,0.2013301028183534
2020-11-12,0.5065023956194388,-0.2284601084470304,-0.060942981103768,-0.044977316480904,0.9159986442516784,0.967635332268556,0.0027186759677852,0.2359011538885962,0.2359011538885962
2020-11-13,0.5092402464065708,-0.23036184061276227,-0.066394852797533,-0.0075406327096260006,0.9270170188276532,0.9733337589297242,0.0019461817699691,0.2370490042778748,0.2370490042778748
2020-11-14,0.5119780971937029,-0.2021683456063857,-0.117195660235246,-0.00323297542848,0.91813688426642,0.9576639487722016,0.003465761061364,0.2202505133016465,0.2202505133016465
2020-11-15,0.5147159479808351,-0.21700039507684935,-0.098206465195161,-0.072774003361372,0.903748335048822,0.94013905268386,0.0057617158447332,0.2118499922117003,0.2118499922117003
2020-11-16,0.5174537987679672,-0.17257859575149842,-0.118488536158793,-0.093108168220304,0.9213699472858822,0.9628177270150526,0.0029236440848371,0.2569989199248095,0.2569989199248095
2020-11-17,0.5201916495550992,-0.10861288636160558,-0.134500654582175,-0.10916141329304,0.933940104399436,0.9726683211934172,0.001805527848551,0.309635459610849,0.309635459610849
2020-11-18,0.5229295003422314,-0.11016960403750181,-0.118805587790421,-0.134644380377894,0.9232129567527672,0.951539326181212,0.0037211518563133,0.3171105557105775,0.3171105557105775
2020-11-19,0.5256673511293635,-0.10380220181983559,-0.083807755652142,-0.14311613555469702,0.914980719045462,0.941746521520852,0.0049526688533978,0.3163733010631411,0.3163733010631411
2020-11-20,0.5284052019164955,-0.20964305675979605,-0.023755665614209002,-0.112371899007197,0.9293679857044816,0.9622971807012816,0.0026630260716884,0.3590090154744114,0.3590090154744114
2020-11-21,0.5311430527036276,-0.20466951417107915,-0.060247184182865995,-0.10177812143930201,0.9340993759623722,0.964830159272402,0.0023177144512526,0.3586193644886482,0.3586193644886482
2020-11-22,0.5338809034907598,-0.18467927280974347,-0.040961223150628,-0.076261986692729,0.9256942725458752,0.9510064818290616,0.0036404990082284,0.3424125192471923,0.3424125192471923
2020-11-23,0.5366187542778919,-0.17929241391707074,-0.028025710493043,-0.063372325194464,0.91876359040291,0.943768657743279,0.0045680323517611,0.3405981267166975,0.3405981267166975
2020-11-24,0.5393566050650239,-0.1615362076560004,-0.058207750961816004,-0.093447382539896,0.9286351495110086,0.959118621682233,0.0029174934514313,0.3787474348452537,0.3787474348452537
2020-11-25,0.5420944558521561,-0.12403499291672271,-0.11391780260325901,-0.092622576681169,0.915333461783558,0.944789891908106,0.0046744487266962,0.3573981922921927,0.3573981922921927
2020-11-26,0.5448323066392882,0.1815581477930263,-0.102216973604627,-0.030345593311336003,0.8237560717793246,0.8541645119722768,0.0257026192839852,0.2677703569093275,0.2677703569093275
2020-11-27,0.5475701574264202,0.1401403672426394,-0.173429256297006,-0.11841947263955699,0.752948294560833,0.8066236923232363,0.0477739466030735,0.2638870567304749,0.2638870567304749
2020-11-28,0.5503080082135524,0.16297007926396237,-0.230949147519086,-0.107770232798075,0.7246744668075118,0.814992896154202,0.0509371795107423,0.2974146247129781,0.2974146247129781
2020-11-29,0.5530458590006845,0.17169898455839086,-0.239259887079444,-0.15656826643138302,0.7264691827959007,0.8434569686330069,0.0428193432974205,0.321576481469501,0.321576481469501
2020-11-30,0.5557837097878165,0.31250153837584865,-0.23075267416198,-0.14798898159978,0.7881791130918863,0.9154521385868368,0.0179090029907204,0.3966932769650508,0.3966932769650508
2020-12-01,0.5585215605749486,0.39708178359135343,-0.290302353291749,-0.20804315725536,0.7839029948289334,0.9052068834605888,0.0204845085949986,0.3523596665853681,0.3523596665853681
2020-12-02,0.5612594113620808,0.3812753034750617,-0.311536439139008,-0.23365490180813903,0.8005314894267519,0.9201303052401488,0.0159314890536874,0.3717888920945995,0.3717888920945995
2020-12-03,0.5639972621492129,0.3715841981860276,-0.303581386920305,-0.248333438180782,0.8259540502607549,0.9398941006834146,0.0104611883314865,0.3829001733959973,0.3829001733959973
2020-12-04,0.5667351129363449,0.44566622239503784,-0.290119538338745,-0.2483609434397,0.7995198343232539,0.912229585905732,0.0175962271591354,0.3423082774026689,0.3423082774026689
2020-12-05,0.5694729637234771,0.20117205970105184,-0.197773895514643,-0.2483609434397,0.8069653347697097,0.9212819497457538,0.0151953124784095,0.3648070028055912,0.3648070028055912
2020-12-06,0.5722108145106092,0.19932884373752038,-0.165890312588432,-0.180795252645117,0.823646473053807,0.9354204475783,0.0113888318381733,0.3732019518832334,0.3732019518832334
2020-12-07,0.5749486652977412,0.10064300844383954,-0.156131669629608,-0.171051400246187,0.8209283393430763,0.9347606808747564,0.0116825132158843,0.3637237775480795,0.3637237775480795
2020-12-08,0.5776865160848734,0.15584410311943836,-0.136615210925907,-0.151564521408518,0.7566221132684958,0.8905973741504105,0.0266261798821505,0.3158396950759012,0.3158396950759012
2020-12-09,0.5804243668720055,0.14911300546405565,-0.176858293936462,-0.11395735388682601,0.725043052936053,0.8802369514313991,0.0329296822054937,0.3269886499300014,0.3269886499300014
2020-12-10,0.5831622176591376,0.1626675728778381,-0.211320656007834,-0.167857427315843,0.6806914591540766,0.8605079527199923,0.0445410020765898,0.3098348009574412,0.3098348009574412
2020-12-11,0.5859000684462696,0.1568184265708352,-0.221409881591043,-0.201399585128555,0.6326858853538112,0.8402658776691204,0.058672597722753,0.297040896240853,0.297040896240853
2020-12-12,0.5886379192334018,0.16690780214385117,-0.212994378984432,-0.189777285677886,0.6499552998050241,0.8676468968838471,0.0463295023001684,0.3359695402705842,0.3359695402705842
2020-12-13,0.5913757700205339,0.17222026600954893,-0.191892921335072,-0.187661544527785,0.6871371482436973,0.8983940153567169,0.0317887381110046,0.3523237992760162,0.3523237992760162
2020-12-14,0.5941136208076659,0.15715670592506512,-0.221000755125805,-0.216781935911112,0.7224815835710029,0.9190176835401412,0.0224740842226919,0.3562529031433907,0.3562529031433907
2020-12-15,0.5968514715947981,0.15134603912010194,-0.246873745449486,-0.242666088263338,0.761181225746687,0.9379116194044216,0.0148278709492092,0.3635595688326685,0.3635595688326685
2020-12-16,0.5995893223819302,0.34132169292148573,-0.22901617733294102,-0.24482358095073703,0.813627000308214,0.962531220637744,0.0069831688045333,0.4550138490346231,0.4550138490346231
2020-12-17,0.6023271731690623,0.38615346547279583,-0.28132422913147703,-0.39152797717972,0.8307981650073668,0.9507582571972146,0.0083317932404665,0.5211355769449408,0.5211355769449408
2020-12-18,0.6050650239561944,0.3872046322514066,-0.249133780260049,-0.347416407779104,0.8543561017321224,0.9569945635908648,0.0062634794053377,0.5339505390834436,0.5339505390834436
2020-12-19,0.6078028747433265,0.3997334419625685,-0.24596427022886802,-0.355688860625816,0.8824925206102039,0.9708743756668858,0.0034224787010383,0.5633906063371352,0.5633906063371352
2020-12-20,0.6105407255304586,0.3808471610956685,-0.256521567511512,-0.35465607232924,0.8840867225521539,0.9598177700103914,0.0046576539732586,0.5451261464556616,0.5451261464556616
2020-12-21,0.6132785763175906,0.4202643859138718,-0.254356368616276,-0.352512680915068,0.8597057464481529,0.9307043201327352,0.0097217856813456,0.5143351745757592,0.5143351745757592
2020-12-22,0.6160164271047228,0.4409959085504486,-0.188331840595777,-0.287153139676037,0.8785948393999005,0.9504278658351384,0.0060183129095746,0.5547203340759594,0.5547203340759594
2020-12-23,0.6187542778918549,0.4681650520466431,-0.22700231603374502,-0.285805956961099,0.8722126015005973,0.941340598419544,0.0074959323254982,0.530013561259068,0.530013561259068
2020-12-24,0.621492128678987,0.4426387130941072,-0.206006880269302,-0.292316080762529,0.8861889726783154,0.9540990614372432,0.0052240329728568,0.5493858405620369,0.5493858405620369
2020-12-25,0.6242299794661191,0.44640450017438277,-0.18045397013414202,-0.308979431574497,0.9130441655132112,0.9755181076318856,0.0021288433806851,0.5860513334512909,0.5860513334512909
2020-12-26,0.6269678302532512,0.2363624872600122,-0.18045397013414202,-0.28396249919168104,0.9270611903848268,0.979395755518344,0.0015028490655119,0.6536554068190927,0.6536554068190927
2020-12-27,0.6297056810403833,0.24101266762813783,-0.15905861966558602,-0.279780314815764,0.8980448157083933,0.9348179825277018,0.0066456446038868,0.6456273401589261,0.6456273401589261
2020-12-28,0.6324435318275154,0.2355263302465108,-0.157969774831043,-0.27870482715805,0.8953211118842662,0.9345903855786548,0.0068470057097052,0.6742811415643768,0.6742811415643768
2020-12-29,0.6351813826146475,0.23143863164772888,-0.193920771493942,-0.314214802470271,0.8997836514562211,0.9419442955443252,0.0058181307126845,0.6826673631474094,0.6826673631474094
2020-12-30,0.6379192334017796,0.14863007809645978,-0.24382338371568302,-0.418003380782555,0.9226998754768384,0.968397598450775,0.002442869574986,0.7334322487876719,0.7334322487876719
2020-12-31,0.6406570841889117,0.03940422064924992,-0.150037800220987,-0.430896426685037,0.936795894562286,0.9778347984825392,0.0014009317337577,0.7371275472707062,0.7371275472707062
2021-01-01,0.6433949349760438,0.03790718862406079,-0.129499590606636,-0.47144792637112903,0.9476968186895786,0.9830812555866232,0.0008849041565975,0.7480139007276119,0.7480139007276119
2021-01-02,0.6461327857631759,0.22654349166313809,-0.084885530904851,-0.467408172128847,0.9429537227737774,0.9691544639032758,0.0017596230033651,0.8356467191618098,0.8356467191618098
2021-01-03,0.648870636550308,0.11771384487620426,-0.083792120441816,-0.49058990270868297,0.927936105598052,0.9471646290124324,0.0038075225955358,0.8538476144096094,0.8538476144096094
2021-01-04,0.6516084873374401,0.17928684524635805,-0.090407907653201,-0.496934287021074,0.9035041975458096,0.9195763816874872,0.0077605415853354,0.826877023241126,0.826877023241126
2021-01-05,0.6543463381245722,0.23957109502101845,-0.13891891391737998,-0.543455200902812,0.9175674172658737,0.9471681292752472,0.0043550675545168,0.8861525434904127,0.8861525434904127
2021-01-06,0.6570841889117043,0.32888084397127487,-0.138782038057561,-0.501803866935788,0.9372913211053284,0.9725471056052646,0.0017215347393287,0.964095684790065,0.964095684790065
2021-01-07,0.6598220396988365,0.231118190574248,-0.125315969479067,-0.432420660878326,0.9417409754476356,0.972776943680163,0.0015859887065277,1.028826389747815,1.028826389747815
2021-01-08,0.6625598904859685,0.22843614886752947,-0.108683489249161,-0.40366396210086597,0.9417872680060329,0.9682913112801872,0.0018458493983265,1.0622474751469344,1.0622474751469344
2021-01-09,0.6652977412731006,0.22225199930827558,-0.075999827563416,-0.38523110080253103,0.9349607614258456,0.9574960261595196,0.0027644260949606,1.046690364592747,1.046690364592747
2021-01-10,0.6680355920602327,0.3541410143071929,-0.09672508796906201,-0.398550512545086,0.9058596075286788,0.9222058978730376,0.0073235673061862,0.9962817815159096,0.9962817815159096
2021-01-11,0.6707734428473648,0.6334452219205781,-0.048362543984531006,-0.351661930002741,0.8476663979363415,0.8606256497607299,0.0212313968072299,0.9187341601268492,0.9187341601268492
2021-01-12,0.6735112936344969,0.7582323672906814,-0.10222029796231101,-0.40387824318387,0.7811053401961885,0.8039496413446304,0.0429143765622823,0.8694313533501923,0.8694313533501923
2021-01-13,0.676249144421629,0.898677227676965,-0.042994090352184,-0.34114023832005597,0.775440553248949,0.8289755665058915,0.0384051521663489,0.9626961228450028,0.9626961228450028
2021-01-14,0.6789869952087612,0.9112313817368902,-0.025423162797634,-0.38260725751120894,0.7942569212697369,0.8707293645569908,0.0265965385254621,1.0094985043756175,1.0094985043756175
2021-01-15,0.6817248459958932,0.9534625391337909,0.036484449108771,-0.304389464672022,0.7722113327406086,0.8541505502981208,0.0332228517681067,0.945274343315349,0.945274343315349
2021-01-16,0.6844626967830253,0.9179444474768351,0.10688032595573099,-0.30231832203852604,0.739158984668578,0.8355974964799647,0.0428829159411936,0.9255040188680592,0.9255040188680592
2021-01-17,0.6872005475701575,0.934698207771608,0.08442592363604601,-0.245003098980453,0.7079457244491479,0.8201861347763253,0.0525154081418988,0.9127271845786052,0.9127271845786052
2021-01-18,0.6899383983572895,0.9295546577756918,0.08442592363604601,-0.245003098980453,0.6976752895641133,0.8257820012765633,0.0526704060167826,0.9338468464798132,0.9338468464798132
2021-01-19,0.6926762491444216,0.9277620864266576,0.053321859012817996,-0.275091083790529,0.6725319309828296,0.8196952427473561,0.0590440506921329,0.9164045439887172,0.9164045439887172
2021-01-20,0.6954140999315537,0.900775567887041,0.047756586051037,-0.279359458756469,0.6380092339855119,0.8083731784362148,0.0693671399267962,0.8998126783021814,0.8998126783021814
2021-01-21,0.6981519507186859,1.4374947426193845,-0.057363956283277,-0.363519894178756,0.5182631670714036,0.7278303913079417,0.1311141253107275,0.7554095861457508,0.7554095861457508
2021-01-22,0.7008898015058179,1.4866044893070354,-0.018803870307894,-0.33626038573625106,0.4696677993924808,0.7217042282507694,0.1475892090515373,0.8218052427054197,0.8218052427054197
2021-01-23,0.70362765229295,1.5179447286721608,-0.009963906283704999,-0.38568109131066897,0.4154860878417308,0.7036310369336164,0.1732317820442215,0.7910624029846591,0.7910624029846591
2021-01-24,0.7063655030800822,1.500359079992788,-0.009963906283704999,-0.367207774359519,0.3790417397290022,0.69812326875156,0.1874528498523268,0.7960406579201429,0.7960406579201429
2021-01-25,0.7091033538672142,1.4194295230277847,0.006642041113424,-0.351195655936134,0.3499498107935773,0.6965950203679427,0.1972284644159896,0.7965102240554298,0.7965102240554298
2021-01-26,0.7118412046543463,1.4156371256829035,-0.01771323578722,-0.37467998770240496,0.3320454972062947,0.698908975877908,0.2011151053131194,0.8008601110723976,0.8008601110723976
2021-01-27,0.7145790554414785,1.5181288487210916,0.034315386379781,-0.297548835514974,0.2774942985682921,0.6660147887552845,0.2413062193181802,0.7311357770921703,0.7311357770921703
2021-01-28,0.7173169062286106,1.6844736056466771,0.049994104828607,-0.280434148373238,0.2949482033354067,0.6966621974417987,0.2138688626899494,0.8242180716751584,0.8242180716751584
2021-01-29,0.7200547570157426,1.6479011348230161,0.105991811530539,-0.219198657371565,0.3286176834260874,0.7248218482044859,0.184749745023,0.8473485788324719,0.8473485788324719
2021-01-30,0.7227926078028748,1.6489166709128074,0.071158480350872,-0.254975276492717,0.3530692593319085,0.7374714075342405,0.1698378167704253,0.8440259464694986,0.8440259464694986
2021-01-31,0.7255304585900069,1.678727796119073,0.071158480350872,-0.23606714360869901,0.3592579007141614,0.7249969686722356,0.1762060196029209,0.8078151024645237,0.8078151024645237
2021-02-01,0.7282683093771389,1.524371675648385,0.12007940541960099,-0.18863857532874,0.3734974733585751,0.7256406921963339,0.1718867995465892,0.8185713701086552,0.8185713701086552
2021-02-02,0.731006160164271,1.581275495381189,0.140092781035536,-0.16923571754182398,0.4289675671822808,0.7580731337077526,0.138148087022829,0.8737561118792865,0.8737561118792865
2021-02-03,0.7337440109514032,1.6152645285831484,0.137962342129123,-0.207415394076044,0.5151037538814203,0.8062158338183605,0.093965214738696,0.925498171318754,0.925498171318754
2021-02-04,0.7364818617385352,1.5543021051872845,0.233675791686143,-0.151711171193297,0.5739322911311514,0.8214011613115128,0.0760951980066408,0.9088037975184272,0.9088037975184272
2021-02-05,0.7392197125256673,1.4442649839162427,0.168658791111213,-0.253720442529368,0.6688329626825336,0.8486937804458273,0.0501076324574614,0.93921852479329,0.93921852479329
2021-02-06,0.7419575633127995,1.3656773570711926,0.13469877099060198,-0.310770348807704,0.7184011439516783,0.8805429663764539,0.0336389640153164,0.9661320342161606,0.9661320342161606
2021-02-07,0.7446954140999316,1.33776543080575,0.104328796595511,-0.31901318277259294,0.7479558846868412,0.8904441826838775,0.0276128990528521,0.954797274371451,0.954797274371451
2021-02-08,0.7474332648870636,1.9292334181497857,0.09212007159945501,-0.33071039771098704,0.8108587308647749,0.9451139755517944,0.0103812123219205,1.1243997463206572,1.1243997463206572
2021-02-09,0.7501711156741958,1.87375925549697,0.037736290015897,-0.38281565706861803,0.8381625619984439,0.9514697391019246,0.0078540130892916,1.1283209277678663,1.1283209277678663
2021-02-10,0.7529089664613279,1.7736897792875967,-0.018776029072928,-0.39128125313835105,0.8381300259986375,0.93201378938349,0.0110049261449456,1.091931003738546,1.091931003738546
2021-02-11,0.75564681724846,1.7689556523402619,0.041087740660581,-0.33458094930053095,0.8714968787950318,0.9582482280082694,0.0053652330167755,1.1541535202858473,1.1541535202858473
2021-02-12,0.758384668035592,1.6278329646783594,0.01771519737046,-0.31367093355165904,0.8876142388847424,0.9618528578639456,0.0042871956033323,1.1434404222743917,1.1434404222743917
2021-02-13,0.7611225188227242,1.5966588117384692,0.026596354038748,-0.221549275846522,0.8945504932666049,0.9580970063049342,0.0044186500157972,1.1327744609280137,1.1327744609280137
2021-02-14,0.7638603696098563,1.5081456799379385,-0.03304642282411,-0.189743026813892,0.9113411459902993,0.968543305474062,0.0027889144876028,1.1641648830361362,1.1641648830361362
2021-02-15,0.7665982203969883,1.5061905671551294,-0.03304642282411,-0.189743026813892,0.9143390659052212,0.963172410654189,0.003154685703821,1.1459507150535782,1.1459507150535782
2021-02-16,0.7693360711841205,1.5023683474158802,-0.029741864584378,-0.186490421565598,0.922151356643362,0.9663327231848364,0.0026209518255728,1.1695281854948458,1.1695281854948458
2021-02-17,0.7720739219712526,1.5461370110120252,0.018726390309677,-0.191955822738391,0.9373388155655,0.978300764358702,0.001359699806607,1.2254322510888471,1.2254322510888471
2021-02-18,0.7748117727583846,1.5396643144675575,0.009944346728245,-0.23288449187163102,0.9425723242017926,0.9783107031558828,0.001245565907455,1.2140949740474412,1.2140949740474412
2021-02-19,0.7775496235455168,1.6106790506287276,-0.012158793950186,-0.288048181298815,0.9545646600057316,0.9865251096592847,0.0006122362240158,1.2900099692587368,1.2900099692587368
2021-02-20,0.7802874743326489,1.041335552970446,0.025519068450308,-0.279690027939703,0.9519973586608912,0.9773831896600634,0.0010856666349826,1.2914140572722277,1.2914140572722277
2021-02-21,0.783025325119781,0.9828503289195394,0.013298177019375999,-0.258732370699409,0.956380133917788,0.9799239033917776,0.0008757166455042,1.314373893155647,1.314373893155647
2021-02-22,0.785763175906913,1.0769440208267527,-0.025487115800496,-0.29646398627301296,0.92578927049501,0.9441532838817256,0.0041444255435952,1.2523767775487862,1.2523767775487862
2021-02-23,0.7885010266940452,1.4069828043481103,-0.00775705856397,-0.279215600219735,0.8405022565835507,0.8658629706677483,0.0213945534870802,1.1455586196669607,1.1455586196669607
2021-02-24,0.7912388774811773,1.4043308677000028,-0.023232557350443,-0.258182931568278,0.7824208171462437,0.8354237482446536,0.0358083663740623,1.1611928696118363,1.1611928696118363
2021-02-25,0.7939767282683093,1.5009653666506997,-0.00443616683372,-0.24778196936784203,0.7071919279997975,0.7897524965762395,0.0615621661203673,1.1050289686061756,1.1050289686061756
2021-02-26,0.7967145790554415,1.3772544754718365,0.030887895706979,-0.150563192617337,0.6368562063834962,0.758329589244035,0.0877611097667798,1.086710302616643,1.086710302616643
2021-02-27,0.7994524298425736,1.2288140374510388,0.051956801399503996,-0.147361642307963,0.5822931533734024,0.7398770754727466,0.1086551265395674,1.0812686284401245,1.0812686284401245
2021-02-28,0.8021902806297057,1.248483708264668,0.038639707114811,-0.158025662313863,0.5238799261823526,0.7181751840965205,0.1341824521516095,1.0561109733325011,1.0561109733325011
2021-03-01,0.8049281314168378,1.4037929230573978,0.050783735391244006,-0.146119545734335,0.4987758875399437,0.7584139983388567,0.1210887292653802,1.1487783998162353,1.1487783998162353
2021-03-02,0.8076659822039699,1.3875333437081754,0.023183824268887997,-0.173178751454819,0.4591999992488123,0.763599985373372,0.1278451280876612,1.121016122974556,1.121016122974556
2021-03-03,0.810403832991102,1.4079468370640458,-0.00769058420192,-0.168630975242116,0.4652934925032463,0.790759185663837,0.1118824250594664,1.1624350373135035,1.1624350373135035
2021-03-04,0.813141683778234,1.4224388223931008,0.047149157846988,-0.065055413821638,0.437106631188124,0.7806650974023261,0.1234621622212293,1.1203229090614748,1.1203229090614748
2021-03-05,0.8158795345653662,1.3799057431755444,0.094381100134877,-0.001086477559302,0.4220327893999074,0.7799173120667134,0.1272005772461722,1.1256237126494373,1.1256237126494373
2021-03-06,0.8186173853524983,1.3693555394488706,0.049164709236125995,-0.001086477559302,0.4104801762780444,0.7792529233796547,0.130134777696363,1.1231107752421892,1.1231107752421892
2021-03-07,0.8213552361396304,1.386801088376719,0.10325158523212599,0.020699688365959,0.4398287676858537,0.8057171367626114,0.1088316709172087,1.1667020489960471,1.1667020489960471
2021-03-08,0.8240930869267625,1.3809844694328615,0.139498751130813,0.056650685028858005,0.479068577295933,0.8303941300263447,0.0883530271443372,1.1845405048927429,1.1845405048927429
2021-03-09,0.8268309377138946,1.4035986058912469,0.101054279403944,0.01852033633835,0.5512050710846833,0.8734332256572956,0.0568025264941749,1.2303901464287907,1.2303901464287907
2021-03-10,0.8295687885010267,0.7684209874066926,0.094578313809001,-0.008708155944588,0.6249316258202512,0.9090600472829918,0.0341087002135514,1.2494396802833236,1.2494396802833236
2021-03-11,0.8323066392881588,0.7847171724601478,0.10835865779349199,0.012046940454791998,0.7099928599460976,0.9482716263439288,0.0150015977036368,1.278661089791273,1.278661089791273
2021-03-12,0.8350444900752909,0.7444764603963481,0.144959335927792,0.061457149002857,0.765951408651554,0.9622433462230856,0.0088368916305177,1.26810285196561,1.26810285196561
2021-03-13,0.837782340862423,0.7491605567237625,0.13934994047182,0.106934321518383,0.8184884526223938,0.97626010411198,0.0043090652372177,1.3316929306241132,1.3316929306241132
2021-03-14,0.840520191649555,0.7848754864615016,0.132625652489017,0.10804888532607301,0.8315824888054719,0.9618626982033563,0.0064229894522653,1.297122591826538,1.297122591826538
2021-03-15,0.8432580424366872,0.8910575603636054,0.149204069853476,0.124587091602363,0.7953793758416624,0.9172174324828924,0.0169390206347802,1.2358571697790293,1.2358571697790293
2021-03-16,0.8459958932238193,0.8734023101858358,0.153625037364892,0.128997336020584,0.7803961543661369,0.9047960473732384,0.0209071541163809,1.2494640953017395,1.2494640953017395
2021-03-17,0.8487337440109514,0.8837669111472242,0.10167972312246899,0.067188082850568,0.7971649824148637,0.9213722873014596,0.0159484534878874,1.282834980178288,1.282834980178288
2021-03-18,0.8514715947980835,0.8879276695058809,0.148049531130682,0.09673488420463,0.7960234715722209,0.9183349668283546,0.0166577499602916,1.2631612274268686,1.2631612274268686
2021-03-19,0.8542094455852156,0.8134989552334182,0.10665214439260899,0.091118878518325,0.8017789310069827,0.9218995405123548,0.0154811565684868,1.2692156657110658,1.2692156657110658
2021-03-20,0.8569472963723477,0.8096206384259292,0.146815529839954,0.124462742815627,0.8056480772037705,0.9227601029112432,0.0150117225157827,1.2663129714397137,1.2663129714397137
2021-03-21,0.8596851471594799,0.6612426409404755,0.17264249093144,0.103318836813397,0.7914607051766782,0.9141713295838304,0.0178986504042112,1.250347479704443,1.250347479704443
2021-03-22,0.8624229979466119,0.7391669260932547,0.159362818910966,0.090129661966176,0.7254633963862527,0.8759007388289555,0.0340697896728739,1.1946212414431674,1.1946212414431674
2021-03-23,0.865160848733744,0.7206203950088311,0.21912303166941702,0.149482625937207,0.6794294522426264,0.8591460626607289,0.0451536238466329,1.1961908959405765,1.1961908959405765
2021-03-24,0.8678986995208761,0.6611176725658142,0.27996851274954804,0.20063936866864598,0.6124650109594392,0.8284754129114131,0.0664717789775622,1.1574051100635163,1.1574051100635163
2021-03-25,0.8706365503080082,0.3488175707354555,0.300543322557806,0.26638620539372,0.54457308316795,0.8009975515809334,0.0906310715255245,1.134707107958075,1.134707107958075
2021-03-26,0.8733744010951403,0.4580456968618485,0.287202963974926,0.256495276185777,0.5449819000021626,0.8262147600157672,0.0790754297052938,1.196725666168403,1.196725666168403
2021-03-27,0.8761122518822724,0.35638637286280384,0.292910181970336,0.328434308424092,0.5469019276643518,0.8483117556062908,0.0687296511307683,1.2094962049529094,1.2094962049529094
2021-03-28,0.8788501026694046,0.342295391818129,0.20235305528596598,0.305487680798732,0.542480450952402,0.8591019307973096,0.0644636210832921,1.206810882089682,1.206810882089682
2021-03-29,0.8815879534565366,0.35832193399830364,0.221049392882939,0.32437301791042994,0.5660328323489519,0.8849154965792525,0.0499428959900291,1.2361604992206718,1.2361604992206718
2021-03-30,0.8843258042436687,0.332237159497716,0.260640353967656,0.364364200289495,0.6106542763598009,0.9110698675469072,0.0346245667733682,1.2538536338155843,1.2538536338155843
2021-03-31,0.8870636550308009,0.07861338002357852,0.240553868561388,0.35428725110731596,0.6441466961679875,0.9241599957555866,0.0269879160730083,1.25155401146864,1.25155401146864
2021-04-01,0.8898015058179329,0.04318617136577331,0.23570870889620701,0.25151668405057603,0.6733523639798199,0.9327132211344338,0.0219790672518498,1.2522339915343537,1.2522339915343537
2021-04-02,0.892539356605065,-0.008103883687296514,0.2177024104861,0.278729846365721,0.7019181115554334,0.9400084719358646,0.0178823879760327,1.2547828259970455,1.2547828259970455
2021-04-03,0.8952772073921971,-0.036564481931930064,0.14187526909582301,0.287833324633814,0.6834794068582063,0.922506946271086,0.0245281473306447,1.2220522838794352,1.2220522838794352
2021-04-04,0.8980150581793293,-0.029438748738100845,0.10328298690702001,0.287833324633814,0.716596547784865,0.9269761183047148,0.0206952201665934,1.2395924725128875,1.2395924725128875
2021-04-05,0.9007529089664612,-0.030958212379636904,0.067405424500972,0.251300409282846,0.7553212343707463,0.9326695555990828,0.0164743300252855,1.2423650160198374,1.2423650160198374
2021-04-06,0.9034907597535934,-0.07762292475019371,0.039138178714785,0.22251682343539197,0.7613715833465143,0.925147342887508,0.0178619710490602,1.225308604898112,1.225308604898112
2021-04-07,0.9062286105407256,-0.02574644859157885,0.016249759489341,0.234669341656021,0.708967758987497,0.892919296046844,0.0311639372406834,1.1855243989198474,1.1855243989198474
2021-04-08,0.9089664613278576,-0.05177152044386536,0.010874127350659,0.227751957972472,0.7301023620251605,0.9039554988461564,0.0259221840018941,1.2230224015377509,1.2230224015377509
2021-04-09,0.9117043121149896,-0.06599851390009151,0.040309700718113003,0.28227228452748,0.7438559699641105,0.9084748624179764,0.0234436175898488,1.2193819026982808,1.2193819026982808
2021-04-10,0.914442162902122,-0.07718124513991088,0.080945691094469,0.246831349837843,0.7723013742815329,0.9303202520782848,0.0158659828421837,1.2433083877422728,1.2433083877422728
2021-04-11,0.917180013689254,-0.07953426995791671,0.052356386925807005,0.246831349837843,0.8035137088150535,0.9464514948905992,0.0105215471674442,1.2478591314972665,1.2478591314972665
2021-04-12,0.919917864476386,-0.24855832641787232,0.050174420041606,0.244607170171629,0.8194491373527513,0.9504198676785528,0.008951735660802,1.2403672319309005,1.2403672319309005
2021-04-13,0.922655715263518,-0.15759575614911658,0.01854255763301,0.212363351219515,0.8599532698587977,0.9722948850548812,0.00388001075625,1.29653857552489,1.29653857552489
2021-04-14,0.9253935660506504,-0.3127291448630102,-0.01524549568299,0.201380200634067,0.8636687877431863,0.9653160119426788,0.0047285101377554,1.2879711086169117,1.2879711086169117
2021-04-15,0.9281314168377824,-0.3190124314465652,-0.021770389861467,0.24932867471688402,0.8685966993352282,0.96394897823304,0.004737223252516,1.2888553756465342,1.2888553756465342
2021-04-16,0.9308692676249144,-0.3264980513700317,0.017505036109826,0.226739507089808,0.8239934166113769,0.9411926931418438,0.0103504731583904,1.2586489979875353,1.2586489979875353
2021-04-17,0.9336071184120466,-0.3307334018386412,-0.031573317402834,0.192585516227943,0.761293571123943,0.9169337614697596,0.0198284451597204,1.2418022117020264,1.2418022117020264
2021-04-18,0.9363449691991786,-0.09464049253480475,-0.039164558042079994,0.162042076492601,0.6413285704961538,0.8472548372122611,0.054785325886876,1.16309883620829,1.16309883620829
2021-04-19,0.9390828199863108,-0.09256475248977725,-0.092471550375669,0.107658294909043,0.5411351122548573,0.8060885858781657,0.0889791392735173,1.1520894113585936,1.1520894113585936
2021-04-20,0.9418206707734428,-0.09067575009428182,-0.073977406301292,0.12652601653216,0.481545794866234,0.7911857128460278,0.1082606452669866,1.163206575931543,1.163206575931543
2021-04-21,0.944558521560575,-0.11706857778549892,-0.069716706794398,0.068478323427507,0.3835250148263455,0.7461564486496616,0.1564881995551277,1.1145017011125145,1.1145017011125145
2021-04-22,0.947296372347707,-0.058637776402641166,-0.109377793685433,0.142143113372372,0.3082761128902571,0.6918289116816005,0.2131693031064431,1.0717743727256046,1.0717743727256046
2021-04-23,0.9500342231348392,-0.10032157769855027,-0.18048181032927402,0.059787524064649,0.2804679728820181,0.6554148004987107,0.2479400871120169,1.056641897970522,1.056641897970522
2021-04-24,0.9527720739219712,-0.10011985564288202,-0.217484571791592,0.06870597974947,0.2444095295609554,0.6227808592664088,0.2850231880055063,1.03391154513157,1.03391154513157
2021-04-25,0.9555099247091032,-0.2647645508796933,-0.205885103139927,0.008812715590489,0.2093578959916339,0.5919840410725504,0.3225945962353898,1.0106906048533588,1.0106906048533588
2021-04-26,0.9582477754962354,0.10367159304681377,-0.211275105680316,0.0033045582397309998,0.2539233506971483,0.6450392651485377,0.2648279156920569,1.1059948216324855,1.1059948216324855
2021-04-27,0.9609856262833676,0.11674983012342356,-0.200495100599537,0.014320872941249,0.3016293183294227,0.685648902212504,0.2195335904457478,1.122352965732695,1.122352965732695
2021-04-28,0.9637234770704995,0.07945007354480348,-0.25069956637064,-0.018726390309676,0.334465693410994,0.7030518039967659,0.1976292117198686,1.1163743766714678,1.1163743766714678
2021-04-29,0.9664613278576316,0.07715659754248912,-0.28831750840500703,0.012154763574758,0.3411645195273135,0.6940756791930289,0.201553796887141,1.090784218375708,1.090784218375708
2021-04-30,0.969199178644764,0.2784990089153803,-0.209160625058767,0.08953217062722602,0.4054288961683635,0.7479989030358172,0.1498325703887774,1.163972080110394,1.163972080110394
2021-05-01,0.971937029431896,0.27819331473983067,-0.177553160492888,0.12759364927588498,0.4547268835337249,0.7760448312649402,0.1221167328048965,1.1630934841387024,1.1630934841387024
2021-05-02,0.974674880219028,0.2895965213473442,-0.177553160492888,0.115248331133317,0.4747974311777504,0.7734013816256978,0.1190101764617561,1.1399728298462275,1.1399728298462275
2021-05-03,0.9774127310061602,0.26529346286898453,-0.21306395678805298,0.07867897842202201,0.4978884586882194,0.7800052932449786,0.1104618812891969,1.1477625314119422,1.1477625314119422
2021-05-04,0.9801505817932924,0.3976313131963274,-0.176476851852231,0.11635672391559101,0.4606027080286312,0.7294673220110056,0.1459245938970259,1.075623976484943,1.075623976484943
2021-05-05,0.9828884325804244,0.5675964329226983,-0.139308956456175,0.101780968598024,0.4994612725676389,0.7611532252785206,0.1195520606704131,1.1473107950060817,1.1473107950060817
2021-05-06,0.9856262833675564,0.5705138470863229,-0.150530587478272,0.08650313797671799,0.5151024547260319,0.7626895761421938,0.1150712419965751,1.1270643309216268,1.1270643309216268
2021-05-07,0.9883641341546886,0.5384749844772336,-0.24118491776121498,-0.046331843560467004,0.5517249162407718,0.7768230269860757,0.1000446762709479,1.141736968921677,1.141736968921677
2021-05-08,0.9911019849418208,0.5108088219834426,-0.19878277755714902,-0.025425130429669998,0.6232539670494108,0.8040427195463684,0.0738261280386917,1.164433701520574,1.164433701520574
2021-05-09,0.9938398357289528,0.5136215037058478,-0.209418427569928,-0.038639707114809,0.6924042305555198,0.8096956552164178,0.0585368113623336,1.1524544995070745,1.1524544995070745
2021-05-10,0.9965776865160848,0.5395474724225998,-0.211589029964247,-0.040848171682765,0.6952822028354769,0.7794876239421038,0.067194045479877,1.10868577396098,1.10868577396098
2021-05-11,0.999315537303217,0.5457298795239741,-0.219184482659851,-0.048576113105728,0.7145277806353559,0.7761461232356439,0.0639040630133002,1.1215111652745708,1.1215111652745708
2021-05-12,1.002053388090349,1.0544222381580826,-0.155198644958579,-0.034058181721252995,0.5761683182182021,0.6692944066584644,0.1401635078005903,0.9764923707535792,0.9764923707535792
2021-05-13,1.0047912388774811,0.9558731086872458,-0.119760314904199,-0.049341772291678,0.4866780085627503,0.6237446356436314,0.1931401529203591,0.98587541491003,0.98587541491003
2021-05-14,1.0075290896646132,0.9589977081767352,-0.149416807732937,-0.08779664482482,0.4228368403836274,0.6008262871089225,0.230388361368013,0.987114924300048,0.987114924300048
2021-05-15,1.0102669404517457,1.031993232284202,-0.14726720858367298,-0.13219699558723702,0.3189954885103837,0.5454135510062117,0.3095754226268141,0.9205167001438924,0.9205167001438924
2021-05-16,1.0130047912388775,1.0241774744223044,-0.135430089212923,-0.079086249281915,0.2793068247478759,0.5134231895799504,0.3506725865056764,0.9120000313721556,0.9120000313721556
2021-05-17,1.0157426420260096,1.0962390983445693,-0.146351722763329,-0.09007026434293,0.2286895910905663,0.4563170351319683,0.4193483299494548,0.8451859410586362,0.8451859410586362
2021-05-18,1.0184804928131417,0.9889863752956665,-0.197684317044182,-0.141696056958994,0.1816562671981596,0.4189163398555042,0.4755261715128026,0.8287392341345381,0.8287392341345381
2021-05-19,1.0212183436002735,1.422976234708078,-0.096628665462485,-0.08138104710062599,0.1910394829422377,0.3096197124842595,0.5584903943552201,0.6788543966806149,0.6788543966806149
2021-05-20,1.0239561943874058,1.661814311346824,-0.156729541720387,-0.069659980739236,0.2308488909813793,0.3025683246250432,0.5364303465793626,0.7742649940738957,0.7742649940738957
2021-05-21,1.026694045174538,1.7583838864975756,-0.12505561356365,-0.038730341139541,0.2305542042116916,0.2481666226090307,0.578495031366806,0.6833439382260753,0.6833439382260753
2021-05-22,1.0294318959616702,1.7477652106198651,-0.143436456993788,-0.044238170092808005,0.2323439261592676,0.2243585530338356,0.5954258678861903,0.6877572352950736,0.6877572352950736
2021-05-23,1.0321697467488022,1.830495726600038,-0.09245035897451401,-0.050840704774568,0.209706882457785,0.1719934126395807,0.654367907270556,0.6094982345924933,0.6094982345924933
2021-05-24,1.0349075975359343,2.091310229912017,-0.11336107994473399,-0.071839246437107,0.2268456960829966,0.2033768758874374,0.6159125970074368,0.7149116698197773,0.7149116698197773
2021-05-25,1.0376454483230664,2.088321378416078,-0.13427264060177999,-0.09283863131298001,0.2370664814029416,0.2146253134786887,0.5991886730047657,0.7052330139798961,0.7052330139798961
2021-05-26,1.0403832991101984,1.8938534497127397,-0.084792056355864,-0.048629799412195994,0.2524647574042781,0.2332971444651745,0.5731374051110585,0.7263757930587786,0.7263757930587786
2021-05-27,1.0431211498973303,1.8789562716135042,-0.10339923039712999,-0.059662015554322004,0.2565819968195384,0.2300937050194369,0.5723622004505177,0.7025218386096164,0.7025218386096164
2021-05-28,1.0458590006844628,1.9479522147382309,-0.064010796506762,-0.101154282552519,0.2359219494106056,0.1884212578287349,0.6201095032180128,0.626858056009926,0.626858056009926
2021-05-29,1.0485968514715949,1.951474446911672,-0.064010796506762,-0.061816710589657,0.2110508793116403,0.1517645487519993,0.6692146133988041,0.594394508999736,0.594394508999736
2021-05-30,1.051334702258727,1.8331673248543838,-0.13694128141065498,-0.036520786722624,0.2016047658545872,0.1489717813636083,0.6794568738825555,0.6228910232794949,0.6228910232794949
2021-05-31,1.054072553045859,1.898955006059052,-0.13694128141065498,-0.036520786722624,0.2122076079168118,0.1717803279076052,0.6524651566480214,0.6664642558286005,0.6664642558286005
2021-06-01,1.056810403832991,1.8983427455760629,-0.15885155210705898,-0.058654136312185995,0.2142171460550979,0.1737068462195958,0.6492869925726998,0.6472115118770247,0.6472115118770247
2021-06-02,1.0595482546201231,1.9150563256353468,-0.11544754893843699,-0.012220931867669,0.2436927944547875,0.1876925189775721,0.6143540010155432,0.6694245679971615,0.6694245679971615
2021-06-03,1.0622861054072552,1.9082245435779306,-0.086537507679329,0.036597741793935,0.2854750108112762,0.2185810457693259,0.5583433698235363,0.7101797978101558,0.7101797978101558
2021-06-04,1.0650239561943875,1.8088517267243183,-0.128134727875174,-0.004435674805054001,0.2919304121838465,0.2001714335536655,0.566334283367241,0.6475950970600142,0.6475950970600142
2021-06-05,1.0677618069815196,1.818164498908419,-0.089059657589072,0.001109745538143,0.282903070133874,0.1713296128329393,0.5942369905084731,0.6088215054951078,0.6088215054951078
2021-06-06,1.0704996577686516,1.809084884609307,-0.009974948901322,-0.08688011798921899,0.2934227940871564,0.1614494767606447,0.5925006857272168,0.615800244872192,0.615800244872192
2021-06-07,1.0732375085557837,1.8217126998546975,-0.031032516709963,-0.10777558051738001,0.2676386105106653,0.1228411227199421,0.642397294167728,0.5478144297698293,0.5478144297698293
2021-06-08,1.0759753593429158,1.8251680021800254,-0.016624351135789,-0.093478331823202,0.2549695122376471,0.1022486178459507,0.6688521501355578,0.5435378766773784,0.5435378766773784
2021-06-09,1.0787132101300478,2.1093987789086968,-0.009976315131799,-0.10105427940394301,0.3284843755671598,0.1485981646727677,0.5717296350930325,0.6512659869341135,0.6512659869341135
2021-06-10,1.08145106091718,2.0942864587765353,-0.006656041601954,-0.078202343574516,0.3727037477344416,0.1623742644119019,0.5254394847355954,0.6321828360318786,0.6321828360318786
2021-06-11,1.0841889117043122,1.7835456718495108,-0.016536382691306,-0.042880638013697,0.4403726096817623,0.1785041395963942,0.4597315845149052,0.6475084560775013,0.6475084560775013
2021-06-12,1.0869267624914445,1.8038977253718942,-0.020936908143937998,-0.11677395251523601,0.4450456946404312,0.1605041368253007,0.4658818436003468,0.5969083758394085,0.5969083758394085
2021-06-13,1.0896646132785763,2.010556016362282,0.026571951348588002,-0.154382012015091,0.5402312512699455,0.2033645455425025,0.3662680860899219,0.6901852802249415,0.6901852802249415
2021-06-14,1.0924024640657084,1.9701586218183127,0.022143152005973003,-0.158730882863914,0.6359141904869313,0.2411868605143377,0.2762730961587905,0.7166405807521112,0.7166405807521112
2021-06-15,1.0951403148528405,1.9718039424745304,0.024357974030830003,-0.156556032708352,0.7051053909536222,0.2628450070260126,0.2173830334596493,0.7194932880379561,0.7194932880379561
2021-06-16,1.0978781656399723,1.9460595733689314,0.10086411221484201,-0.12783017402062,0.7064329777712708,0.2435525099469316,0.2220680371272755,0.6654296519405918,0.6654296519405918
2021-06-17,1.1006160164271048,1.9442440619564296,0.238440043414867,-0.007611972109734,0.7002200536523692,0.229612159019982,0.2309468256358569,0.6559971169603713,0.6559971169603713
2021-06-18,1.103353867214237,1.592826034931843,0.226189251613857,0.047935770456215,0.6399102155199392,0.1894917256852338,0.2918557498173101,0.5929050025290419,0.5929050025290419
2021-06-19,1.106091718001369,1.3785878239738758,0.269458397074444,0.088602625706835,0.5904695586063912,0.1669246779718267,0.3411697043443206,0.5864204199169354,0.5864204199169354
2021-06-20,1.108829568788501,1.211528183418823,0.24550175475233302,0.059991606667431,0.5554131104304495,0.1568468580242758,0.3748548328217808,0.5870474268146211,0.5870474268146211
2021-06-21,1.111567419575633,1.5075837595559187,0.204399470773239,0.019633541075110002,0.4303664235284432,0.0929809280779045,0.5166685178668954,0.4659504912904584,0.4659504912904584
2021-06-22,1.1143052703627652,1.4131510495205049,0.18995854006165402,0.005454085033962,0.3955885060987873,0.0967002447710095,0.5459647544985539,0.4901868597890182,0.4901868597890182
2021-06-23,1.1170431211498972,1.1728888891595497,0.21930325955109498,-0.003266773243897,0.3940454989546416,0.1154821286243014,0.5359775854151639,0.5253255037545088,0.5253255037545088
2021-06-24,1.1197809719370295,1.1956861713971156,0.24319503793164,-0.005442805079233,0.4118254470051014,0.1379315057302541,0.5070467512680931,0.551150221167438,0.551150221167438
2021-06-25,1.1225188227241616,1.3457487169923115,0.196578923264003,0.044857333246188,0.364187501530392,0.1071114039195258,0.5677097291289469,0.458278499855961,0.458278499855961
2021-06-26,1.1252566735112937,1.3529679434593582,0.204512205504698,-0.004355026259319,0.3395160008932129,0.0993258460467741,0.5948808670951486,0.4738859263334518,0.4738859263334518
2021-06-27,1.1279945242984255,1.374947643201734,0.19771174091209798,-0.011966994401956001,0.3706704349852823,0.1296755335418974,0.547720917897744,0.545987825881614,0.545987825881614
2021-06-28,1.1307323750855578,1.355488174543197,0.20548689316949,-0.004351709782876,0.3896959384827347,0.1418574425246748,0.5237278881880042,0.5381165736690399,0.5381165736690399
2021-06-29,1.13347022587269,1.372102276797841,0.22437013216148602,0.014143264295275999,0.4328612530416586,0.1678741999918071,0.4719307835283537,0.5772288485837276,0.5772288485837276
2021-06-30,1.136208076659822,1.33558385321204,0.267688958656695,0.06971670679440001,0.4485652492732407,0.1693875350761681,0.4580285775458122,0.552253552772676,0.552253552772676
2021-07-01,1.1389459274469542,1.3666729040299816,0.30835985601737,0.028157044243219,0.4307359172801267,0.1497280207558188,0.4840292983268499,0.507825434446298,0.507825434446298
2021-07-02,1.1416837782340865,1.3539515862788305,0.25917706245911,-0.032421422924562,0.4239140492847614,0.1444150055467733,0.4928904949472792,0.5158406879212212,0.5158406879212212
2021-07-03,1.1444216290212184,1.3214671321013538,0.191160591926364,-0.069982118400681,0.4343500162635129,0.1524828686272042,0.4793980515774161,0.5367104363216058,0.5367104363216058
2021-07-04,1.1471594798083504,1.254687235497112,0.231861990396815,-0.058207750961816004,0.4546598960509657,0.165124575900881,0.4552910505627076,0.5527650515526918,0.5527650515526918
2021-07-05,1.1498973305954825,1.2683234150026619,0.231861990396815,-0.058207750961816004,0.438812216992083,0.1500136839148574,0.4770019363108877,0.506482820550092,0.506482820550092
2021-07-06,1.1526351813826146,1.27174432453675,0.267362289597055,-0.023713872940519,0.4439999485138483,0.1492583286237493,0.4730124130866101,0.5192564031330633,0.5192564031330633
2021-07-07,1.1553730321697468,1.1746459713412063,0.29905531213682,-0.03227921711611,0.4498004158617912,0.1436002406997755,0.4711907914230455,0.5064916966713042,0.5064916966713042
2021-07-08,1.158110882956879,1.1943609005811169,0.253108207476842,-0.100750526330076,0.4445136443498188,0.1271769339807159,0.4848413040704697,0.4756010260083005,0.4756010260083005
2021-07-09,1.160848733744011,0.9135937311590239,0.22303533572763198,-0.11798842260084799,0.4936911147861333,0.1317628066485707,0.4395962054669785,0.5016164906301324,0.5016164906301324
2021-07-10,1.163586584531143,0.909126043653267,0.22757497565420298,-0.086086629627748,0.5215040531149722,0.1301984142969134,0.4161965333530971,0.4917795029323653,0.4917795029323653
2021-07-11,1.1663244353182751,0.9138284027273054,0.17336569535664598,-0.086086629627748,0.5658869663602103,0.139420088590252,0.3735889560315471,0.5114116941770934,0.5114116941770934
2021-07-12,1.1690622861054072,0.8813545189120024,0.18440877245599702,-0.07532518518707,0.563731204796848,0.128957870088393,0.3800085005877241,0.4776512242496675,0.4776512242496675
2021-07-13,1.1718001368925393,0.6189938993944895,0.24182889801750201,-0.019369450617096,0.5217948998596499,0.1174183250608621,0.4220550582463083,0.4623036259173005,0.4623036259173005
2021-07-14,1.1745379876796715,0.5878340865907197,0.208794419921991,-0.0205177986115,0.4950740998861739,0.1133211132447193,0.4477071350068353,0.4644091302102175,0.4644091302102175
2021-07-15,1.1772758384668036,0.6012983179037074,0.22973291473625101,0.030323415615786997,0.4340740194607957,0.0967933254434933,0.511148122927945,0.4306230726226783,0.4306230726226783
2021-07-16,1.1800136892539357,0.5436745790820965,0.171184597279221,0.024875985205607,0.3741994865841255,0.0835364285779098,0.57352337352289,0.4177317714789694,0.4177317714789694
2021-07-17,1.1827515400410678,0.5465283496496357,0.087060948642025,0.068434162450579,0.3005154448062032,0.0784583126427457,0.6446041772736298,0.4197486648000694,0.4197486648000694
2021-07-18,1.1854893908281998,0.4584109875422098,0.049875210639689,0.057508545815602996,0.2573697208095849,0.0795854490808805,0.6835277149199862,0.4265458175933894,0.4265458175933894
2021-07-19,1.188227241615332,0.4799983919796845,0.07155979710427,0.079209602705256,0.2036529897415688,0.0665405552206633,0.7433576380475199,0.3937708235928223,0.3937708235928223
2021-07-20,1.1909650924024642,0.5013160517137679,0.080233962575682,0.087890356598019,0.169361938242894,0.045971693502669,0.7924522233703573,0.3589611399882049,0.3589611399882049
2021-07-21,1.1937029431895962,0.26440422067189157,0.09688649942684,0.066203669892805,0.2315486236812053,0.067705322443941,0.7164231281026404,0.4318594354301162,0.4318594354301162
2021-07-22,1.1964407939767283,0.24410583495880245,0.118826588684326,0.10560710253864901,0.2858830300265678,0.0813858018427181,0.6559979877626522,0.4366034128525449,0.4366034128525449
2021-07-23,1.1991786447638604,0.24840106064888887,0.120915095147191,0.133057169617023,0.3748518778329061,0.1058582874589464,0.558971012546309,0.473534912092763,0.473534912092763
2021-07-24,1.2019164955509924,0.2379450950149986,0.118710953050307,0.135268410377706,0.4686021013600013,0.1279764440337893,0.4633914852050236,0.4928937578459731,0.4928937578459731
2021-07-25,1.2046543463381243,-0.03457208059261542,0.11981332455799101,0.14744496936576199,0.6008378870973382,0.1537388525971198,0.3377953876647646,0.5216576505982271,0.5216576505982271
2021-07-26,1.2073921971252566,0.05173236010203395,0.09149373593535201,0.11904805552092701,0.6296566065022462,0.1942455305605719,0.29840584453818,0.5746914172803255,0.5746914172803255
2021-07-27,1.2101300479123889,-0.0336088567000045,0.067531071023754,0.09501996174970001,0.6977168741541733,0.2432650130585128,0.2287482172895736,0.62692640435219,0.62692640435219
2021-07-28,1.212867898699521,-0.034138827991568775,0.047888817431358005,0.137257055472577,0.7553881398595855,0.2759617631276788,0.1771083399341245,0.6400422982381269,0.6400422982381269
2021-07-29,1.215605749486653,-0.08352978963940631,-0.020641220543947,0.067952954964747,0.7989147340338275,0.2924841137965506,0.1422710201525128,0.6386374979573812,0.6386374979573812
2021-07-30,1.218343600273785,-0.022584428609184207,-0.029208596422533997,0.110793600950211,0.8491860505253706,0.3317038297165047,0.1007883848592234,0.6910457474878111,0.6910457474878111
2021-07-31,1.2210814510609171,-0.09785338803684594,-0.046436318818724,0.09197375682139,0.8750570935704747,0.3428432897066753,0.0821070693637135,0.6747640097811232,0.6747640097811232
2021-08-01,1.2238193018480492,-0.015971961154082757,-0.006506037710531,0.144177586373965,0.8576083731478283,0.3254588243803368,0.0960490153752602,0.6325745848059903,0.6325745848059903
2021-08-02,1.2265571526351813,-0.005762216708696513,-0.019516458703702,0.13097099201105,0.8298612348429257,0.306022075913512,0.1180725470503448,0.6113571149054984,0.6113571149054984
2021-08-03,1.2292950034223136,0.020541695104942508,-0.01626385345541,0.134272640601778,0.7891550697147014,0.2817223824061405,0.1514451942070676,0.5825682814960285,0.5825682814960285
2021-08-04,1.2320328542094456,-0.016301842308228995,0.004336255521757,0.16077514852157,0.7888689166327632,0.2962360628281217,0.1485864424898906,0.621810563248884,0.621810563248884
2021-08-05,1.2347707049965777,-0.0010733355235385891,-0.033495967343719,0.146297893310334,0.8099363408309843,0.3206764381289054,0.1291147219289495,0.6479251640102746,0.6479251640102746
2021-08-06,1.2375085557837098,0.04409810129018927,0.017271552586737002,0.241695444945846,0.8492722217267941,0.3670406597635716,0.095404555091111,0.6927001255495266,0.6927001255495266
2021-08-07,1.2402464065708418,0.02558230147861509,0.047639934874244,0.241695444945846,0.8847677968202511,0.4269953264265755,0.0660285909681585,0.7307223416100381,0.7307223416100381
2021-08-08,1.242984257357974,0.038962068489500255,0.072723957268432,0.166521066256375,0.8902701913485316,0.4568305399249176,0.0596018809193602,0.7117913223527292,0.7117913223527292
2021-08-09,1.2457221081451062,0.10635213865974767,0.089004636846858,0.182953351367056,0.9163656298011532,0.5136620012908402,0.0406745722258082,0.7669259776884747,0.7669259776884747
2021-08-10,1.2484599589322385,0.12762481873628442,0.10094435394562,0.19500425099705498,0.9218907334307984,0.529337284933501,0.0367631194753134,0.7481407409503316,0.7481407409503316
2021-08-11,1.2511978097193703,0.06870472478337156,0.073728752079098,0.215503769063629,0.9223725088773465,0.5373154208348203,0.0359170430617337,0.746520155681873,0.746520155681873
2021-08-12,1.2539356605065024,0.09447370968855148,0.031266945070334,0.191696788525537,0.9024793308130532,0.5222788608285992,0.0465876851767455,0.7188438781761324,0.7188438781761324
2021-08-13,1.2566735112936345,0.22155717864307362,0.011902713623862998,0.132515509454065,0.9261887141927698,0.5696985491497177,0.0317611033719759,0.7900061511338556,0.7900061511338556
2021-08-14,1.2594113620807663,0.17902851398495664,-0.010797462810411,0.172622292193991,0.927026198098043,0.5820392781819151,0.0305001829167518,0.7734961269363456,0.7734961269363456
2021-08-15,1.2621492128678986,0.1654596213885393,-0.018341330657241,0.253795101511191,0.9247472610826832,0.5873942923518233,0.031049709593443,0.770605759977709,0.770605759977709
2021-08-16,1.264887063655031,0.20459263982881143,-0.006473749747305,0.265986235974127,0.8986473691588202,0.5730514805362611,0.0432723556813966,0.7463897741230117,0.7463897741230117
2021-08-17,1.267624914442163,0.259032900290838,0.047469500531069,0.32140017606034,0.8440253100714041,0.5445071177555072,0.0710453610727672,0.7157403041618444,0.7157403041618444
2021-08-18,1.270362765229295,0.20062492082328687,0.026913553842466,0.324797731394734,0.8055451700107394,0.5319627010564871,0.0910121133946935,0.7163247946225564,0.7163247946225564
2021-08-19,1.273100616016427,0.15270506003080278,0.064536782429069,0.380519228799738,0.8217101639551874,0.5569777526553353,0.0789863638432847,0.7563950840934677,0.7563950840934677
2021-08-20,1.2758384668035592,0.0842851170094573,0.08086253369272199,0.30757369018703,0.8662200067319238,0.6122858465023624,0.0518683968448518,0.8091311685206009,0.8091311685206009
2021-08-21,1.2785763175906912,0.10050900924537715,0.073260106379176,0.303030303030302,0.8831154025242702,0.6328595147410792,0.042913067836533,0.7984503905525724,0.7984503905525724
2021-08-22,1.2813141683778233,0.079096447750981,0.063501917407762,0.35208152302042206,0.9042737677432724,0.6499406374667822,0.0335098638414968,0.8050662664744728,0.8050662664744728
2021-08-23,1.2840520191649556,0.07885916540031075,0.005381059131706,0.292293998955772,0.9102399473901422,0.6621463532876646,0.0303257611033315,0.807747964031039,0.807747964031039
2021-08-24,1.2867898699520877,0.1491336500888465,-0.002153080580395,0.284543811282973,0.8793947732257298,0.6382086050289679,0.0436339332354608,0.7680787218647609,0.7680787218647609
2021-08-25,1.2895277207392195,0.08788800280070536,0.019427987286702,0.289292903462365,0.8803445981681053,0.6467236784784276,0.0422714202093573,0.7921935496413361,0.7921935496413361
2021-08-26,1.2922655715263518,0.09805614517285455,0.068159391035154,0.368801956389277,0.8263747175178855,0.618025755461631,0.0663203861088666,0.7482849706107171,0.7482849706107171
2021-08-27,1.295003422313484,0.14484662034781648,0.040078287240588,0.277192585910415,0.8245273967896012,0.6382302383349234,0.0634806818421765,0.7905412030879919,0.7905412030879919
2021-08-28,1.297741273100616,0.14680658827529375,0.090355086603508,0.320677537145406,0.8166598295196701,0.645781265438444,0.0649425231818423,0.78551238462064,0.78551238462064
2021-08-29,1.3004791238877482,0.06716692467946286,0.056417954083904,0.296601410565091,0.8083824149461316,0.6483719859724857,0.06737811088524,0.7821920835067377,0.7821920835067377
2021-08-30,1.3032169746748803,0.11480248300089661,0.052078047788799,0.292157851687175,0.726877212193266,0.6368198235148675,0.099192782277761,0.7433667124388403,0.7433667124388403
2021-08-31,1.3059548254620124,0.04281686867077473,0.049907680765000004,0.289935648487116,0.6699663028856346,0.6329666252387288,0.1211333816368247,0.7439368631987904,0.7439368631987904
2021-09-01,1.3086926762491444,0.04795290577469219,0.043453979709211,0.291661478769085,0.6907339983111259,0.7590171835700591,0.0745277921130117,0.7771127284064736,0.7771127284064736
2021-09-02,1.3114305270362765,0.003685992945516809,0.016290347838407,0.288933956372188,0.7235410180173971,0.8327034974845394,0.0462506207746741,0.7850689827400466,0.7850689827400466
2021-09-03,1.3141683778234086,-0.03468855619447515,-0.02492638299628,0.222123498407817,0.7584023154599485,0.8946913408864967,0.0254423282038399,0.7972662336248888,0.7972662336248888
2021-09-04,1.3169062286105406,-0.04772061752064293,-0.021682236868386,0.230076655189361,0.7816577352481247,0.9238574009609865,0.0166251475182722,0.793807225221439,0.793807225221439
2021-09-05,1.319644079397673,-0.07624386800312064,-0.081896779228183,0.223259154002419,0.8325817953806927,0.9594201207791696,0.0067938105228197,0.8275098488139196,0.8275098488139196
2021-09-06,1.322381930184805,-0.11562570517388407,-0.081896779228183,0.223259154002419,0.8724999695802906,0.978294398124466,0.0027674648994086,0.8424873430952893,0.8424873430952893
2021-09-07,1.325119780971937,0.3740349921106101,-0.030173103392594998,0.276574241645122,0.7464975743469019,0.8630495306848804,0.0347172761657129,0.7234739816097129,0.7234739816097129
2021-09-08,1.3278576317590691,0.2837501772748377,-0.032274925466683,0.291014415428885,0.6331910051288056,0.7904076074058473,0.0768803748601099,0.7062137763903191,0.7062137763903191
2021-09-09,1.3305954825462012,0.2755254733267679,-0.062324760033975996,0.29500183367054,0.5560500658501101,0.7603476941838118,0.106393625385966,0.7109329244135711,0.7109329244135711
2021-09-10,1.3333333333333333,0.3105779843642204,-0.035518439139754,0.298109038897433,0.4588072451399878,0.7138590016544061,0.1548574351730461,0.6761592952680768,0.6761592952680768
2021-09-11,1.336071184120465,0.2906867634881389,-0.049441001713909,0.22983445647013,0.394171752131279,0.6972412196532417,0.1834198214243475,0.681466446679476,0.681466446679476
2021-09-12,1.3388090349075976,0.12413186683977101,0.006485645283771,0.270690310398031,0.3682119119804792,0.7069166212531484,0.1851665874887744,0.6985955104468697,0.6985955104468697
2021-09-13,1.3415468856947297,0.1359193927365222,0.010809133932576001,0.275127953597302,0.3199969679760785,0.6887954598670853,0.2116200308699921,0.6726867264217553,0.6726867264217553
2021-09-14,1.3442847364818618,0.2105623700803062,0.014051544263888,0.27845597439827696,0.3394715683311261,0.7241715470324783,0.1821925354482888,0.7171855850446942,0.7171855850446942
2021-09-15,1.3470225872689938,0.20872673027159108,-0.015113828543622001,0.282379210861882,0.3823956675153155,0.7644774731437292,0.1454597329841733,0.7381489960081851,0.7381489960081851
2021-09-16,1.349760438056126,0.18050035269706885,-0.028991372385816998,0.308614423044837,0.4043210438641026,0.7764295616024289,0.13317620536751,0.7281761029929683,0.7281761029929683
2021-09-17,1.352498288843258,0.1860537509478988,0.006441653316181999,0.34176587969278094,0.4072876061730363,0.771641066346693,0.1353511702174243,0.7155512227391565,0.7155512227391565
2021-09-18,1.3552361396303902,0.1438140847664655,-0.039542882097762,0.34635824309141094,0.4359230823287923,0.7903410936027184,0.1182637496828948,0.7349239153802642,0.7349239153802642
2021-09-19,1.3579739904175223,0.05477154477388539,-0.032085887888534004,0.291519375090565,0.4307983857781208,0.7784444797339293,0.1261097597752157,0.7118423740728179,0.7118423740728179
2021-09-20,1.3607118412046544,0.35518517940378247,-0.027807715104865,0.29593643743660103,0.3290688103830785,0.6803344172018194,0.2144736097463698,0.6120550006466683,0.6120550006466683
2021-09-21,1.3634496919917864,0.4147844026755059,-0.032085887888534004,0.291519375090565,0.2641377391811532,0.5864106040050941,0.3043448279875127,0.5589340059734447,0.5589340059734447
2021-09-22,1.3661875427789183,0.5727504588395806,0.053786575400636,0.324790383388888,0.2705595486906887,0.5995658646361001,0.292092856419497,0.6256429221375068,0.6256429221375068
2021-09-23,1.3689253935660506,0.569477596726579,0.022607286667293,0.282747684195652,0.3006432801462952,0.6337015474923051,0.2561732842332695,0.6537842798114202,0.6537842798114202
2021-09-24,1.3716632443531829,0.5995002154933828,0.053861897030873,0.24141387511719703,0.2838802889471043,0.6078784194279382,0.2808059929768696,0.6052497940030719,0.6052497940030719
2021-09-25,1.374401095140315,0.5574997380520029,0.029013999521212,0.156709375445751,0.2689516476973486,0.5923968322926101,0.2979776241458287,0.6007028184777994,0.6007028184777994
2021-09-26,1.377138945927447,0.49751160519405596,0.069047294507627,0.119266879983084,0.2671677534283567,0.594921947427174,0.2968542593038103,0.6104772535943184,0.6104772535943184
2021-09-27,1.379876796714579,0.5072350782576971,0.074441125670257,0.12468761299225299,0.2472166963317759,0.575883947281183,0.3192674833043977,0.5860510205115226,0.5860510205115226
2021-09-28,1.3826146475017111,0.5230150620667373,0.116516795038696,0.166973135647949,0.2200335182454793,0.5412985813013929,0.3577717317181599,0.5555709014947592,0.5555709014947592
2021-09-29,1.3853524982888432,0.5021353567566167,0.182406344757553,0.26997558361213403,0.2143565466946324,0.5350621820457002,0.3652753528698784,0.5667625868991522,0.5667625868991522
2021-09-30,1.3880903490759753,0.590463548149527,0.174889646401481,0.274718908846081,0.2719182524256236,0.5784072090293638,0.3069540160146595,0.6172644205502031,0.6172644205502031
2021-10-01,1.3908281998631074,0.8050639909573576,0.17198529148414202,0.24400847378039903,0.4352018234219861,0.6903556152512615,0.1748865838937084,0.7097117231089083,0.7097117231089083
2021-10-02,1.3935660506502396,0.8036448754944072,0.196248237310476,0.241777524295534,0.5464071331230805,0.737868827559939,0.1189008300048954,0.6994976891992746,0.6994976891992746
2021-10-03,1.3963039014373717,0.8009341039569519,0.217296825304853,0.242893303151476,0.6349008729754442,0.7718187120376393,0.0833087890383966,0.707924577937332,0.707924577937332
2021-10-04,1.3990417522245038,0.8111275518609323,0.19230732566929198,0.217841199562562,0.7172846363649724,0.807845067291951,0.0543251516748203,0.7249148881193275,0.7249148881193275
2021-10-05,1.4017796030116358,0.8379606191229563,0.21077818580062102,0.236358333084032,0.7812185022169459,0.8759812763790658,0.0271330021069306,0.7708494471631813,0.7708494471631813
2021-10-06,1.404517453798768,0.961166113899776,0.242285496018814,0.260121839474645,0.8326343392287291,0.9341102850946812,0.0110276756731593,0.8409898401326288,0.8409898401326288
2021-10-07,1.4072553045859,0.6019443522038564,0.183744556778917,0.23574123813175402,0.8465545737187619,0.9340187640540272,0.0101245188762927,0.8106440190227655,0.8106440190227655
2021-10-08,1.4099931553730325,0.5901573873253481,0.15326477555952,0.176330291039441,0.854623276944747,0.9308425460806844,0.0100538840256347,0.8118000605996887,0.8118000605996887
2021-10-09,1.4127310061601643,0.5948760452172235,0.171928663513767,0.158747434657242,0.8761745253527959,0.9477597776409528,0.0064686703292844,0.828305114208252,0.828305114208252
2021-10-10,1.4154688569472964,0.5535512935462076,0.160941654169393,0.199500842558768,0.8826070519095565,0.9442567735744096,0.0065438616861731,0.8228645738392064,0.8228645738392064
2021-10-11,1.4182067077344285,0.6017692196720703,0.187945326134773,0.226606989246467,0.9076753299788136,0.9667952343975388,0.003065619027378,0.869316835700424,0.869316835700424
2021-10-12,1.4209445585215603,0.6281929798821216,0.20954793407240901,0.248291575711046,0.9052433179851688,0.9525876971501226,0.0044926325047367,0.8420083752434167,0.8420083752434167
2021-10-13,1.4236824093086926,0.6079802108856299,0.157633237009,0.20058532004618002,0.923156198444818,0.9694012583860094,0.0023513236284237,0.8640956528395787,0.8640956528395787
2021-10-14,1.426420260095825,0.5669029862635347,0.141392070914088,0.152349647349696,0.9259751920175548,0.964829420511507,0.002603495393267,0.8608200238731563,0.8608200238731563
2021-10-15,1.429158110882957,0.6775388987934774,0.15677420381958002,0.14032848233190598,0.931219716215456,0.9649998457044076,0.0024073205449536,0.9307588048239844,0.9307588048239844
2021-10-16,1.431895961670089,0.6807795036564211,0.116304310139567,0.171069924276028,0.9271520743460764,0.95457832278586,0.0033088749647721,0.9173631655626552,0.9173631655626552
2021-10-17,1.434633812457221,0.6706427463916907,0.07939973362606399,0.19646209073572202,0.9316425432440364,0.959270454744918,0.0027841681284643,0.9262229206215268,0.9262229206215268
2021-10-18,1.4373716632443532,0.6662795135575378,0.080472105639284,0.19754691729969998,0.9403970301832888,0.968690099571107,0.0018661630502275,0.9319204881516914,0.9319204881516914
2021-10-19,1.4401095140314852,0.6591957474010767,0.06330514877729,0.180180583045421,0.9534703638304244,0.9818853212895506,0.0008428694097259,0.9653565882707352,0.9653565882707352
2021-10-20,1.4428473648186173,0.3027496713479388,0.034320002376211,0.144204071695959,0.9559059419771928,0.9784650352312896,0.0009495639860306,0.9899361342889073,0.9899361342889073
2021-10-21,1.4455852156057496,0.3359976028578465,0.061158767541671,0.10997268388856099,0.9169490949692982,0.9264125859173016,0.0061115013384371,0.9289632312070956,0.9289632312070956
2021-10-22,1.4483230663928817,0.281120279188636,0.016049810330442,0.129855740795108,0.8592858256928002,0.8801850163651183,0.016859666491813,0.9023390812259428,0.9023390812259428
2021-10-23,1.4510609171800135,0.2693330386599762,0.054780037012806995,0.106888127230815,0.8248557979628205,0.8664053026535883,0.0233983366631357,0.9118988407577948,0.9118988407577948
2021-10-24,1.4537987679671458,0.16976614970202983,0.030000940083954,0.09925538296612998,0.7932151699222458,0.8533564332486117,0.0303236650326816,0.902411017708726,0.902411017708726
2021-10-25,1.456536618754278,0.17777758077137468,0.051429949439836004,0.12083235383401,0.7904446919775304,0.8748998714133992,0.0262153959796156,0.9344895687351488,0.9344895687351488
2021-10-26,1.45927446954141,0.27902804595814934,0.066430419481813,0.13593639806326102,0.7429898549926014,0.8500571181055818,0.0385368418185116,0.889203078649496,0.889203078649496
2021-10-27,1.462012320328542,0.3008454788926055,0.051403230997206006,0.104424720322606,0.6496882483515072,0.8125966874625256,0.0656495826797326,0.8556591979883574,0.8556591979883574
2021-10-28,1.4647501711156743,0.2658612879782322,-0.044790251037762,0.040873104058145,0.6181736421682544,0.8223437432105913,0.0678338414759212,0.8896846070090163,0.8896846070090163
2021-10-29,1.4674880219028064,0.2712583261151654,-0.023319228307009998,0.14770919100615099,0.6245370508730609,0.8485887410258806,0.0568493178254456,0.9138993280719668,0.9138993280719668
2021-10-30,1.4702258726899384,0.23036484196146403,-0.013792812033734,0.1400563516518,0.6188941482964135,0.857197826202876,0.0544227440700765,0.906511609233462,0.906511609233462
2021-10-31,1.4729637234770705,-0.004003357109395586,0.008507212917465,0.130233455686121,0.6024728874959357,0.8539180786402885,0.0580715243871719,0.8953478802820296,0.8953478802820296
2021-11-01,1.4757015742642026,-0.0076368723414754255,-0.017014425834929,0.10440141567922,0.5838956887460952,0.848091945780687,0.063209596274848,0.8882982890139139,0.8882982890139139
2021-11-02,1.4784394250513346,0.01914525969713068,0.005316399604056,0.12700383481552602,0.6141924685446044,0.8747507382490275,0.0483221084927534,0.9221386890639848,0.9221386890639848
2021-11-03,1.4811772758384667,0.021316991777870983,0.005330247634487,0.130598927635707,0.6122482350468215,0.8846683788230663,0.0447200396662674,0.9161458825862407,0.9161458825862407
2021-11-04,1.483915126625599,-0.0027860049380911208,0.039369557775208,0.207724565899174,0.5730793839941616,0.8694270499175826,0.0557442842828852,0.8898398079681904,0.8898398079681904
2021-11-05,1.486652977412731,-0.17235540707333022,0.005304238202865,0.216637782345241,0.5134562096685368,0.8574603701102507,0.0693517717990025,0.8826111728128705,0.8826111728128705
2021-11-06,1.4893908281998631,-0.21427362989038076,0.010613295778552,0.267798722852985,0.4802538729708,0.8568245245414233,0.0744148988551594,0.8872588903988419,0.8872588903988419
2021-11-07,1.4921286789869952,-0.19126504525279775,0.026575954162968,0.23326478990896599,0.5069229765563525,0.8804556947671347,0.05894455019386,0.9141595608433112,0.9141595608433112
2021-11-08,1.4948665297741273,-0.06309790354012768,-0.002125719478185,0.20397145710760098,0.6273688446572951,0.9388325682800818,0.0227928907511391,0.9769844162045233,0.9769844162045233
2021-11-09,1.497604380561259,-0.05794947573439929,-0.011693484714405001,0.19420646100548802,0.6827845838826155,0.949437541892746,0.0160391911884103,0.966168225450696,0.966168225450696
2021-11-10,1.5003422313483916,-0.08041758355711229,0.056191558631435004,0.30418200212214097,0.6724517664996894,0.9235045240783762,0.0250559580088934,0.9342666933643642,0.9342666933643642
2021-11-11,1.5030800821355237,-0.1137225823644353,0.06982688167052399,0.336663598227211,0.6636327311701568,0.9094859542810854,0.0304459623492108,0.9316291596939212,0.9316291596939212
2021-11-12,1.5058179329226558,-0.11800460019447136,0.111606654116442,0.309959977717899,0.6382609777603111,0.8892302625521791,0.0400697365181218,0.9174004682214748,0.9174004682214748
2021-11-13,1.5085557837097878,-0.11900790938933713,0.12452087913426199,0.31331303735682103,0.6266401429241973,0.8827364249433114,0.0437815116233629,0.92034596471831,0.92034596471831
2021-11-14,1.51129363449692,-0.30582306774857876,0.126676046528098,0.251076953129045,0.6414844740239115,0.8917778273862978,0.0387993291368764,0.9337553920298144,0.9337553920298144
2021-11-15,1.514031485284052,-0.2716280838163442,0.156482987279038,0.28125005652164403,0.6075213036260831,0.8650219306902441,0.0529760166817611,0.9022481677716369,0.9022481677716369
2021-11-16,1.516769336071184,-0.1520144197046632,0.21077237343847002,0.336206359330333,0.5018089411534221,0.7948165434632748,0.1022205634698319,0.8454603987844784,0.8454603987844784
2021-11-17,1.5195071868583163,-0.15413137593920906,0.200106965820145,0.309844537640615,0.4274091857177744,0.7630134816240496,0.135696303530795,0.8470250180465353,0.8470250180465353
2021-11-18,1.5222450376454484,-0.08835988383879216,0.18658705436799702,0.26649510229914597,0.3285507842327332,0.6924407450596805,0.2065104205316424,0.7867868464072068,0.7867868464072068
2021-11-19,1.5249828884325805,-0.10129316043879706,0.268277276798614,0.340113648494404,0.2925441693903781,0.6759443621843613,0.2292550504145935,0.8054237412379219,0.8054237412379219
2021-11-20,1.5277207392197123,-0.1910514917954141,0.245281340950958,0.325666245645017,0.2956821976980046,0.6928722888731701,0.2163155145268909,0.830355082198766,0.830355082198766
2021-11-21,1.5304585900068446,-0.20407743439889495,0.262792337189732,0.383701165214411,0.2795649559939659,0.6859090461514187,0.2262821301577999,0.8121935627855983,0.8121935627855983
2021-11-22,1.5331964407939769,-0.14607196222664076,0.308727632817562,0.43017763741259796,0.2212957461036221,0.6434701762540641,0.2776312903918861,0.7679419584782963,0.7679419584782963
2021-11-23,1.5359342915811087,-0.12296406590483296,0.307659142681329,0.429096559095112,0.202764631290006,0.6426739609086854,0.2848729565246459,0.788608742995855,0.788608742995855
2021-11-24,1.538672142368241,-0.16084731025476462,0.32299316257889504,0.45449629810037906,0.1643800553756519,0.6217111905643118,0.3161056739926603,0.7641767582823906,0.7641767582823906
2021-11-25,1.541409993155373,-0.21047147158346607,0.307610376106828,0.398367786308133,0.1544839286382485,0.6123358533892163,0.3277762662501559,0.7798822104296725,0.7798822104296725
2021-11-26,1.5441478439425051,-0.08072517018191522,0.237587440127624,0.316727181401512,0.1158629464786864,0.5437747956137404,0.4033656079482266,0.7112609706218134,0.7112609706218134
2021-11-27,1.5468856947296372,-0.11307508843132577,0.293518790418525,0.269316730927144,0.1073525976079571,0.5309636796816752,0.4186840529596747,0.7324761788323375,0.7324761788323375
2021-11-28,1.5496235455167693,-0.06314589836822575,0.209306580303954,0.277004955924131,0.1409402924206092,0.5665100146067079,0.3723937800905558,0.774111049682725,0.774111049682725
2021-11-29,1.5523613963039014,-0.05784441979898094,0.235868415482936,0.30374292383857,0.1752985164159763,0.5939050887362716,0.3349070757951193,0.7820057833373735,0.7820057833373735
2021-11-30,1.5550992470910336,-0.05457646561529494,0.198682008352935,0.26630993195395797,0.1879077227305502,0.5937908163847898,0.3298793409698401,0.7662566565140541,0.7662566565140541
2021-12-01,1.5578370978781657,-0.05343806910854081,0.231146768409267,0.33240146274928895,0.2129123593779842,0.5976024172418737,0.3167221640050959,0.7683907162966204,0.7683907162966204
2021-12-02,1.5605749486652978,-0.10637158931445444,0.21681379476319498,0.348799427824151,0.2168762035810115,0.5865433994923687,0.3237877026440253,0.7533817982318016,0.7533817982318016
2021-12-03,1.5633127994524298,-0.020429650240454986,0.240784372633089,0.35441138108722503,0.182636503519263,0.531369577102769,0.3830414010165271,0.6993149971487593,0.6993149971487593
2021-12-04,1.566050650239562,0.18862261468111016,0.187599819934967,0.328820682169219,0.204543689065339,0.4279682289803632,0.455026282312701,0.6120460317868837,0.6120460317868837
2021-12-05,1.568788501026694,0.19231592863369695,0.190840018827587,0.370050729834006,0.222769960524827,0.3791663970793767,0.4825305257055099,0.6137959974853846,0.6137959974853846
2021-12-06,1.571526351813826,0.21857645521866653,0.208863573693505,0.388391237382568,0.2595147971131583,0.3756912222815727,0.4622914119328658,0.6364038319542882,0.6364038319542882
2021-12-07,1.5742642026009583,0.1786823484228831,0.21734553206008,0.397022354973193,0.3028788704474567,0.3759786827107041,0.4350184455735799,0.6370423596037504,0.6370423596037504
2021-12-08,1.5770020533880904,-0.009568660109760692,0.19564022096608,0.34970294769661003,0.3327006649536047,0.372755594131964,0.4185597749473117,0.6315071407742447,0.6315071407742447
2021-12-09,1.5797399041752225,0.07057934706585443,0.24584904013430198,0.392961189417948,0.3195423917819541,0.3223082065364446,0.4611405368892088,0.5721604468966568,0.5721604468966568
2021-12-10,1.5824777549623543,0.057948199739073905,0.126516035523618,0.389400348550692,0.3034153506832999,0.2896916402605326,0.4947898996758373,0.5615088419903955,0.5615088419903955
2021-12-11,1.5852156057494866,0.1555340452035767,0.091406045786144,0.414181888299478,0.3222486572016864,0.3099188026654241,0.4677034581333769,0.6037376789090452,0.6037376789090452
2021-12-12,1.587953456536619,0.17379137299998199,0.096710377893634,0.435680366834281,0.3511808961859216,0.3327181939597331,0.4329451833864856,0.6168720113454036,0.6168720113454036
2021-12-13,1.5906913073237507,0.2853989076558965,0.125092239647206,0.465015073524932,0.3219374962882815,0.2861761328647645,0.4840171985588988,0.5458290319678749,0.5458290319678749
2021-12-14,1.593429158110883,0.26518349115343376,0.151372068010284,0.492177176688037,0.2981125526969589,0.2607527061206798,0.518868396026637,0.5415565148706811,0.5415565148706811
2021-12-15,1.596167008898015,0.35952507339676415,0.11529173377004599,0.48565853718380797,0.3148652170619999,0.2874191151743954,0.4882139498507586,0.5877586565342501,0.5877586565342501
2021-12-16,1.5989048596851472,0.3001471071943024,0.012510711934193999,0.380458754883097,0.309587639198387,0.2795245386580177,0.4974251641647493,0.560641269699012,0.560641269699012
2021-12-17,1.6016427104722792,0.3123677352254024,0.077219852825856,0.42309747483926197,0.2834188125302014,0.2503500167323412,0.5371850751966536,0.5278759516600715,0.5278759516600715
2021-12-18,1.6043805612594113,0.24446275788848798,0.107808119052412,0.442257373424281,0.2737472600768819,0.246910822525639,0.546933078547202,0.5401792729413444,0.5401792729413444
2021-12-19,1.6071184120465434,0.22032627955639686,0.052045383739804,0.43097837382318505,0.2643111400084316,0.2427472277260071,0.5571024287597085,0.5355575773283032,0.5355575773283032
2021-12-20,1.6098562628336757,0.18508494062179717,0.049963917816004,0.42881844266408703,0.259901455755663,0.2436524937253406,0.5597716883367099,0.5376675921207479,0.5376675921207479
2021-12-21,1.6125941136208075,0.2647487987562634,0.043717931745545995,0.42233700101346094,0.288665981624562,0.2795567305736624,0.512475805852575,0.5789690025420402,0.5789690025420402
2021-12-22,1.6153319644079398,0.2199900743450908,-0.043523126315577,0.373569313525021,0.3149741486963299,0.292197122280553,0.4848632688649517,0.5710328010421737,0.5710328010421737
2021-12-23,1.618069815195072,0.2712081726259278,-0.048709838440113,0.36373395161209904,0.3716044670277343,0.3356876198748796,0.4174509321687994,0.6127593210073528,0.6127593210073528
2021-12-24,1.620807665982204,0.26035267830698045,-0.084675725509437,0.381662759306828,0.4588378265033697,0.3580820692394603,0.3473817026168331,0.611846183364424,0.611846183364424
2021-12-25,1.623545516769336,0.24601755332113315,-0.084675725509437,0.340296792154293,0.5349258383953526,0.3625153513293985,0.2964776385163132,0.6024503487336386,0.6024503487336386
2021-12-26,1.626283367556468,0.11240670900617714,-0.007284805650119,0.302575084459526,0.6069272479264343,0.3712773348586454,0.2471337482781392,0.608299788632948,0.608299788632948
2021-12-27,1.6290212183436004,0.09034930191191311,0.0,0.310085781575009,0.6536034134550883,0.3727430524154955,0.2172796655298529,0.6033199074376832,0.6033199074376832
2021-12-28,1.6317590691307324,0.12671988867165987,0.011447665162227,0.321888422557141,0.5689699372299762,0.320866421228514,0.2927269890871045,0.5395764157015108,0.5395764157015108
2021-12-29,1.6344969199178645,0.1281028961083421,-0.04255719828729,0.28850305695379197,0.4606371092605241,0.2752028467763988,0.3909286877624244,0.5136705261586965,0.5136705261586965
2021-12-30,1.6372347707049966,0.14366966252191404,-0.002083200699177,0.297210768579663,0.4081419702114559,0.2650152507676542,0.4350066256052833,0.5277567699477839,0.5277567699477839
2021-12-31,1.6399726214921286,0.14471432333734566,-0.039563234850465,0.236464702131571,0.334595244735557,0.2448935371388829,0.5024514311187008,0.5075434656237601,0.5075434656237601
2022-01-01,1.6427104722792607,0.18633077338690648,-0.047851773391813,0.276047232754639,0.3335543474741459,0.2586304605434367,0.4940825064859213,0.5353298870352958,0.5353298870352958
2022-01-02,1.6454483230663928,0.1096875680781662,-0.046816954304833,0.250722842813879,0.3193810334357988,0.2596097841524022,0.5039236235644379,0.5265612112784535,0.5265612112784535
2022-01-03,1.648186173853525,-0.13152666022194828,0.012483886158829,0.311796418688869,0.2739710414257402,0.2448056544154566,0.5482929642459157,0.5060845217553229,0.5060845217553229
2022-01-04,1.6509240246406571,-0.12887047880048758,0.01768603454928,0.31715407975999305,0.2179367085642221,0.2277397272831001,0.6039564107260702,0.4923953692807341,0.4923953692807341
2022-01-05,1.6536618754277892,-0.0692239659777606,-0.010385135857339,0.30092153251647596,0.1844934894201594,0.1790617899570162,0.6694804550738139,0.4388243303761907,0.4388243303761907
2022-01-06,1.6563997262149213,-0.07066522344117776,-0.012452292535221,0.26447727905693297,0.1522086494800515,0.1476875478835594,0.7225831248447658,0.4279187590713906,0.4279187590713906
2022-01-07,1.659137577002053,-0.03267249242860372,-0.015643083411586,0.148399573905495,0.1251975342361726,0.1043639452229783,0.7835046291459249,0.388608910107763,0.388608910107763
2022-01-08,1.6618754277891854,-0.13295915824744348,-0.055053370497345,0.158089959020637,0.1174194925046605,0.0857370892009072,0.8069106237972296,0.3913720483603473,0.3913720483603473
2022-01-09,1.6646132785763177,-0.13107494636100875,-0.032275395954045,0.180773812387478,0.1155220511726102,0.0794865544478295,0.8141738441900168,0.3941540086781128,0.3941540086781128
2022-01-10,1.6673511293634498,-0.22525727518587454,-0.006247286421838,0.207358244285194,0.1282684243230383,0.0748038118096036,0.806522730941533,0.3905335491309358,0.3905335491309358
2022-01-11,1.6700889801505818,-0.2120809970770487,-0.044768380167987995,0.168013804303761,0.1566319041464748,0.0880913759853248,0.7690746398276647,0.4106876251946119,0.4106876251946119
2022-01-12,1.672826830937714,-0.352322384020088,-0.13704315811943898,0.126852411510081,0.2028483926763148,0.1156582051068096,0.7049544832226193,0.4371801838827789,0.4371801838827789
2022-01-13,1.675564681724846,-0.31616196905095206,-0.184322127464217,0.086188287897521,0.209600432426307,0.1060303016013449,0.7065932630382817,0.4043309214247195,0.4043309214247195
2022-01-14,1.678302532511978,-0.42291284548614094,-0.1388461234716,0.09547062245971899,0.2251113994657838,0.1099792917277426,0.6896669010795613,0.4147087031892678,0.4147087031892678
2022-01-15,1.68104038329911,-0.44327575461918384,-0.09058754042987,0.100827524510098,0.2383420911577184,0.1132937494059103,0.6753668285848744,0.4150279866598243,0.4150279866598243
2022-01-16,1.6837782340862424,-0.48092372773284603,-0.144972717231346,0.116934036110305,0.2469591725011579,0.1138555515654904,0.6673029487326281,0.412076661530234,0.412076661530234
2022-01-17,1.6865160848733745,-0.4799871249836454,-0.144972717231346,0.116934036110305,0.2415897572703038,0.0992479192653843,0.6831396041892187,0.3903884766239276,0.3903884766239276
2022-01-18,1.6892539356605063,-0.4781129169416726,-0.086983156316158,0.17646472493830698,0.2555086870492568,0.0941012064733283,0.6744337821931661,0.3918829949891798,0.3918829949891798
2022-01-19,1.6919917864476386,-0.47440282328377925,-0.10771630063748301,0.126166501829576,0.2477566725890233,0.0806406790926544,0.6915819146456375,0.3754255883592581,0.3754255883592581
2022-01-20,1.6947296372347709,-0.5649969316511387,-0.077728263716918,0.129073345750336,0.2112858087759885,0.0555627426972974,0.7448910675553247,0.3481844890224526,0.3481844890224526
2022-01-21,1.6974674880219027,-0.11408456799987776,-0.045795423919737,0.16581606380016298,0.1722338293020091,0.0378711738343193,0.7964176941533183,0.2372488029652117,0.2372488029652117
2022-01-22,1.700205338809035,-0.1977117730702911,-0.039574803864087,0.178799523365833,0.141756515502691,0.0288222388482144,0.8335069857972036,0.1960224581772696,0.1960224581772696
2022-01-23,1.702943189596167,-0.11750546688893401,-0.039574803864087,0.180966244843623,0.1429309587886714,0.0423950581515455,0.8207335493692849,0.2296649331532023,0.2296649331532023
2022-01-24,1.7056810403832992,-0.10043011040129302,-0.010414338431274,0.21077237343847002,0.1681979095574993,0.0699296499421444,0.7736344614367126,0.2386865071137549,0.2386865071137549
2022-01-25,1.7084188911704312,-0.09952110771266788,-0.007290116358201,0.213965771194191,0.1947178851818223,0.0879052173452018,0.734493615490882,0.2454921661197175,0.2454921661197175
2022-01-26,1.7111567419575633,-0.09918909657002571,0.041627801136794,0.270356678875318,0.228694407903599,0.0954622863750756,0.697674996780997,0.2413982115638742,0.2413982115638742
2022-01-27,1.7138945927446954,-0.19686857300364588,0.11018765297452,0.369975603671057,0.2606240667685612,0.1032586376266644,0.6630289816720167,0.2477938316786971,0.2477938316786971
2022-01-28,1.7166324435318274,-0.18341091551807315,0.13968480492315,0.396536894108956,0.2991304532463866,0.1162297998871636,0.6194076195874338,0.2636900801096757,0.2636900801096757
2022-01-29,1.7193702943189595,-0.19333484850468108,0.135458518894218,0.373253719238433,0.3359838340013151,0.1276843745198995,0.579231677172041,0.2716537797978891,0.2716537797978891
2022-01-30,1.7221081451060918,-0.19887390353193635,0.167241403234441,0.390983442885493,0.3586533696972578,0.130314138790527,0.5577700965086337,0.2645019337931078,0.2645019337931078
2022-01-31,1.7248459958932238,-0.23328329943206189,0.09093788682274799,0.31300077834331,0.3883990071286345,0.1395705241032868,0.5262395217542184,0.2779439694838412,0.2779439694838412
2022-02-01,1.727583846680356,-0.2256399990765646,0.07525883082297699,0.296976686376546,0.4165704111311737,0.147851915736082,0.4971684064574556,0.2833146950173404,0.2833146950173404
2022-02-02,1.730321697467488,-0.1662379855771337,-0.031171594869311002,0.227055211410922,0.397356652070752,0.1268520332216468,0.5261968139369225,0.2346782806186365,0.2346782806186365
2022-02-03,1.73305954825462,-0.16068189529654958,-0.094506558672453,0.152208659034183,0.392189973680048,0.1191833513411177,0.5353691904044071,0.2387906530013737,0.2387906530013737
2022-02-04,1.735797399041752,0.23222375681157933,-0.07381214954279,0.17259777711991098,0.4913989440049928,0.17638263345729,0.4188926623594491,0.3479977472535065,0.3479977472535065
2022-02-05,1.7385352498288844,0.230158336492708,-0.07999965122767899,0.228174067233968,0.5698880065882707,0.2041437688612502,0.3423073100442336,0.3451407930980181,0.3451407930980181
2022-02-06,1.7412731006160165,0.20185232271602,-0.027156310072815,0.144496448221889,0.6529611881773794,0.2316636299277576,0.2666425409499763,0.3668726724634936,0.3668726724634936
2022-02-07,1.7440109514031483,0.23532327416012758,-0.035512465581459,0.135996466419923,0.7272055608022754,0.2654745202773584,0.2003744663173776,0.3985231223183518,0.3985231223183518
2022-02-08,1.7467488021902806,0.2358159197581605,-0.010444795942378002,0.161495601222938,0.7711382652841228,0.2862860984578282,0.1633418015977782,0.4033830202176176,0.4033830202176176
2022-02-09,1.749486652977413,0.23562015531519645,-0.052088760404974996,0.171495596235005,0.8086368243092491,0.2997862290336869,0.1339951308745098,0.4068975679623108,0.4068975679623108
2022-02-10,1.7522245037645447,0.23376226630408609,-0.00732061209094,0.155171300955745,0.8144795505198351,0.2956716505054996,0.1306673119798423,0.387842768397352,0.387842768397352
2022-02-11,1.754962354551677,0.23083207472288675,0.11368440326891201,0.23652260880747,0.7956756274950706,0.2773644332379172,0.1476520587284066,0.3594941353028638,0.3594941353028638
2022-02-12,1.757700205338809,0.20003995451457735,0.136090400154855,0.183360189179875,0.7782973132250735,0.2659152741256577,0.1627485560467771,0.3542091821922248,0.3542091821922248
2022-02-13,1.7604380561259412,0.19496070318055314,0.0956187537688,0.18659903964429703,0.7643227925040057,0.2595313436626461,0.1745115851638986,0.351676652422908,0.351676652422908
2022-02-14,1.7631759069130732,0.19795854884486883,0.12609063788217,0.21734553206008,0.7466300672644709,0.2618076574539625,0.1870357441767721,0.3594357838377462,0.3594357838377462
2022-02-15,1.7659137577002053,0.2653887200199225,0.086161575139314,0.17705663426088097,0.7829096370207062,0.2908668019497645,0.1539459833653931,0.4036032652026655,0.4036032652026655
2022-02-16,1.7686516084873374,0.25782895732964245,0.055689691025948,0.175437941833598,0.7948344649279538,0.2967833424177197,0.1442758218244444,0.3882978561500874,0.3882978561500874
2022-02-17,1.7713894592744694,0.46218822480259486,0.007312200184848,0.195828436059362,0.7105934076076127,0.2516613824822792,0.2165741292514336,0.3058342726412419,0.3058342726412419
2022-02-18,1.7741273100616015,0.46039369981495176,0.055491442513098,0.125461514027427,0.631361544215765,0.2219802355375074,0.2868080045410675,0.2918783665413613,0.2918783665413613
2022-02-19,1.7768651608487338,0.44207565964597356,0.031335184713989,0.090355180457464,0.5743925059512935,0.2084200754485186,0.3369023480276201,0.292783641080776,0.292783641080776
2022-02-20,1.779603011635866,0.11133167185516568,0.041823664620621,0.095658960200031,0.4861443993614813,0.1778968350725935,0.4224423156005996,0.248396506325486,0.248396506325486
2022-02-21,1.782340862422998,0.10025260812682436,0.041823664620621,0.095658960200031,0.383447677558923,0.143591877098942,0.5280204171320506,0.2111711695403659,0.2111711695403659
2022-02-22,1.78507871321013,0.09398131932205403,0.040777853632089994,0.094607542506428,0.3390224324332814,0.1434416005196794,0.5661658873673439,0.2419788593676202,0.2419788593676202
2022-02-23,1.787816563997262,0.11712170561163236,0.028148903004079,0.081752305770701,0.2790640370889673,0.1294717663844525,0.6275951103428651,0.2144914632718553,0.2144914632718553
2022-02-24,1.790554414784394,0.13949443362438113,0.124023186998969,0.127189454127627,0.2957425652509062,0.1370356848932638,0.6077490348370785,0.240565907402507,0.240565907402507
2022-02-25,1.7932922655715264,0.15402386981250643,0.013473405087651,0.082437743966667,0.32792681095565,0.1531978625233733,0.5691130130234885,0.2619617374705516,0.2619617374705516
2022-02-26,1.7960301163586585,0.1536094001903313,-0.065802938062041,0.113041848514277,0.349630814531903,0.1597473044148047,0.5464744612151163,0.2578375309338305,0.2578375309338305
2022-02-27,1.7987679671457906,0.19113308285796404,-0.066823678309512,0.057250239773598,0.334767745972331,0.1434272902939682,0.5698197944163317,0.2201955516094713,0.2201955516094713
2022-02-28,1.8015058179329224,0.7257632548119718,-0.057571458612121,0.06661802765498699,0.4459975237450362,0.2122699793314763,0.4364043820707359,0.3545412673946018,0.3545412673946018
2022-03-01,1.8042436687200547,0.7357156139722941,0.014393649005326,0.13948204138043202,0.5553394965068628,0.2630006044062352,0.3277145223188613,0.3796355860612781,0.3796355860612781
2022-03-02,1.8069815195071868,0.7387596766420738,0.08804624674334001,0.092227916025744,0.6277378406386818,0.2937490338451654,0.262910509711816,0.3684523432455702,0.3684523432455702
2022-03-03,1.809719370294319,0.7769178510760594,0.145243441720495,0.134729306719776,0.6589814697259672,0.2868809703911037,0.2431868033876703,0.3329579980254546,0.3329579980254546
2022-03-04,1.8124572210814511,0.8954748660965505,0.282468106682378,0.18690677988802,0.6043846326259324,0.2333799786171565,0.3032866613956891,0.2503415085750955,0.2503415085750955
2022-03-05,1.8151950718685832,0.8957407173592739,0.34283962745068797,0.18690677988802,0.5696286503146467,0.2106022960187574,0.3397341553009263,0.2557030291732527,0.2557030291732527
2022-03-06,1.8179329226557157,0.5797994316208024,0.332006499527957,0.266417450884928,0.5204742560102741,0.1843996286707482,0.3911013748599561,0.2291869051684081,0.2291869051684081
2022-03-07,1.8206707734428476,0.5810221809858616,0.399036177695848,0.333021615110091,0.4751809504412854,0.1720694582000997,0.4345137200480553,0.2185224848581146,0.2185224848581146
2022-03-08,1.8234086242299796,0.5735668177246088,0.374947012546391,0.30908537141155,0.4571086830697162,0.1860405397022745,0.4418915233288952,0.234789932990548,0.234789932990548
2022-03-09,1.8261464750171117,0.7294007012850517,0.2693919972451,0.16919295669221598,0.5199706249830068,0.2514759552862367,0.3593135293691396,0.313868389480934,0.313868389480934
2022-03-10,1.828884325804244,0.8231602239575116,0.3000839361039,0.262527797535467,0.5071863342598243,0.2423173350402922,0.373396371586579,0.2499921937120639,0.2499921937120639
2022-03-11,1.831622176591376,0.8249869126526754,0.38014503759768303,0.31962515328291397,0.4824712906279146,0.2257604058795493,0.4006912178899239,0.2322522871842522,0.2322522871842522
2022-03-12,1.834360027378508,0.8214664720611916,0.37362632975432103,0.311037717527635,0.4665022374224314,0.2195147073261624,0.4163871573661911,0.233743601438098,0.233743601438098
2022-03-13,1.83709787816564,0.8221479042693818,0.316403086760224,0.312109853753272,0.4297017525619124,0.1988503394109783,0.4568942473695377,0.2049769438760176,0.2049769438760176
2022-03-14,1.839835728952772,0.88661811176982,0.31015775091044,0.305867116937452,0.4448831826846871,0.2232167515168978,0.4312054446417895,0.2505395246089765,0.2505395246089765
2022-03-15,1.842573579739904,0.8875373084046596,0.311198772563212,0.30690770536282197,0.4485475174259054,0.2291371658775001,0.425094223600955,0.2409165347393056,0.2409165347393056
2022-03-16,1.845311430527036,0.9397976161396302,0.208570556143021,0.217052271058144,0.4937963202972921,0.2665678650599119,0.3712660455188855,0.2844258722044444,0.2844258722044444
2022-03-17,1.8480492813141685,0.8822109657293203,0.210439037130492,0.17017737292807,0.4883912057884562,0.2826587984374311,0.3669980671696858,0.278384070540751,0.278384070540751
2022-03-18,1.8507871321013003,0.8920947773520985,0.264368494187068,0.244030032556008,0.5115132871344793,0.3074943770008855,0.3382797954197269,0.2975561705351595,0.2975561705351595
2022-03-19,1.8535249828884328,0.7216886432348099,0.25365346845166,0.203594762876555,0.5413109505361039,0.3274228865211456,0.3085037568727866,0.3054581965302194,0.3054581965302194
2022-03-20,1.8562628336755649,0.7318846084448218,0.22803023953867602,0.22696514689344302,0.5335075127389797,0.3192064242124144,0.3175850884804747,0.2815052033355893,0.2815052033355893
2022-03-21,1.8590006844626967,0.7325146172591983,0.256143175866518,0.255075155689685,0.5222238234043922,0.3118233680829661,0.3287944000197634,0.2760315419113919,0.2760315419113919
2022-03-22,1.8617385352498288,0.6996031689227062,0.255101720625459,0.254033808900233,0.5547214970884642,0.3333206688187006,0.2968579745104729,0.3053635589342356,0.3053635589342356
2022-03-23,1.864476386036961,0.6574669319924806,0.268638255566444,0.238787693007169,0.6243106651154368,0.3664474513339567,0.2380189356227657,0.316514123058095,0.316514123058095
2022-03-24,1.8672142368240927,0.6475333579407506,0.28741041042536103,0.229885184603775,0.7120146300058459,0.4049873788318658,0.1713549298582966,0.3397083577014861,0.3397083577014861
2022-03-25,1.8699520876112248,0.6202741878797581,0.272377071492797,0.23831679322902502,0.7629896062815098,0.4719033713092913,0.1251643898873922,0.3470857848426654,0.3470857848426654
2022-03-26,1.8726899383983573,0.6066645009790198,0.171916633666695,0.288421138761003,0.806134004769479,0.5373742044505508,0.0896874102735054,0.3491028211170999,0.3491028211170999
2022-03-27,1.8754277891854891,0.6560824283261828,0.226660603369646,0.23195587354750602,0.8544161606789042,0.6318939475949727,0.0535902923864563,0.3984690240004322,0.3984690240004322
2022-03-28,1.8781656399726212,0.6539077503327285,0.255639983553608,0.260950258986225,0.8677767881733566,0.6873444036417484,0.0413403271460626,0.40356454900604,0.40356454900604
2022-03-29,1.8809034907597533,0.6012234706159173,0.18422673656566602,0.18950003488016498,0.885910925580734,0.7240649894703763,0.0314811699511951,0.4092498633677834,0.4092498633677834
2022-03-30,1.8836413415468856,0.0708642686025724,0.1116742675296,0.128430639521037,0.8898281134824474,0.7316895957491714,0.0295602634086009,0.3992750416347501,0.3992750416347501
2022-03-31,1.8863791923340176,0.09203061006638633,0.092392348080208,0.18862055499201302,0.856153151072236,0.6949104222236662,0.0438861744038275,0.3649386522940787,0.3649386522940787
2022-04-01,1.88911704312115,0.09548571136656889,0.127322915241883,0.265403348643471,0.8487462829715746,0.6963098319049286,0.0459342667493668,0.3796918921343657,0.3796918921343657
2022-04-02,1.891854893908282,0.053466371904059964,0.085897978323592,0.271818444240699,0.8332763883674547,0.6860173838837816,0.0523483157487309,0.3693134225526897,0.3693134225526897
2022-04-03,1.894592744695414,-0.22155494076691284,-0.002027802549572,0.271818444240699,0.8357190251141366,0.6964424573800652,0.0498687290355599,0.3805478878793593,0.3805478878793593
2022-04-04,1.897330595482546,-0.22143084638724947,0.034464909541984,0.309310698243767,0.839348941620178,0.7061592277457375,0.0472058310577915,0.3827497619887765,0.3827497619887765
2022-04-05,1.9000684462696784,-0.22645070279409069,0.083122116790754,0.359300635102224,0.8097106410177998,0.6826064612568404,0.0603966130325279,0.3581933774892079,0.3581933774892079
2022-04-06,1.9028062970568105,-0.10170908860808722,0.031221427710277,0.36528278384858104,0.7005568956656789,0.6082576250029349,0.1173045528684209,0.3038808995880107,0.3038808995880107
2022-04-07,1.9055441478439423,-0.1084550203802219,0.069655002868145,0.36902319795995203,0.6282333607039845,0.578996724591712,0.156514972831154,0.3093628268432233,0.3093628268432233
2022-04-08,1.9082819986310744,-0.32102222742951486,0.18679205963589798,0.40341944483171405,0.5257533427891801,0.5319731854277987,0.2219601522958947,0.2796624322099461,0.2796624322099461
2022-04-09,1.911019849418207,-0.5026608202730606,0.130951262567566,0.399083232503747,0.4655561698694806,0.5216317108766815,0.25566098065205,0.2899331038568959,0.2899331038568959
2022-04-10,1.9137577002053388,-0.5076213917251378,0.068603741559036,0.43169279417349,0.4010498565986031,0.5011600840950965,0.2987802391655827,0.2750723128318455,0.2750723128318455
2022-04-11,1.9164955509924708,-0.30196284214341557,0.081718879756758,0.44528088405600696,0.3050577491532912,0.4193887132486904,0.4034913144819589,0.2080382519695902,0.2080382519695902
2022-04-12,1.919233401779603,-0.32902675246059865,0.11803855291818399,0.48291029946749603,0.2504293076636474,0.3946247132986369,0.4537715727760586,0.2219390723810264,0.2219390723810264
2022-04-13,1.9219712525667352,-0.3942106950236406,0.082778085507135,0.378221058857561,0.2392827825401556,0.4099310776225958,0.4488755887404678,0.2461977531066406,0.2461977531066406
2022-04-14,1.9247091033538672,-0.3545715109007518,0.126173413127133,0.418527234497825,0.1955990906711535,0.3847908130012652,0.4948748294492426,0.2145417647858796,0.2145417647858796
2022-04-15,1.9274469541409995,-0.4345022880049136,0.197194805404292,0.429358264746251,0.1805654073993333,0.3886797779169983,0.5009369371311335,0.2285941110828435,0.2285941110828435
2022-04-16,1.9301848049281316,-0.4349852772456951,0.235689981455455,0.42285711115056696,0.1655896697192304,0.3871888614601175,0.5113359445087978,0.2241096257722876,0.2241096257722876
2022-04-17,1.9329226557152637,-0.44384119178685755,0.212765577366043,0.47837914489738004,0.1340586545878663,0.3675982857347709,0.5476227912917723,0.2051689081875523,0.2051689081875523
2022-04-18,1.9356605065023955,-0.41063187666242046,0.25959435358029004,0.526425843741806,0.1576424558082641,0.4021988704805961,0.5035622913770109,0.2314108282982481,0.2314108282982481
2022-04-19,1.938398357289528,-0.42001003448274915,0.27791872485428,0.54522679519283,0.1965489546618617,0.4731571390652806,0.4232924473469356,0.2465297015693863,0.2465297015693863
2022-04-20,1.94113620807666,-0.42037010874264524,0.19187811062420598,0.458381250526067,0.223359916455974,0.5044379754165683,0.384873332173723,0.2421192686670785,0.2421192686670785
2022-04-21,1.943874058863792,-0.4469995560890831,0.212204692112596,0.5187198224222931,0.220644901927604,0.4923772667216745,0.395618365077907,0.220140439150807,0.220140439150807
2022-04-22,1.946611909650924,-0.4424373535526016,0.26363804519476003,0.6547369706003291,0.1957753775823628,0.4661564141147917,0.429330156288609,0.1992522436083206,0.1992522436083206
2022-04-23,1.949349760438056,-0.4777012678418903,0.245976342003844,0.6783416228580801,0.1697662234101376,0.4445378474191049,0.4611634406899709,0.1915800208012168,0.1915800208012168
2022-04-24,1.952087611225188,-0.48461165069332673,0.243902815672092,0.6357048616327441,0.150306422333731,0.4331435221157325,0.4816543087167835,0.1898693651404333,0.1898693651404333
2022-04-25,1.9548254620123204,-0.4493066925310036,0.297540989176001,0.691394552658695,0.1731765349522339,0.460628618119168,0.4459649149143113,0.2133306172205724,0.2133306172205724
2022-04-26,1.9575633127994525,-0.4556994495014357,0.35320368175239397,0.749186195228808,0.137470379380219,0.3958338706136253,0.5211111823709513,0.1524930322948119,0.1524930322948119
2022-04-27,1.9603011635865848,-0.40546584431576277,0.38954493420195696,0.8174843888812371,0.159439141981564,0.4011361863325364,0.5033814810525159,0.1802853814946026,0.1802853814946026
2022-04-28,1.9630390143737169,-0.3961210469054877,0.530487920707023,0.824192950273932,0.1980453217455465,0.4216600876062726,0.4638023983654205,0.1924992237153482,0.1924992237153482
2022-04-29,1.9657768651608487,-0.371752410975109,0.528683722317504,0.7800226972684889,0.1815328880204205,0.3928687839603689,0.4969169329846069,0.1615522237646498,0.1615522237646498
2022-04-30,1.9685147159479808,-0.3901267639105931,0.47299375865689,0.754125901587823,0.1368951877257331,0.3484468760206226,0.5623586367589327,0.1368757105733813,0.1368757105733813
2022-05-01,1.9712525667351128,-0.38228334278162823,0.439014696505495,0.7653701109931731,0.1442755326994436,0.3515405593208052,0.5549026094412206,0.1554371263271807,0.1554371263271807
2022-05-02,1.9739904175222447,-0.38013070293928203,0.518098018113295,0.846925818257353,0.1526478639829815,0.3551083120269575,0.546450349303578,0.1557625126503499,0.1557625126503499
2022-05-03,1.9767282683093768,-0.3874832220845809,0.490723319686339,0.8186953033274651,0.1222493326277157,0.3307603143664073,0.5874255806969038,0.134118924655004,0.134118924655004
2022-05-04,1.9794661190965093,-0.2541709812251454,0.36367295199616295,0.6953709649991149,0.1911955501589483,0.3839405083761309,0.4982716581922014,0.183170688084072,0.183170688084072
2022-05-05,1.9822039698836411,-0.04066721734104434,0.43028035857770297,0.812923741515625,0.1689266547534957,0.3057437459685144,0.5769778674962536,0.1000361309781006,0.1000361309781006
2022-05-06,1.9849418206707732,-0.11951827222316774,0.40763104921564597,0.743082802060262,0.1455438371547076,0.2487219019873452,0.6419342008576024,0.0841423029239294,0.0841423029239294
2022-05-07,1.9876796714579053,-0.12343346876384044,0.39198031700344604,0.6580301650533089,0.1267973219268076,0.2021281509519438,0.6967038353479725,0.0679083711397705,0.0679083711397705
2022-05-08,1.990417522245037,-0.09516550728635025,0.38677359642461395,0.656935050845246,0.1000982254400669,0.1304279655436528,0.782529416914958,0.0252909407124519,0.0252909407124519
2022-05-09,1.9931553730321696,0.294076083894723,0.385771378396095,0.655906764983658,0.0750736690800502,0.0652139827718264,0.8646082011101276,-0.0927998939631145,-0.0927998939631145
2022-05-10,1.995893223819302,0.33183430899850214,0.412825149419167,0.683664208428134,0.077120023050389,0.0623198549760672,0.8653662306257948,-0.0701751659216007,-0.0701751659216007
2022-05-11,1.998631074606434,0.3458369730018299,0.392274407782853,0.7571988283892821,0.0708457339901298,0.0503888183765984,0.8823352804560571,-0.1407987482641299,-0.1407987482641299
2022-05-12,2.001368925393566,0.3314727570120496,0.45468117628541604,0.877684317672191,0.0998732568497882,0.0872393765344483,0.8216002472758037,-0.1379550178226036,-0.1379550178226036
2022-05-13,2.004106776180698,0.300467352653234,0.468562318168832,0.8984776837432371,0.1259481009684999,0.1110784350433297,0.7769635819404305,-0.1308895033187767,-0.1308895033187767
2022-05-14,2.00684462696783,0.3335053244928943,0.42264731625475604,0.962465985481755,0.1597446313019951,0.1418181036291341,0.7210919457450549,-0.1043582651364634,-0.1043582651364634
2022-05-15,2.0095824777549622,0.38753116874102816,0.42264731625475604,0.950983858653247,0.206045417934803,0.1848799813016398,0.6471682737786321,-0.0661999694093804,-0.0661999694093804
2022-05-16,2.0123203285420943,0.43006660531110535,0.385765825194841,0.912232800402403,0.2156690948303634,0.1732361783437224,0.6484564166011761,-0.1143806370550102,-0.1143806370550102
2022-05-17,2.0150581793292264,0.4520002470914488,0.303030395212828,0.825303411852649,0.2349498709409515,0.1803635430572879,0.6270629771655231,-0.0967360830600601,-0.0967360830600601
2022-05-18,2.0177960301163584,0.47632080091863915,0.300654774359785,0.881550932725456,0.2187762650652621,0.1446937231318819,0.6681855641280362,-0.1554088044785722,-0.1554088044785722
2022-05-19,2.020533880903491,0.5780010953450372,0.174326679099698,0.74027623130882,0.2372025778122685,0.1635269477712805,0.6380594879695709,-0.1024170114851799,-0.1024170114851799
2022-05-20,2.023271731690623,0.5960724259160685,0.274927996116221,0.802178640011859,0.2304800301327486,0.1473276224994117,0.6561484222408902,-0.140838030358875,-0.140838030358875
2022-05-21,2.026009582477755,0.6037796249069801,0.255517960632083,0.795394896011079,0.229708309904434,0.1445528275134181,0.6589438482821622,-0.1339416164775961,-0.1339416164775961
2022-05-22,2.028747433264887,0.6454223343175167,0.190673807735641,0.735845083272999,0.2455748027401016,0.1636724670800552,0.6309465639970135,-0.1051242683560271,-0.1051242683560271
2022-05-23,2.0314852840520192,0.6729641706509076,0.084963505234145,0.6244795884319689,0.2348807559895342,0.1450579903020178,0.6541325841329084,-0.147342342123899,-0.147342342123899
2022-05-24,2.0342231348391517,0.6933897380998321,0.06322854988441899,0.601581876472101,0.2371291282498445,0.1485559351957155,0.6495418759637404,-0.1293952672078209,-0.1293952672078209
2022-05-25,2.036960985626284,0.661341429548567,0.030466590525186,0.5904321521059129,0.2375968469503914,0.14816046692911,0.6494451459055529,-0.1335429219457324,-0.1335429219457324
2022-05-26,2.0396988364134154,0.5910872131980782,-0.045943421963079004,0.6083971348320459,0.249172219740706,0.1411737186077515,0.6448306304860857,-0.1445666258028257,-0.1445666258028257
2022-05-27,2.0424366872005475,0.5524977792394484,-0.12433208521029801,0.623824598858859,0.2450901927697825,0.1229665006537928,0.6620811899258884,-0.1676356924743753,-0.1676356924743753
2022-05-28,2.04517453798768,0.5441764537871001,-0.188188045353149,0.612734335093512,0.2511332223927914,0.1181719456096479,0.6603717334949373,-0.1620888650238949,-0.1620888650238949
2022-05-29,2.047912388774812,0.5616116365635301,-0.125291465326156,0.586213785896345,0.2866613495068489,0.1302908303083087,0.62039716542939,-0.1414167055088633,-0.1414167055088633
2022-05-30,2.050650239561944,0.7418442988174466,-0.125291465326156,0.586213785896345,0.4301759966135051,0.1888069648932192,0.4622372627837873,-0.0678752882366424,-0.0678752882366424
2022-05-31,2.053388090349076,0.7255313924418422,-0.117521279645692,0.594543839029626,0.5532421093000058,0.2195813846299935,0.3486581744657141,-0.0668510780067741,-0.0668510780067741
2022-06-01,2.0561259411362083,0.8111305203343776,-0.11470935381880401,0.6778427815672721,0.5610737998152873,0.1891184204172923,0.3559171705260156,-0.1325962640767191,-0.1325962640767191
2022-06-02,2.0588637919233403,0.8306792374724128,-0.16429927105254202,0.597729661224053,0.5590705075579285,0.1892622965301686,0.3574781640946034,-0.1114286790310483,-0.1114286790310483
2022-06-03,2.0616016427104724,0.7467509373716661,-0.043863628453604,0.618567085687165,0.5097304080776286,0.1717807399313324,0.4060507186561141,-0.1377875850284216,-0.1377875850284216
2022-06-04,2.0643394934976045,0.6008259582963072,-0.155180781720632,0.514721024440609,0.4807823057775913,0.1659963794046018,0.4330294368586831,-0.1344662222369237,-0.1344662222369237
2022-06-05,2.067077344284737,0.6011999118556279,-0.146633630982259,0.571309924047964,0.4636944011615596,0.1648006215270932,0.4479221028214055,-0.1329942380451694,-0.1329942380451694
2022-06-06,2.0698151950718686,0.6770249737841125,-0.11769256970893499,0.602359711175859,0.5426553997171092,0.1978792810833657,0.3668455795715531,-0.0862364009589029,-0.0862364009589029
2022-06-07,2.0725530458590007,0.6372851641603201,-0.129269141418616,0.589939638398924,0.5883859481571411,0.2094685295020565,0.325393861680952,-0.0941474794110241,-0.0941474794110241
2022-06-08,2.0752908966461328,0.2611969219401107,-0.107091229523467,0.602833407739193,0.5636860418389135,0.1936145504979443,0.3518372272757489,-0.1258225019321752,-0.1258225019321752
2022-06-09,2.078028747433265,0.24232359377289442,-0.067359214836031,0.596447730229756,0.538744454330806,0.1833330386839733,0.3766921648718264,-0.1302142779307296,-0.1302142779307296
2022-06-10,2.080766598220397,0.12085724150649763,0.028888113256213002,0.694116662757571,0.4555821179013892,0.1545408058125968,0.4602831039003041,-0.1659259243698976,-0.1659259243698976
2022-06-11,2.083504449007529,0.14151335094996287,-0.066761750923149,0.6503733051240521,0.3494474572190135,0.1235136937509729,0.5702003952430189,-0.192047363670321,-0.192047363670321
2022-06-12,2.086242299794661,0.24352251630965033,-0.039211557219585996,0.557526600600932,0.2620855929142601,0.0712377000224287,0.6853470819115375,-0.2509492226780008,-0.2509492226780008
2022-06-13,2.088980150581793,1.0032799336947786,0.049732620945166006,0.6517993112741081,0.2051244966097596,0.0422891746751594,0.7612608743823652,-0.4257621835897822,-0.4257621835897822
2022-06-14,2.0917180013689256,0.9414578554639563,0.091813227514152,0.696400913423735,0.1816327701024124,0.0442867931855644,0.7821243696372698,-0.4390681288998159,-0.4390681288998159
2022-06-15,2.0944558521560577,0.9253313912320043,0.093099260771074,0.591197773437028,0.1858138084622847,0.0650419115549587,0.7612299652784505,-0.4234807539196001,-0.4234807539196001
2022-06-16,2.0971937029431897,1.1060155248104149,0.026121966086689,0.461336544261576,0.1435701411233073,0.0361627447708059,0.8254590044760375,-0.5262724108157943,-0.5262724108157943
2022-06-17,2.099931553730322,1.0631638110561115,0.085733494902173,0.686944538499902,0.1137478084004519,0.0233325664573168,0.8655736534411089,-0.5225566192108442,-0.5225566192108442
2022-06-18,2.102669404517454,1.04085351873282,0.19275659112239302,0.6283620625092969,0.1078161500399251,0.0332116508900651,0.8625529514054465,-0.596844676841723,-0.596844676841723
2022-06-19,2.105407255304586,1.22510472067584,0.15026615602855098,0.562953394576311,0.1297686774386122,0.0634263617244705,0.8150357159126448,-0.5198753846618622,-0.5198753846618622
2022-06-20,2.108145106091718,1.2207049511497547,0.15026615602855098,0.562953394576311,0.147028493877701,0.0792952106693962,0.785334950849339,-0.5183116709239624,-0.5183116709239624
2022-06-21,2.11088295687885,1.186723872675428,0.125060678278678,0.53672311818087,0.162942536766411,0.0890575989406985,0.7625111353826135,-0.5136230474941517,-0.5136230474941517
2022-06-22,2.113620807665982,1.179895923933118,0.207679768726511,0.518877399185089,0.162937334199844,0.0820294624982119,0.7683988652472488,-0.54984419020853,-0.54984419020853
2022-06-23,2.116358658453114,1.256904365290199,0.252307056688063,0.541031657097257,0.1825772246535702,0.0966015084964971,0.7384585021685715,-0.4970253797607569,-0.4970253797607569
2022-06-24,2.1190965092402463,1.2628963009148224,0.208701247674398,0.5905677322822269,0.1999131982329205,0.1062869369083259,0.7150480263464777,-0.4908414376778918,-0.4908414376778918
2022-06-25,2.1218343600273784,1.2752741640616143,0.23175886948004099,0.6305479206689291,0.2177540784404774,0.115584844736057,0.6918301481706512,-0.4788882584687535,-0.4788882584687535
2022-06-26,2.1245722108145104,1.2754057185078436,0.24786115057004302,0.60673917141345,0.2226425282374236,0.1124149883324696,0.6899708406442282,-0.5019251705193088,-0.5019251705193088
2022-06-27,2.127310061601643,1.268970729935484,0.223271792401218,0.5812886989043959,0.2218915937745342,0.1060270059269828,0.6956079016267631,-0.5165850343319285,-0.5165850343319285
2022-06-28,2.130047912388775,1.2460482640600392,0.279335499009836,0.6393157451575731,0.2138900637011057,0.0953466666688478,0.7111569742375343,-0.5394309700200051,-0.5394309700200051
2022-06-29,2.132785763175907,1.0623900036390996,0.338349808533484,0.671066051812341,0.2068375620313681,0.0870996221561117,0.7240782893131438,-0.54883601364482,-0.54883601364482
2022-06-30,2.135523613963039,1.0548859327357618,0.288943728885133,0.6295060119924569,0.196527086532455,0.0777207401432363,0.741026403947805,-0.5654907670344063,-0.5654907670344063
2022-07-01,2.138261464750171,0.9976659765285528,0.252559362341846,0.661123145557036,0.1807636771048389,0.0645489144610522,0.7663555075652144,-0.5925076751863347,-0.5925076751863347
2022-07-02,2.1409993155373037,0.9679464171464888,0.331139123292054,0.642777448656044,0.1710930453130679,0.0575167718133778,0.781230902519682,-0.5945371040892091,-0.5945371040892091
2022-07-03,2.143737166324436,0.9730043111310929,0.293714511251901,0.6406236198215689,0.172021196142108,0.054902997025176,0.7825202860527735,-0.5923152374133593,-0.5923152374133593
2022-07-04,2.1464750171115674,1.0565018788744778,0.293714511251901,0.6406236198215689,0.2477768574697883,0.0689720231227357,0.700340790550161,-0.5456997681934244,-0.5456997681934244
2022-07-05,2.1492128678986995,1.053601863109518,0.426865149442465,0.7782615758942921,0.3060530155144586,0.0753292994209017,0.6416724443089981,-0.5483932514694345,-0.5483932514694345
2022-07-06,2.1519507186858315,0.9848199411970333,0.45490003139938295,0.80835628542329,0.3671104305764827,0.0844024722594417,0.5794721250969588,-0.5314816601043866,-0.5314816601043866
2022-07-07,2.154688569472964,1.0865458711781548,0.47009358609654395,0.887194674000395,0.5163676035072327,0.1068687143960693,0.4319472240392952,-0.4805364529933236,-0.4805364529933236
2022-07-08,2.157426420260096,1.0838308430401582,0.43592755810345,0.942836806870217,0.6055896481069799,0.1196412495374187,0.3472226045620461,-0.4769370682837603,-0.4769370682837603
2022-07-09,2.160164271047228,1.0829383716802419,0.367176988055217,0.8849562398220411,0.6616563212568985,0.1237411720102081,0.2964766353931847,-0.4840577735019895,-0.4840577735019895
2022-07-10,2.16290212183436,1.0826381070818927,0.27460399120982504,0.849640587668385,0.6448212852786261,0.1137470111131736,0.314778197510799,-0.5192150575632386,-0.5192150575632386
2022-07-11,2.1656399726214923,1.102999987536827,0.371578978443498,0.9520429535774979,0.5701432788408707,0.0941030424272045,0.3894058958902727,-0.5634554577322426,-0.5634554577322426
2022-07-12,2.1683778234086244,1.0616552318955121,0.376380039511692,0.9571127146187899,0.4690447358465697,0.0736378615859072,0.4918568539033912,-0.5969886682414174,-0.5969886682414174
2022-07-13,2.1711156741957565,0.37828833773992415,0.27407662763923196,0.906152279450263,0.4551517572120401,0.0780236451862678,0.5023371968123105,-0.5527044643609695,-0.5527044643609695
2022-07-14,2.1738535249828885,0.3886132587820397,0.28620208193111,0.9118326715106589,0.4696844110888352,0.0861063782423082,0.4846520342245876,-0.5358205677267183,-0.5358205677267183
2022-07-15,2.1765913757700206,0.38491483057981707,0.275769664843525,0.849397511453859,0.499160401796595,0.0945326011817997,0.4534939282103897,-0.5236275956028251,-0.5236275956028251
2022-07-16,2.1793292265571527,0.05485847474528638,0.427482430047994,0.833082462014411,0.5459508067335023,0.104572063966623,0.40656833198424,-0.5074691375486786,-0.5074691375486786
2022-07-17,2.1820670773442847,0.0693108813012242,0.32091697309337697,0.827654734895368,0.5523867087993927,0.1028275288478728,0.4015863225869855,-0.5277255982804565,-0.5277255982804565
2022-07-18,2.184804928131417,0.06484150790819584,0.25501488788578897,0.7585169802949141,0.6548530907295347,0.1302077051467063,0.3002061222758795,-0.4495392747629712,-0.4495392747629712
2022-07-19,2.187542778918549,-0.0856604407369362,0.1891120739872,0.6893784612260879,0.7270871514276908,0.1599530958958092,0.2292595935334241,-0.410897768745107,-0.410897768745107
2022-07-20,2.190280629705681,-0.08125890009287266,0.22731661434422099,0.715501001105127,0.7511843355258392,0.1726355831370344,0.2058612271440353,-0.418420612699018,-0.418420612699018
2022-07-21,2.193018480492813,-0.07960736394316674,0.236499536859824,0.6600860191593729,0.7640471586433921,0.1784649433268497,0.1938435308960917,-0.4220677320578954,-0.4220677320578954
2022-07-22,2.195756331279945,-0.11825952640809242,0.242802925411609,0.685823617529306,0.7521999256231137,0.1737854228561696,0.2047360336675088,-0.4424078527476052,-0.4424078527476052
2022-07-23,2.198494182067077,-0.21065068185861502,0.22024351671325398,0.63895570988923,0.7313878117540048,0.1672318265370214,0.2236916813755111,-0.4541812047013671,-0.4541812047013671
2022-07-24,2.2012320328542097,-0.21083988120186595,0.24378547423067698,0.63895570988923,0.7221652830947134,0.1669654852621599,0.2314459085745206,-0.4485386305010532,-0.4485386305010532
2022-07-25,2.2039698836413417,-0.08540208695465007,0.21979084958897,0.614035454630008,0.6552380325519246,0.1456151678484781,0.2945593956903524,-0.5059815220605728,-0.5059815220605728
2022-07-26,2.206707734428474,-0.10331519337832298,0.287935495700475,0.6848088883054939,0.5991762088466036,0.1362356052505258,0.3462173193668031,-0.5123885214365025,-0.5123885214365025
2022-07-27,2.209445585215606,0.0922100035283551,0.24148493822202,0.5626114544178891,0.6384670917765176,0.1677941930388556,0.3008697856311325,-0.4365348325869558,-0.4365348325869558
2022-07-28,2.212183436002738,0.10956281416841449,0.17605935319876298,0.5338747462882449,0.7118722164231458,0.2010073280060493,0.2302119876757654,-0.3982487899711522,-0.3982487899711522
2022-07-29,2.21492128678987,0.10427610528517349,0.075159443529633,0.548859664282319,0.7607611186298029,0.2192520617792655,0.1867852633720162,-0.4006660990852442,-0.4006660990852442
2022-07-30,2.217659137577002,0.09275121958058712,0.115579239302232,0.528932153308199,0.7794603782065763,0.2254831400377759,0.170811655368699,-0.4076846886401437,-0.4076846886401437
2022-07-31,2.220396988364134,0.06918295899687937,0.07228477654958901,0.46235924211968304,0.7791598667436559,0.2244803550808734,0.1712658617268526,-0.4220269402643168,-0.4220269402643168
2022-08-01,2.223134839151266,0.06894969874130556,0.029484264827215,0.417901173337853,0.7779162351183847,0.2235283510759336,0.1724417471168925,-0.4237507975743853,-0.4237507975743853
2022-08-02,2.2258726899383983,0.08357753148668409,0.10462226369666301,0.49594907948288197,0.7619061504852249,0.2163800723495171,0.186575085130793,-0.4390095813324439,-0.4390095813324439
2022-08-03,2.2286105407255303,0.02377850968656891,0.130302715858388,0.46781347776220794,0.7330639382403493,0.2101930763387825,0.2108279497526304,-0.4454868578286,-0.4454868578286
2022-08-04,2.2313483915126624,0.0289815301849411,-0.076056108788147,0.33137822957182994,0.6835492522694829,0.2028202229176741,0.2522681365333489,-0.4556913381254937,-0.4556913381254937
2022-08-05,2.2340862422997945,0.04423096782953438,-0.044817528886803,0.35648430375232903,0.6835199555211895,0.2122042447689671,0.2493216356557354,-0.4277622092248379,-0.4277622092248379
2022-08-06,2.236824093086927,-0.030868025985599536,-0.047605201149171,0.28951939012556704,0.6565150257502714,0.2103837345415412,0.2712213226081655,-0.4426823657311214,-0.4426823657311214
2022-08-07,2.239561943874059,-0.02911246521087622,-0.036445134273704,0.35547821432152205,0.650396252687467,0.213734183768426,0.2748814757383056,-0.4341204474329849,-0.4341204474329849
2022-08-08,2.242299794661191,-0.010451808696566426,-0.0532660203201,0.33799566704331796,0.6875376228008571,0.2279882595826603,0.2412246236364496,-0.4079106762096813,-0.4079106762096813
2022-08-09,2.245037645448323,-0.02820137598744928,-0.059807436395868004,0.33119693982433596,0.6729010175113598,0.2223067007167934,0.2543826868837704,-0.4361210126221699,-0.4361210126221699
2022-08-10,2.2477754962354557,-0.0855913308571416,-0.26106274601566604,0.140736371171892,0.7135155675824558,0.2350173505960137,0.2191556201237702,-0.4036289344633612,-0.4036289344633612
2022-08-11,2.2505133470225878,-0.1444935335390019,-0.275747512292842,0.156566647151383,0.7316801938692217,0.2529473537202122,0.2004490212192775,-0.4039804009144561,-0.4039804009144561
2022-08-12,2.2532511978097194,-0.19713577164855128,-0.215820845758956,0.296325277711755,0.7728190923455154,0.2719663404374101,0.1653953475824452,-0.3863423153896335,-0.3863423153896335
2022-08-13,2.2559890485968515,-0.20145498661501055,-0.268104259956118,0.181204554546308,0.802920871012304,0.2819376845423182,0.1415150956892881,-0.3862496502740669,-0.3862496502740669
2022-08-14,2.2587268993839835,-0.19985569856948163,-0.224875102727832,0.190043750888719,0.8131503466843565,0.2846470436885145,0.1336634518851217,-0.3913205901229961,-0.3913205901229961
2022-08-15,2.261464750171116,-0.19968539294353504,-0.139736677859648,0.278795995326093,0.8025864871225638,0.2820382542972612,0.1417353503307942,-0.3996142857485658,-0.3996142857485658
2022-08-16,2.264202600958248,-0.21398960335165673,-0.144364019418737,0.273972239779953,0.7749186094996534,0.2778639316187653,0.1625393904017016,-0.4109377054803431,-0.4109377054803431
2022-08-17,2.26694045174538,-0.43392918675174497,-0.074508990527458,0.28171713709201,0.6614090135392563,0.2636475028151754,0.2493223184046417,-0.4348583585686416,-0.4348583585686416
2022-08-18,2.269678302532512,-0.5035831787200262,0.07499091202374,0.342571713887127,0.5646480482613276,0.2558220019458244,0.3239793438938633,-0.4408880783626419,-0.4408880783626419
2022-08-19,2.272416153319644,-0.04851905781000351,0.10179270818564101,0.41598456988911403,0.4239960903393245,0.1993015370711813,0.4612054451062929,-0.5475645093451647,-0.5475645093451647
2022-08-20,2.2751540041067764,-0.03773302166962825,0.117855622830038,0.316642798582744,0.3360702299582057,0.1775408894886953,0.5460550881105491,-0.53449991944197,-0.53449991944197
2022-08-21,2.2778918548939084,-0.03441193180938095,0.134919400985682,0.345256378600102,0.2916304293913154,0.1749523368470855,0.5844386588793287,-0.5179328344836804,-0.5179328344836804
2022-08-22,2.2806297056810405,-0.036871298873579775,0.21737090057661598,0.429419051071411,0.2504005243736198,0.1706119466326237,0.6217088498949696,-0.5248986064539469,-0.5248986064539469
2022-08-23,2.283367556468173,-0.03707899766455567,0.177082294594126,0.38829430784111396,0.2270256495364455,0.1713519477282335,0.6405236899676583,-0.5195509719233282,-0.5195509719233282
2022-08-24,2.2861054072553046,-0.1559058553868685,0.206611277130368,0.430943253532851,0.201719736883936,0.1691516667185371,0.6632498261014694,-0.5264166774745291,-0.5264166774745291
2022-08-25,2.2888432580424367,-0.15395130683643699,0.1194140078499,0.49438860102326504,0.1947694874869596,0.1874605739393308,0.6542815384838843,-0.5175118088474182,-0.5175118088474182
2022-08-26,2.291581108829569,-0.2452581308847853,0.220761500318145,0.480686408873818,0.1491431504581163,0.1629815370350036,0.7121828924067867,-0.5822187687415603,-0.5822187687415603
2022-08-27,2.294318959616701,-0.32572961738776113,0.230371848875285,0.5919004827493359,0.1190648427893994,0.1470486389358927,0.7513948413520051,-0.593663296799047,-0.593663296799047
2022-08-28,2.297056810403833,-0.3164820799208904,0.273843388488546,0.547746140794906,0.0892986320920495,0.131301200459969,0.7911251850411006,-0.6156878628777083,-0.6156878628777083
2022-08-29,2.299794661190965,-0.24922859698923075,0.277619902705408,0.55162333764815,0.0984660060259011,0.1526141207045798,0.7639471761984538,-0.5821735402315671,-0.5821735402315671
2022-08-30,2.302532511978097,-0.23602706050291844,0.271009922175133,0.544837133693838,0.0827036307518612,0.1481092420512965,0.7814362992623907,-0.6077753012292515,-0.6077753012292515
2022-08-31,2.305270362765229,-0.22355669186453916,0.308202948701381,0.648510481822268,0.0823075044190983,0.1545546535973412,0.7758588498175157,-0.5956883676491014,-0.5956883676491014
2022-09-01,2.308008213552361,-0.2244768108560027,0.32473688318976,0.768702315348204,0.0855054269959619,0.1604379630010663,0.7677749265357403,-0.5924485754325719,-0.5924485754325719
2022-09-02,2.3107460643394937,-0.22407272646514784,0.283541130644584,0.73192253570401,0.0807957075069245,0.1579684857056395,0.7739989823538206,-0.6009032704571116,-0.6009032704571116
2022-09-03,2.3134839151266258,-0.22485973497689876,0.363326355302102,0.756161917881255,0.0710444272697117,0.1519995018515055,0.7877547884331044,-0.6084208889296399,-0.6084208889296399
2022-09-04,2.316221765913758,-0.2645874419203662,0.272931528583,0.773089480860476,0.0707151792153668,0.1543317847492733,0.7858666358525321,-0.6012589566050419,-0.6012589566050419
2022-09-05,2.31895961670089,-0.26752230889603634,0.272931528583,0.773089480860476,0.0640421012236993,0.1495031900523756,0.7960292071545253,-0.610617138367834,-0.610617138367834
2022-09-06,2.321697467488022,-0.19557961476893948,0.336709458395292,0.8399725650959871,0.0497034526486083,0.1135737623130597,0.8423677931555833,-0.6616222042812439,-0.6616222042812439
2022-09-07,2.324435318275154,-0.20400101203349777,0.31942820542079897,0.803580044859368,0.0700997825491886,0.1111736166199847,0.8265198471810944,-0.6384519450429451,-0.6384519450429451
2022-09-08,2.327173169062286,-0.21884351045050388,0.313997955405518,0.782309492331465,0.090077043816757,0.1113320855824051,0.808619335752055,-0.6369817203803496,-0.6369817203803496
2022-09-09,2.329911019849418,0.1431763529171144,0.36121703060765004,0.6289611658994131,0.2840374762894898,0.181945824903366,0.5856961317341057,-0.5367754530157374,-0.5367754530157374
2022-09-10,2.3326488706365502,0.15304223594914895,0.37206240349821,0.7104258224839171,0.4531901506915627,0.227547095657718,0.4223848562212678,-0.5235341712205681,-0.5235341712205681
2022-09-11,2.3353867214236823,0.13853163211749023,0.31903842035487695,0.671627242152381,0.5870724101445186,0.2533982547675698,0.3082924592407235,-0.5201169384084654,-0.5201169384084654
2022-09-12,2.3381245722108144,0.16980999995539584,0.25560964194282,0.606031180575235,0.6857761398339247,0.2869958454331368,0.2240429177624487,-0.4935616911257305,-0.4935616911257305
2022-09-13,2.3408624229979464,0.4443269625432824,0.39666785480965094,0.75190917868305,0.6168448422145696,0.2324890934372355,0.2940757625060947,-0.5914543204934546,-0.5914543204934546
2022-09-14,2.3436002737850785,0.4445611565489774,0.29188179458248,0.70480291376729,0.5616956177018408,0.2033233225333634,0.3491868790083638,-0.5948059105836467,-0.5948059105836467
2022-09-15,2.346338124572211,0.4571008379870098,0.304225151527655,0.7251757418956111,0.4868370785717787,0.1701767211415124,0.4258345380481669,-0.6224264102486963,-0.6224264102486963
2022-09-16,2.349075975359343,0.45096224267761426,0.299334001176805,0.704115579894619,0.4351214929730235,0.156057579985097,0.4767249342347519,-0.6193982567713494,-0.6193982567713494
2022-09-17,2.351813826146475,0.4667298702799676,0.212132369565078,0.6335982210989941,0.4183601849004462,0.1612044024579033,0.4878769162607048,-0.6022050239721057,-0.6022050239721057
2022-09-18,2.3545516769336072,0.16653111739054016,0.146991216991776,0.5386462341008811,0.3618571990123439,0.1394308425595423,0.5491660125726409,-0.638590582485218,-0.638590582485218
2022-09-19,2.3572895277207397,0.1602738294641169,0.145141880502954,0.5367255166579741,0.3387332763328137,0.1328292214024019,0.5734311796231567,-0.632770754667531,-0.632770754667531
2022-09-20,2.360027378507872,0.17714792129240933,0.189516787136854,0.582813212279786,0.2832591597083535,0.107898014776282,0.6394059265150935,-0.6673212549118688,-0.6673212549118688
2022-09-21,2.3627652292950034,0.1834346252100837,0.145804336854167,0.529120428407776,0.2271064887419464,0.0839381835925502,0.7080182338125842,-0.6862012212799158,-0.6862012212799158
2022-09-22,2.3655030800821355,0.26180084875611265,0.251334529415205,0.552502086478958,0.2343902536164392,0.1029261248193262,0.6868085020643936,-0.6411295304405673,-0.6411295304405673
2022-09-23,2.368240930869268,0.2617643666028688,0.414979952481253,0.763598183687606,0.233242380657914,0.1082758386783166,0.6837362950448321,-0.6476828077874703,-0.6476828077874703
2022-09-24,2.3709787816564,0.26311384667203813,0.435143465251683,0.922513310948964,0.2118142082830566,0.0980570411452657,0.7108986251084412,-0.6670966777179519,-0.6670966777179519
2022-09-25,2.373716632443532,0.14098871341116628,0.403492579642672,0.8108888004419911,0.1880486634571356,0.0881240004159323,0.7403989366236441,-0.6747897989853193,-0.6747897989853193
2022-09-26,2.376454483230664,0.15803904601052224,0.48713191853882504,0.8978034192804909,0.1942106834948147,0.0989942321278211,0.7260208218609526,-0.6532276376899819,-0.6532276376899819
2022-09-27,2.379192334017796,0.14475637336393593,0.488051232504811,0.898758733179441,0.1924374882388275,0.1012474576247444,0.725798860572301,-0.6596323156113595,-0.6596323156113595
2022-09-28,2.3819301848049284,0.1124879599746448,0.34546143538609103,0.7545369394599131,0.2091396099044894,0.1172131123723569,0.6981611823203994,-0.6437899562298757,-0.6437899562298757
2022-09-29,2.3846680355920604,0.0947694709712103,0.31994147874743095,0.7477975273866331,0.230011694625134,0.1329624683406302,0.6676087596988047,-0.6368576923072897,-0.6368576923072897
2022-09-30,2.3874058863791925,0.08997142254557715,0.314627957162527,0.760077354155186,0.2376093232433346,0.1401630456253994,0.6555316775460416,-0.6446666898357307,-0.6446666898357307
2022-10-01,2.390143737166325,0.0899381829887716,0.221533435234797,0.736378666947599,0.2364811959341752,0.1443572024398095,0.6532993655006933,-0.6514056642015582,-0.6514056642015582
2022-10-02,2.3928815879534566,0.09398193258003176,0.236465260307729,0.761109522925238,0.2203511992869374,0.1456621081399075,0.6660835127924472,-0.665928365280763,-0.665928365280763
2022-10-03,2.3956194387405887,0.1259892882097293,0.202684309818759,0.725597214842692,0.2413021722974868,0.2017502403019256,0.6056303586469822,-0.636525583404687,-0.636525583404687
2022-10-04,2.3983572895277208,0.16724359700148356,0.04930164535247,0.564353307960112,0.4160060038855397,0.277812810530221,0.4217529827211271,-0.6014216694925505,-0.6014216694925505
2022-10-05,2.401095140314853,0.16720393612636905,0.140600833807225,0.6859723961847459,0.5357337045270958,0.3039868356119751,0.3231354534308018,-0.6107108716575915,-0.6107108716575915
2022-10-06,2.403832991101985,0.07952228810501713,0.18600880762067398,0.741555816820074,0.5983379894688923,0.3032543816657816,0.279856245888862,-0.6215273447213487,-0.6215273447213487
2022-10-07,2.406570841889117,0.07843410852969934,0.269483504420517,0.7316147271194,0.5970642580525238,0.2753807104577166,0.291975011061173,-0.6427809683692729,-0.6427809683692729
2022-10-08,2.409308692676249,0.08004250163344222,0.281651990982696,0.77466810786356,0.5807316643302779,0.2331439838154448,0.3215184456040119,-0.650028353716305,-0.650028353716305
2022-10-09,2.412046543463381,-0.3263112906215902,0.348624133188788,0.728552758852643,0.5720063361996401,0.201017924478117,0.3419592658134265,-0.6490523659072469,-0.6490523659072469
2022-10-10,2.414784394250513,-0.33328280740107913,0.379816457765911,0.760890245999719,0.5294696396140439,0.162681035187411,0.3939839942712631,-0.6654054467672204,-0.6654054467672204
2022-10-11,2.417522245037645,-0.3363294385464936,0.38715607529386403,0.7684993226136729,0.4869364415181121,0.1369338627984416,0.4428077835578488,-0.67066532378694,-0.67066532378694
2022-10-12,2.4202600958247777,-0.37681510751065694,0.460629352850161,0.778010305560372,0.4582690243330321,0.1318048403869721,0.4703282108865045,-0.6656625740607449,-0.6656625740607449
2022-10-13,2.42299794661191,-0.815463556207802,0.231287645473108,0.5502347990940419,0.4709517373898482,0.1457085478802088,0.4519614085066792,-0.6545181088120664,-0.6545181088120664
2022-10-14,2.425735797399042,-0.8111547593408027,0.33284641387856906,0.579831855550698,0.4568533572380269,0.1382527967008704,0.4680551003814417,-0.6652936864436239,-0.6652936864436239
2022-10-15,2.428473648186174,-0.8494043196434324,0.325314357966,0.576869267583093,0.432152505911852,0.1259042683514424,0.4963530708097796,-0.6720059136279826,-0.6720059136279826
2022-10-16,2.431211498973306,-0.8426935637369171,0.32343252125279104,0.588729585701996,0.4376216287110186,0.1343721458683205,0.4868103827489498,-0.6620968770097928,-0.6620968770097928
2022-10-17,2.433949349760438,-0.8494545256305327,0.20772583226328498,0.470049404624191,0.4755581064949416,0.1592527384405072,0.4409230858114529,-0.6480931274997523,-0.6480931274997523
2022-10-18,2.43668720054757,-0.9209206923535121,0.21592520691152198,0.478459491166947,0.4781145450761723,0.1558907634862576,0.4405283329033793,-0.6597710040329421,-0.6597710040329421
2022-10-19,2.439425051334702,-0.91781558748263,0.29524380866001,0.45917486280402997,0.4567048092960252,0.1399750777498123,0.4672474041440867,-0.6704437578459483,-0.6704437578459483
2022-10-20,2.4421629021218343,-0.993173618806165,0.241335148181363,0.445081666713846,0.4303779319812769,0.1257505095141557,0.4979918027348615,-0.675474502331058,-0.675474502331058
2022-10-21,2.4449007529089664,-1.016448750290566,0.123825267004675,0.375139226204412,0.4248444712163261,0.1273105218964511,0.5019321782425951,-0.6698048348357766,-0.6698048348357766
2022-10-22,2.4476386036960984,-1.1727179249847135,0.059272893682416,0.319697917029107,0.424970111885632,0.1306996782741583,0.4998736667397948,-0.668486511954482,-0.668486511954482
2022-10-23,2.4503764544832305,-1.147879743368881,-0.10424951671739599,0.365538096139128,0.4680145793544362,0.1586034546982226,0.4476106950820901,-0.6505350599449553,-0.6505350599449553
2022-10-24,2.4531143052703626,-1.167028337998889,-0.10601683468095299,0.36368687710221104,0.4737922928762486,0.1563810084796584,0.4439188152139704,-0.6624636907535901,-0.6624636907535901
2022-10-25,2.455852156057495,-1.0682391984940283,-0.19789782179071702,0.26744396214532296,0.5679340407444284,0.2100729242826221,0.3413005997117774,-0.6249895356168054,-0.6249895356168054
2022-10-26,2.458590006844627,-1.0282132393041385,-0.385626782184125,0.21700606706320702,0.6599389430019277,0.2861925743206456,0.2427381076695942,-0.5925730539018232,-0.5925730539018232
2022-10-27,2.461327857631759,-0.9857784710889512,-0.308474651970304,0.366516312479345,0.6826718375834822,0.2888553231742705,0.2256662335093971,-0.6167629568783042,-0.6167629568783042
2022-10-28,2.4640657084188917,-0.9881905050728558,-0.171403226583465,0.33526300677084003,0.7292744767959709,0.3127946722505689,0.186044021903561,-0.6022133754224335,-0.6022133754224335
2022-10-29,2.466803559206024,-0.9849711105606331,-0.14075740143026,0.351697163786419,0.7810374233335722,0.3410620840795789,0.1442827439331413,-0.5920384225386233,-0.5920384225386233
2022-10-30,2.4695414099931554,-0.9827848185632719,-0.129326127552286,0.36915531603942203,0.8027275276881747,0.3418381793473702,0.1298372095413964,-0.6014545120855761,-0.6014545120855761
2022-10-31,2.4722792607802875,-0.9820618788767829,-0.052622543063856,0.449732528004409,0.8058953971766831,0.3320126073571009,0.1296594275399329,-0.6088409763771594,-0.6088409763771594
2022-11-01,2.4750171115674195,-0.9996689975942111,-0.05708164234485501,0.44504823860210296,0.8072876272247401,0.326332869018867,0.1298239912720759,-0.6099396183499319,-0.6099396183499319
2022-11-02,2.477754962354552,-1.0342747481712447,-0.035794319989164,0.457362412063671,0.7778127151320497,0.2996977898209351,0.155598246666711,-0.626543316226412,-0.626543316226412
2022-11-03,2.480492813141684,-1.1281136791183757,0.259834706848467,0.535497502848478,0.7455993346087365,0.2900677844787458,0.1806072280113009,-0.6246167610559805,-0.6246167610559805
2022-11-04,2.483230663928816,-0.9878211018148976,-0.017106549196751,0.41615786117210296,0.8028095294854632,0.3537118381652382,0.1274418667201717,-0.5798934404321177,-0.5798934404321177
2022-11-05,2.485968514715948,-0.9965579552438584,-0.122929347635131,0.42595193646374796,0.836767043805432,0.3954283491431565,0.0986860178007928,-0.5741211690853181,-0.5741211690853181
2022-11-06,2.48870636550308,-1.0077398352345943,-0.170213275389616,0.470254547288375,0.828956381178319,0.3902682885090824,0.1042907184437436,-0.591598975187928,-0.591598975187928
2022-11-07,2.4914442162902124,-0.991273817325822,-0.23758867310899298,0.398489250226488,0.7928592137720426,0.3640464100993971,0.1317319266165028,-0.6077735653599543,-0.6077735653599543
2022-11-08,2.4941820670773445,-0.3849892783962425,-0.281914913044516,0.351274897743423,0.6556412336705353,0.2442723400606039,0.2602414446577836,-0.7137075869660539,-0.7137075869660539
2022-11-09,2.4969199178644765,0.4332906490674753,-0.228919599775745,0.483642129076478,0.5003222339024902,0.132613798262469,0.4334135996280134,-0.8689833910494897,-0.8689833910494897
2022-11-10,2.4996577686516086,0.7561030852206326,-0.442501508762954,0.185429335496527,0.4578238625718824,0.1670209452441213,0.4516213664660667,-0.767409836937297,-0.767409836937297
2022-11-11,2.5023956194387407,0.7759480244743796,-0.6203669959609039,-0.020655451721965,0.4019884303099083,0.1550018112049005,0.5053186932666419,-0.7997671934556596,-0.7997671934556596
2022-11-12,2.5051334702258727,0.7715156795859536,-0.540227808993531,0.056769652782791,0.3499149661331057,0.1365565109698109,0.5613116898083398,-0.8140930920579805,-0.8140930920579805
2022-11-13,2.507871321013005,0.7835284685797044,-0.619539034005919,-0.030951212019667,0.2915241080261876,0.1037527147358358,0.6349695948566365,-0.8413964877803597,-0.8413964877803597
2022-11-14,2.510609171800137,0.7952189336340533,-0.586885009246038,0.0037517271146950003,0.2592171309829191,0.1013589017308142,0.6656979309925078,-0.825750233693249,-0.825750233693249
2022-11-15,2.513347022587269,0.8003154410959685,-0.609831098896779,-0.020634141346446002,0.246541594614805,0.1142536567321391,0.6673730273743699,-0.8102760465827004,-0.8102760465827004
2022-11-16,2.516084873374401,0.7920053788579351,-0.514102292856389,-0.015032286587689,0.2277025961518693,0.1093196652391058,0.6878701101944226,-0.8235215528422746,-0.8235215528422746
2022-11-17,2.518822724161533,0.7920632590972094,-0.485150713035079,0.030083640740947,0.2143574172000598,0.1078088908561819,0.7009433273388926,-0.822857787223132,-0.822857787223132
2022-11-18,2.521560574948665,0.7920464076051309,-0.5354932618159209,0.16444899307218802,0.2047935112878985,0.1075961820163786,0.7096453066120288,-0.8226632825525382,-0.8226632825525382
2022-11-19,2.524298425735797,0.7927872220715085,-0.527108176206303,0.175088403407026,0.198217782886893,0.1082181509125237,0.715014828142583,-0.8222592424084603,-0.8222592424084603
2022-11-20,2.5270362765229293,0.8006868638430438,-0.45353108956075405,0.123071389336399,0.1750824520031164,0.0863288076047732,0.7537033997060593,-0.8480956220365936,-0.8480956220365936
2022-11-21,2.529774127310062,0.8161845281156985,-0.372288699117079,0.20922078405158198,0.139359139788485,0.0530336669779592,0.8149979194434331,-0.8799305598822436,-0.8799305598822436
2022-11-22,2.532511978097194,0.8260829783904817,-0.427640462831309,0.15052579841222402,0.1297732379859812,0.0574883636433406,0.82019884946719,-0.8551504507605632,-0.8551504507605632
2022-11-23,2.535249828884326,0.8509248260847325,-0.527725345606674,-0.044110859431398,0.1405792386313851,0.0817854232634107,0.78913267063872,-0.8298961852966542,-0.8298961852966542
2022-11-24,2.537987679671458,0.8014438107358937,-0.438936029845892,-0.039436447788293,0.1484168804262988,0.0936066758032413,0.7718692545802528,-0.8306849607983047,-0.8306849607983047
2022-11-25,2.54072553045859,0.7589073769369414,-0.34092962331932597,-0.057239430618220004,0.1507629080407376,0.095185383937531,0.7684021333071276,-0.8360819554359438,-0.8360819554359438
2022-11-26,2.543463381245722,0.7521446608687297,-0.41866329747147496,-0.14142205293882498,0.1507150923860004,0.0929568442530502,0.7703380627304588,-0.8399774180443895,-0.8399774180443895
2022-11-27,2.546201232032854,0.7396338218346322,-0.425589514990552,-0.204307952471348,0.1517945331084114,0.0908121015791242,0.7711781458722612,-0.8415759631446722,-0.8415759631446722
2022-11-28,2.5489390828199863,0.7311587732677871,-0.360531122235905,-0.137745945178107,0.1443595707717546,0.0778221680686959,0.7890526359384736,-0.8558878124824396,-0.8558878124824396
2022-11-29,2.5516769336071183,0.7440885769534,-0.34788095579832,-0.124803411017222,0.1789666863766582,0.0832634006781789,0.7526712878609885,-0.8423504802011816,-0.8423504802011816
2022-11-30,2.5544147843942504,0.8102047635712509,-0.5003139865621951,-0.284273820886026,0.2940365963959903,0.123921453365585,0.6184793926064857,-0.7997261122529391,-0.7997261122529391
2022-12-01,2.5571526351813825,0.8102431386861948,-0.605489755717717,-0.358129192716381,0.3872129925861735,0.1336893364097679,0.5308639190321446,-0.811954095902097,-0.811954095902097
2022-12-02,2.5598904859685145,0.8120113522859056,-0.6106866201658441,-0.380014468330959,0.5233873460486095,0.1449449444858837,0.4075300592831365,-0.8052479480365449,-0.8052479480365449
2022-12-03,2.5626283367556466,0.8108565753237419,-0.742052353738806,-0.361390073276511,0.5972995719589437,0.1411131451479474,0.3458741040877581,-0.8162844496299204,-0.8162844496299204
2022-12-04,2.565366187542779,0.7495145264374484,-0.570886937090452,-0.390624989043264,0.6874939523869571,0.1508497908892125,0.265364575679001,-0.8036572958448165,-0.8036572958448165
2022-12-05,2.568104038329911,0.744574527325597,-0.504148311359945,-0.322610481413377,0.7089450480544428,0.1535230713329466,0.246371301796212,-0.8132098152736251,-0.8132098152736251
2022-12-06,2.5708418891170437,0.7472128324265299,-0.477993826988474,-0.295955986248577,0.7411478914550258,0.1613695651992451,0.2170812563381639,-0.8069056423587284,-0.8069056423587284
2022-12-07,2.5735797399041758,0.7466121777458158,-0.45586670425475995,-0.343623483058453,0.731381721048614,0.1590974487055527,0.225881796094544,-0.8215481825340696,-0.8215481825340696
2022-12-08,2.5763175906913074,0.47989175732913997,-0.442438057106038,-0.367748471403026,0.7782061674581552,0.186875406587808,0.1803460199069193,-0.7993682098873176,-0.7993682098873176
2022-12-09,2.5790554414784395,-0.3744308429448497,-0.5192225540216979,-0.357865639269582,0.7992272118872024,0.2018585228652021,0.16024508967282,-0.8056358717980832,-0.8056358717980832
2022-12-10,2.5817932922655715,-0.9144433587413984,-0.314204006528521,-0.44489058019843203,0.8143708097269049,0.2090371568930342,0.1468257921020512,-0.8063229282911735,-0.8063229282911735
2022-12-11,2.584531143052704,-0.9806472209840046,-0.139242011871821,-0.430932280955642,0.8222813754842925,0.2108927611445054,0.1402390530847863,-0.8081831285307182,-0.8081831285307182
2022-12-12,2.587268993839836,-0.9927953470217581,-0.10913572792527099,-0.40171656851242404,0.8417748908013695,0.2190465289868993,0.1235664482300974,-0.8026542200354623,-0.8026542200354623
2022-12-13,2.590006844626968,-0.9829825108369381,-0.217329714808224,-0.506710077989367,0.8615013676616782,0.263752336537497,0.1019692944518417,-0.7702448464639637,-0.7702448464639637
2022-12-14,2.5927446954141,-0.9955676916284701,-0.270955083425488,-0.52588352053549,0.8405959194674907,0.2885316099734851,0.1134109645401213,-0.7687722681042022,-0.7687722681042022
2022-12-15,2.595482546201232,-0.9587227916647049,-0.17293270121219,-0.512657796281109,0.775139341956272,0.2690626182680866,0.1643590606449976,-0.7948370713569517,-0.7948370713569517
2022-12-16,2.598220396988364,-0.8532023960053519,-0.148664080655075,-0.467953346778774,0.6468308586972725,0.208628204904778,0.2794880973249775,-0.8374308584275525,-0.8374308584275525
2022-12-17,2.6009582477754964,-0.8485677228121953,-0.18652220898175803,-0.456658661748136,0.56689889534815,0.1888429522057489,0.3513130134458236,-0.8290134634107673,-0.8290134634107673
2022-12-18,2.6036960985626285,-0.8482328430976113,-0.20854796133631298,-0.394495692821816,0.502851510914314,0.1763272570963029,0.4094876596356356,-0.831633812380252,-0.831633812380252
2022-12-19,2.6064339493497606,-0.826441415104267,-0.206677179291626,-0.392660438467603,0.4115884533462243,0.1475742103799459,0.5015771772779021,-0.8512032951314783,-0.8512032951314783
2022-12-20,2.6091718001368926,-0.8204502526659131,-0.276816522587195,-0.461467777917145,0.3748454505948548,0.1661757748801463,0.5212690077378964,-0.8236283109274147,-0.8236283109274147
2022-12-21,2.6119096509240247,-0.8850275506640553,-0.341245623214867,-0.38493474554247503,0.3357320404339316,0.1692028911228324,0.5518719003272248,-0.8293020738422303,-0.8293020738422303
2022-12-22,2.614647501711157,-0.9202929826560179,-0.260212729319445,-0.490803078184899,0.3080641715622957,0.1716215411696015,0.5731847351707605,-0.8289502027495317,-0.8289502027495317
2022-12-23,2.617385352498289,-0.9605930253371515,-0.166855603498183,-0.487872143429828,0.2829666797507033,0.1704711671743558,0.5947998132434954,-0.8313433711631664,-0.8313433711631664
2022-12-24,2.620123203285421,-0.960184198092096,-0.166855603498183,-0.494805942307062,0.2707571412720173,0.1734863944015701,0.6027291445241714,-0.8287325731462847,-0.8287325731462847
2022-12-25,2.622861054072553,-0.9622055207114646,-0.155719284648492,-0.496538308269377,0.260848900701898,0.1745862542333092,0.6101054775592135,-0.8294834986453186,-0.8294834986453186
2022-12-26,2.625598904859685,-0.9624402609560924,-0.155719284648492,-0.496538308269377,0.2635482374816695,0.1806358909639951,0.6034221422438273,-0.8252850547331096,-0.8252850547331096
2022-12-27,2.628336755646817,-0.9517254720230853,-0.167987806217121,-0.5083820811272379,0.2391939340350227,0.1693400486633052,0.6319711297311303,-0.8377351379979014,-0.8377351379979014
2022-12-28,2.631074606433949,-0.9584810151857044,-0.208099101457859,-0.48113713159092697,0.1995001144848855,0.1520591357320839,0.678776564770054,-0.8480240838662017,-0.8480240838662017
2022-12-29,2.6338124572210813,-0.9690098817427312,-0.278974289968846,-0.5788427519645241,0.1814160895026461,0.149763018915159,0.6959903128258939,-0.8430129425702297,-0.8430129425702297
2022-12-30,2.6365503080082138,-1.1048313807002583,-0.22935350402727,-0.643528812894063,0.162677590060301,0.1458052691627821,0.7152363905824117,-0.845799865779238,-0.845799865779238
2022-12-31,2.639288158795346,-1.1134840973247864,-0.115535823076728,-0.7031883195646791,0.1414520324137423,0.1399329944316955,0.7384087796186665,-0.849515782795704,-0.849515782795704
2023-01-01,2.642026009582478,-1.1160836081801895,-0.09851806586571502,-0.85431624611419,0.1356328700776762,0.1424799997462953,0.7412121014702849,-0.8452334833314712,-0.8452334833314712
2023-01-02,2.64476386036961,-1.1222404618386987,-0.09851806586571502,-0.85431624611419,0.1395207902334175,0.1482335486948304,0.7329273229247586,-0.8418254849190259,-0.8418254849190259
2023-01-03,2.647501711156742,-1.1371330318208703,-0.0028700533539469998,-0.765969220897219,0.1413154397625552,0.1665278676531031,0.7156896514344604,-0.8427385806888505,-0.8427385806888505
2023-01-04,2.650239561943874,-1.1324829818262483,-0.09877489851688,-0.863277704281053,0.1862535927262817,0.1913543945802888,0.6580324561679708,-0.8322090261906858,-0.8322090261906858
2023-01-05,2.652977412731006,-1.1363634658308752,-0.051146136215399,-0.7948470463859959,0.2387068317278367,0.201501697122147,0.6078913028578261,-0.8341847818495136,-0.8341847818495136
2023-01-06,2.6557152635181382,-1.148361939708338,-0.116080041714133,-0.774422854251393,0.4042208786195445,0.216427911472258,0.4668358904413066,-0.8277715822645568,-0.8277715822645568
2023-01-07,2.6584531143052703,-1.1911874600211936,-0.084947925757841,-0.745657260274569,0.5296207005463509,0.2241568753639029,0.3649405454522575,-0.8279954269578642,-0.8279954269578642
2023-01-08,2.6611909650924024,-1.1879459582108864,-0.08873202240615301,-0.7349273360069799,0.6472155254097632,0.2396552605873111,0.2682378194011559,-0.8204151250197942,-0.8204151250197942
2023-01-09,2.6639288158795345,-1.1848019041697064,-0.172693216368208,-0.8134144241144401,0.686148830113969,0.2564171962859056,0.2333743328528034,-0.8146834536732932,-0.8146834536732932
2023-01-10,2.6666666666666665,-1.1687312051830212,-0.14979484127423398,-0.792008978351833,0.7556852871966288,0.2861512011474009,0.1744037642767042,-0.8006925841894414,-0.8006925841894414
2023-01-11,2.6694045174537986,-1.1140254328334525,-0.184532946132902,-0.765995307256712,0.8167639653974716,0.3427946140716066,0.120423708836943,-0.7735189508920453,-0.7735189508920453
2023-01-12,2.6721423682409307,-1.0076203465642992,-0.16637846711689197,-0.710456956164772,0.8472675129844993,0.4510339851093708,0.0838449447412341,-0.7232009264953483,-0.7232009264953483
2023-01-13,2.674880219028063,-0.8392835735970202,-0.151296111170213,-0.7985957298058179,0.8816014789134075,0.59407422556073,0.0480610113645393,-0.6700766034834835,-0.6700766034834835
2023-01-14,2.6776180698151952,-0.7631260137274907,-0.22570779126396298,-0.896134419789178,0.9059059097696536,0.7568010680870455,0.0228835822433414,-0.6184476489798421,-0.6184476489798421
2023-01-15,2.6803559206023277,-0.9011580025822055,-0.23877746636763097,-0.939716827724892,0.9190181629107416,0.8299990810497289,0.013766986723455,-0.6235702582246656,-0.6235702582246656
2023-01-16,2.68309377138946,-0.8988664508503815,-0.23877746636763097,-0.939716827724892,0.9296096073409796,0.8912938719653603,0.0076518670368,-0.610401696536762,-0.610401696536762
2023-01-17,2.6858316221765914,-0.9009823149766516,-0.220630145742573,-0.9228726401126761,0.9334333286567896,0.9212475684277536,0.0052422872299483,-0.6113532816271512,-0.6113532816271512
2023-01-18,2.6885694729637235,-0.8885362435238526,-0.225362928078823,-0.95280173567715,0.9076139773425228,0.8872244633191291,0.010418883287008,-0.634496828149965,-0.634496828149965
2023-01-19,2.691307323750856,-0.9067930299197519,-0.18370718858172203,-0.985691886750189,0.9075478350743676,0.9035726220976106,0.0089149198451779,-0.6160058949363947,-0.6160058949363947
2023-01-20,2.694045174537988,-0.6776604286124367,-0.206413349682034,-0.9980583823731081,0.930020993616548,0.9506722552496436,0.0034519065647664,-0.5439395918010792,-0.5439395918010792
2023-01-21,2.69678302532512,-0.6806151331052637,-0.23173399998786998,-0.9211461746082921,0.92885304000195,0.9424906963043596,0.0040916121295494,-0.5401132998076648,-0.5401132998076648
2023-01-22,2.699520876112252,-0.6799101463493427,-0.220496162994473,-0.997263760112601,0.9257038014872024,0.9346769736589988,0.0048532525324877,-0.543246486849295,-0.543246486849295
2023-01-23,2.702258726899384,-0.6826446237657605,-0.208033574895482,-0.9857910519474861,0.9312178946590988,0.9446974354421818,0.0038038268210378,-0.5344958102500943,-0.5344958102500943
2023-01-24,2.704996577686516,-0.6596934461001014,-0.229124671228748,-1.005206922165764,0.9240022521371556,0.9303173743805976,0.0052957226122443,-0.5481872154674043,-0.5481872154674043
2023-01-25,2.707734428473648,-0.6549793935827543,-0.25596761877455804,-0.928240042921813,0.9214391701973028,0.9279657589813024,0.0056590697486363,-0.5277734536808474,-0.5277734536808474
2023-01-26,2.7104722792607805,-0.6714230758207513,-0.224611629912704,-0.917684934234996,0.9164806774307704,0.9215528788390528,0.0065518504168685,-0.5320866104153339,-0.5320866104153339
2023-01-27,2.713210130047913,-0.6904938703046046,-0.24219785577931802,-0.9780494533043991,0.9137346352442302,0.9211748810652766,0.0067998776368208,-0.5307204078987837,-0.5307204078987837
2023-01-28,2.7159479808350446,-0.6829578982807213,-0.18393645031532901,-0.9700564506268721,0.9098889139761428,0.9180535688330989,0.0073842819082287,-0.5334113670131622,-0.5334113670131622
2023-01-29,2.7186858316221767,-0.6708337615122755,-0.153593159722839,-0.899919796340602,0.9270941546797288,0.9502942433956943,0.0036238402025205,-0.5022877635173195,-0.5022877635173195
2023-01-30,2.7214236824093088,-0.5457301076866315,-0.119783414217544,-0.8686727230930349,0.9053706429932074,0.9102647620738608,0.0084915878658021,-0.5430017868193033,-0.5430017868193033
2023-01-31,2.724161533196441,-0.5474072716474918,-0.137171388619864,-0.884742743782515,0.8993781911957712,0.908225634237665,0.009234502684867,-0.5306156779544295,-0.5306156779544295
2023-02-01,2.726899383983573,-0.5411451202672352,-0.22217885403277,-0.9616927268958051,0.9162580552856412,0.9423278888325636,0.0048295747449438,-0.50631409301449,-0.50631409301449
2023-02-02,2.729637234770705,-0.5240848087510079,-0.265020735938777,-0.829202091148679,0.9050854040670088,0.9305869994209548,0.0065883069024565,-0.5176243579326609,-0.5176243579326609
2023-02-03,2.732375085557837,-0.5169165808253715,-0.127578113290616,-0.618049131076617,0.8866783315457107,0.9234007052542554,0.0086803598830096,-0.5192196316529447,-0.5192196316529447
2023-02-04,2.735112936344969,-0.5121649607096038,-0.201828134815699,-0.693552619850967,0.8574080707665899,0.9129522617201092,0.0124123049367346,-0.5248716776346729,-0.5248716776346729
2023-02-05,2.737850787132101,-0.47860217443254516,-0.092414238530511,-0.7002801236310761,0.8095165794545245,0.8857757501812153,0.021757825814723,-0.5417431221809377,-0.5417431221809377
2023-02-06,2.740588637919233,-0.4669429462738472,-0.025028351339059,-0.637028602060784,0.760113773528621,0.8607756774111529,0.0333979973788725,-0.550908432508967,-0.550908432508967
2023-02-07,2.7433264887063653,-0.4605403943622982,-0.043318921846368,-0.654196980532808,0.757826429438029,0.8776974422980905,0.0296184470875328,-0.5296238602911991,-0.5296238602911991
2023-02-08,2.746064339493498,-0.43444968330269285,0.039806180787318,-0.7280548019422011,0.7302112623232745,0.8671990368617353,0.0358282042073258,-0.5443020771521159,-0.5443020771521159
2023-02-09,2.74880219028063,-0.28457130915875967,-0.0019369085122200001,-0.740940248250964,0.6169232897779233,0.7965706369883913,0.0779290511450596,-0.5949515827499461,-0.5949515827499461
2023-02-10,2.751540041067762,-0.29380595767900075,0.042639286907815,-0.693309503950945,0.4733278119745756,0.7514611374096029,0.1308985065698347,-0.6032445967397031,-0.6032445967397031
2023-02-11,2.754277891854894,-0.3819065002779761,0.134963056568992,-0.823519262076154,0.386531754593009,0.7417266023504281,0.1584425280913849,-0.593725981616851,-0.593725981616851
2023-02-12,2.757015742642026,-0.4930799775270415,0.13992175615229602,-0.65386004505664,0.3135696440660521,0.7320349713751275,0.1839393299768217,-0.5980868185360961,-0.5980868185360961
2023-02-13,2.759753593429158,-0.6173991496342823,0.11252461450280599,-0.6791124608424121,0.2673159339738222,0.7283503403229554,0.1990333771868044,-0.5977477158736075,-0.5977477158736075
2023-02-14,2.7624914442162902,-0.6044076180747016,0.10078340894795,-0.689934531563901,0.2707383560964821,0.7505915461901084,0.1818840190288362,-0.579587331824369,-0.579587331824369
2023-02-15,2.7652292950034223,-0.2651650548516952,0.168297580436738,-0.56302255929876,0.4530537670723616,0.8752957730950541,0.0682065071358136,-0.4904705315567916,-0.4904705315567916
2023-02-16,2.7679671457905544,-0.22182616430344904,0.143568827958382,-0.52545174164485,0.4869983729231416,0.8584328137365472,0.0726241968938439,-0.5196599419609491,-0.5196599419609491
2023-02-17,2.7707049965776864,-0.20396523219253412,0.14654161694566298,-0.605156242128196,0.5765640293092033,0.8994045855409203,0.0425957169685234,-0.4812134061294717,-0.4812134061294717
2023-02-18,2.7734428473648185,-0.21123045431359946,0.17636714626848699,-0.401995981048417,0.6488876440679872,0.9238587579250008,0.0267341308885427,-0.4787989042696292,-0.4787989042696292
2023-02-19,2.7761806981519506,-0.40272320220795654,0.18135461576115502,-0.228619840459592,0.6817890197609684,0.919639464837916,0.0255716046664599,-0.4922597544516858,-0.4922597544516858
2023-02-20,2.778918548939082,-0.3886163482751785,0.18135461576115502,-0.228619840459592,0.7405901100734849,0.9438277816516836,0.0145716289786649,-0.4725203205740431,-0.4725203205740431
2023-02-21,2.7816563997262147,-0.3743651122679068,0.212724058768996,-0.19851355651304,0.75796312502408,0.935324560647528,0.0156538412285669,-0.489119796769808,-0.489119796769808
2023-02-22,2.784394250513347,-0.3700166688131666,0.239866552073866,-0.19407530968931602,0.7541510386614285,0.9180940334981064,0.0201364967919223,-0.4999450641658391,-0.4999450641658391
2023-02-23,2.7871321013004797,-0.37363915118223756,0.262951369046664,-0.169173216724062,0.7348691623793843,0.8968227771205108,0.0273554635254079,-0.5106097494721364,-0.5106097494721364
2023-02-24,2.789869952087612,-0.34397295673021244,0.351239641505527,-0.10067742821922601,0.6694170598151777,0.8468919361112781,0.0506149139263392,-0.5430143531047058,-0.5430143531047058
2023-02-25,2.7926078028747434,-0.3445630226578261,0.33091151490234105,-0.138719966544793,0.618779822052345,0.820733448729369,0.0683400265754523,-0.5446067729592592,-0.5446067729592592
2023-02-26,2.7953456536618755,-0.33342329525523284,0.321789342634812,-0.16085300811692502,0.6070563040416178,0.8278867716572041,0.0676308080683471,-0.528718000259369,-0.528718000259369
2023-02-27,2.798083504449008,-0.3335200379037934,0.268811719372712,-0.211353420909048,0.5956546909053888,0.8294528660451382,0.0689599335941786,-0.5309675743574296,-0.5309675743574296
2023-02-28,2.80082135523614,-0.36682005965468767,0.288433477151375,-0.192649167933652,0.5615513183061478,0.8105445231487398,0.0830665040651151,-0.5476686639675012,-0.5476686639675012
2023-03-01,2.803559206023272,-0.4193629963419763,0.21509626553515698,-0.31157206000168103,0.5699417587127006,0.8272672570229156,0.074285139657456,-0.5269553843460315,-0.5269553843460315
2023-03-02,2.806297056810404,-0.42317498384493935,0.286973589516599,-0.204253163259933,0.5645931477993512,0.8266573222932123,0.075474589652344,-0.5348342397826311,-0.5348342397826311
2023-03-03,2.809034907597536,-0.35032354708295205,0.32602206901458797,-0.147059310054761,0.484861885860903,0.7680000264764044,0.1195120288412654,-0.5839775926425936,-0.5839775926425936
2023-03-04,2.811772758384668,-0.35369836728218534,0.272235542316108,-0.147059310054761,0.4244285725231163,0.738182127947962,0.1506948863559516,-0.5849749045184822,-0.5849749045184822
2023-03-05,2.8145106091718,-0.3525170397963072,0.15546040639202502,-0.135900571333363,0.3846944562813486,0.727581697646222,0.1676204916487033,-0.5818880627144605,-0.5818880627144605
2023-03-06,2.817248459958932,-0.3530384603425111,0.138942900370868,-0.15194418877524202,0.3454473437878025,0.7219796567517364,0.1819789541541778,-0.5827259594641507,-0.5827259594641507
2023-03-07,2.8199863107460645,-0.36004922033090175,0.262340130749381,-0.032087234883756,0.2757775877807106,0.7081672711877247,0.2113518028249637,-0.5927058483946563,-0.5927058483946563
2023-03-08,2.8227241615331966,-0.34203818090071797,0.19687327363968998,-0.095612733422247,0.20756502843628,0.6749534877596746,0.2575782236840486,-0.6160994338849637,-0.6160994338849637
2023-03-09,2.8254620123203287,-0.20944987730737802,0.181765179142507,-0.141359496399963,0.1634391251568135,0.5872900359291716,0.3452570085995923,-0.6810320344848915,-0.6810320344848915
2023-03-10,2.8281998631074607,-0.2125245575189664,0.113141681414909,-0.12930581940996,0.1479944710200588,0.5342408979766138,0.3968293300966575,-0.6902028255445831,-0.6902028255445831
2023-03-11,2.830937713894593,-0.27836210261800615,0.131757468927327,-0.01432268892112,0.1566509599293144,0.5310599437318072,0.3954801463044736,-0.6689072986324778,-0.6689072986324778
2023-03-12,2.833675564681725,-0.0728843680098335,0.091672739825861,0.002869323617524,0.232776493022294,0.6097803092306812,0.2993857196437927,-0.597872376195534,-0.597872376195534
2023-03-13,2.836413415468857,0.18616754076534647,-0.002894796882364,-0.090866049728033,0.3823298529673377,0.755479290842538,0.1510331423778204,-0.5107219081509502,-0.5107219081509502
2023-03-14,2.839151266255989,0.19583421489940864,-0.002894796882364,-0.090866049728033,0.472540168753879,0.7931980087036965,0.10907974343051,-0.488954795815161,-0.488954795815161
2023-03-15,2.841889117043121,0.20761315971588873,0.12578646066292198,-0.060784441455357004,0.5267616434978307,0.7943658436628482,0.0973139701857038,-0.5046614923446704,-0.5046614923446704
2023-03-16,2.844626967830253,0.21862549307246512,0.115276060574864,-0.109869638377686,0.5919987134798654,0.8273023450797884,0.0704608653864565,-0.4779305860877265,-0.4779305860877265
2023-03-17,2.847364818617385,0.22238736740211285,-0.02020776445081,-0.132254939089337,0.6828500615373971,0.8981447351477968,0.0323033909799683,-0.3882225677008417,-0.3882225677008417
2023-03-18,2.8501026694045173,0.2014595373597708,-0.014442665607298,-0.101173770407283,0.7369543948738972,0.9140466357335248,0.0226096547160992,-0.4057758906229782,-0.4057758906229782
2023-03-19,2.8528405201916494,0.20124297384720183,-0.014442665607298,-0.104951674434126,0.79131455973645,0.9408000099645176,0.0123541759841523,-0.3675010722848988,-0.3675010722848988
2023-03-20,2.855578370978782,0.20765483894067474,-0.055844581903158,-0.145978324104201,0.822122618921338,0.9397062635194656,0.0107248919406044,-0.3779589287176943,-0.3779589287176943
2023-03-21,2.858316221765914,0.20119338629863984,-0.057769927844703,-0.147886218726105,0.8567063143904644,0.955346942171998,0.0063985012299101,-0.3640914948105855,-0.3640914948105855
2023-03-22,2.861054072553046,0.23366277566363053,-0.14538822716702,-0.264434400449532,0.851769924806826,0.91738026615145,0.0122467293608105,-0.3961124816302099,-0.3961124816302099
2023-03-23,2.863791923340178,0.25588650126521123,-0.158379873396576,-0.139450329950391,0.8760383677240711,0.9397721264813376,0.0074659455098815,-0.3599525398288996,-0.3599525398288996
2023-03-24,2.86652977412731,0.28781376654963564,-0.14054820181459599,-0.062637941361809,0.8713328883669788,0.91708357461679,0.0106686169609925,-0.3907918720552654,-0.3907918720552654
2023-03-25,2.869267624914442,0.2817014579593893,-0.141490989400464,-0.137719476437895,0.8678425216907809,0.9057966083244068,0.012449682692022,-0.3914590764478944,-0.3914590764478944
2023-03-26,2.8720054757015743,0.24181953767912467,-0.198649972063259,-0.15090680493918301,0.8788383319674833,0.9202907722270364,0.009657702994556,-0.3741820412444276,-0.3741820412444276
2023-03-27,2.8747433264887063,0.2842196217089805,-0.223362655125041,-0.175739865474898,0.8638036156427618,0.8930990115937619,0.0145595281051446,-0.4058874176347178,-0.4058874176347178
2023-03-28,2.8774811772758384,0.28000530805013374,-0.264233324160075,-0.216809618837771,0.8560218846916113,0.8846720199518897,0.0166047052096503,-0.4018840105304146,-0.4018840105304146
2023-03-29,2.8802190280629705,0.31386898391287354,-0.19394275483030998,-0.198625077044353,0.8796215779820713,0.924001176200666,0.0091486184841824,-0.363769132901524,-0.363769132901524
2023-03-30,2.8829568788501025,0.30762280603589975,-0.260322617091052,-0.17601248529083202,0.880174078279476,0.9178711205624114,0.0098411686784828,-0.3756683208964197,-0.3756683208964197
2023-03-31,2.8856947296372346,0.3032540537921325,-0.18855294385596602,-0.158410279173129,0.8913922511522824,0.9322379234191436,0.0073594865946934,-0.3606623307441552,-0.3606623307441552
2023-04-01,2.8884325804243667,0.29978725659303,-0.23993113132960703,-0.18385503814368298,0.8970524262190849,0.93677869604786,0.0065084798531385,-0.3637715198772451,-0.3637715198772451
2023-04-02,2.891170431211499,0.2058335109587593,-0.192307172923092,-0.17256211911539698,0.8896274469177006,0.9307537348091636,0.0076428870805265,-0.3719834269830517,-0.3719834269830517
2023-04-03,2.8939082819986317,0.21996893615708463,-0.23249142587271399,-0.212827271849574,0.8513070288637502,0.9117133822383198,0.0131275995065546,-0.3873169940811802,-0.3873169940811802
2023-04-04,2.8966461327857638,0.22072767415201905,-0.280329161814046,-0.26076131572865197,0.840751013152176,0.91699794190122,0.0132179936585149,-0.3745408886421479,-0.3745408886421479
2023-04-05,2.8993839835728954,0.22042433910110612,-0.23957834562115501,-0.23583540811520198,0.830818601699229,0.9200278848327752,0.0135297942690614,-0.3749186986109194,-0.3749186986109194
2023-04-06,2.9021218343600275,0.21588435046644516,-0.359780624213323,-0.22653106195415398,0.8067743125767676,0.9162989208615234,0.0161731985545985,-0.3804047609929633,-0.3804047609929633
2023-04-07,2.9048596851471595,0.18909170740659367,-0.36343023227267,-0.252728260844955,0.7342483732454991,0.9098002348999096,0.0239707343082228,-0.3853523525677218,-0.3853523525677218
2023-04-08,2.907597535934292,0.000876574653478994,-0.331402330707275,-0.194529729805982,0.6820017563750363,0.907410316371783,0.029443356771564,-0.3852880196286534,-0.3852880196286534
2023-04-09,2.910335386721424,-0.012914138418408822,-0.263912993680105,-0.164219185024099,0.6805394470886202,0.9213095012369732,0.0251385102437088,-0.3723274875652365,-0.3723274875652365
2023-04-10,2.913073237508556,0.025072464527253317,-0.191241151748202,-0.090803211214621,0.751044965724583,0.9562214474085804,0.010898891060925,-0.3275566082546408,-0.3275566082546408
2023-04-11,2.915811088295688,-0.1083202928291007,-0.22757743747769998,-0.127511566617947,0.7957287725560724,0.9683939312119444,0.0064562104660133,-0.3088933635087905,-0.3088933635087905
2023-04-12,2.91854893908282,-0.35860630029053164,-0.20270255840261,-0.195131057628535,0.8230911821899912,0.9710758571432396,0.0051169359189572,-0.3128468917291283,-0.3128468917291283
2023-04-13,2.921286789869952,-0.3688893833569059,-0.249999650196672,-0.33582038074709,0.8583701471163495,0.9805568373547432,0.0027537322650405,-0.3050354453580084,-0.3050354453580084
2023-04-14,2.924024640657084,-0.390092462023836,-0.296225363489794,-0.25899251302083404,0.8642301053133882,0.972469845932189,0.0037377661184928,-0.3029696560560033,-0.3029696560560033
2023-04-15,2.926762491444216,-0.4020495460649762,-0.274851098210521,-0.33225417301511506,0.8591225595821874,0.9626990910684562,0.0052548565755338,-0.3092446219613123,-0.3092446219613123
2023-04-16,2.9295003422313486,-0.7723180884429292,-0.208272688437256,-0.224296713829907,0.8551134117883025,0.9577061368596864,0.0061278135326925,-0.3101226120237399,-0.3101226120237399
2023-04-17,2.9322381930184807,-0.7357225970859586,-0.155240634901577,-0.171351446511354,0.8011872675866711,0.9253986496735912,0.0148316983001172,-0.3400036990112696,-0.3400036990112696
2023-04-18,2.9349760438056127,-0.7623106322674221,-0.188988439087365,-0.205044022885538,0.810309593471469,0.9418714439333864,0.0110264294311924,-0.3089421136018906,-0.3089421136018906
2023-04-19,2.937713894592745,-0.6048303399069048,-0.12683942429096398,-0.099999881485133,0.7113796843529693,0.8961632388217262,0.0299693987870387,-0.3628769316939202,-0.3628769316939202
2023-04-20,2.940451745379877,-0.5924966069022561,-0.13751750619435799,-0.135606504731456,0.598518473634046,0.8535555513099464,0.0587947407879033,-0.3838078652485723,-0.3838078652485723
2023-04-21,2.943189596167009,-0.5803825561835969,-0.051782978719914996,-0.132765065817295,0.4553895490818449,0.7980962928473704,0.1099588689944407,-0.4194123661155604,-0.4194123661155604
2023-04-22,2.945927446954141,-0.6311167908524693,-0.069247936499149,-0.042053819577093005,0.3837686620397382,0.7889948009472363,0.1300280161288559,-0.4004948583526477,-0.4004948583526477
2023-04-23,2.948665297741273,-0.6751239565550567,-0.12606701097095402,-0.037181728450581,0.3153167450009482,0.7762221622765678,0.1532169383291291,-0.4093571962366802,-0.4093571962366802
2023-04-24,2.951403148528405,-0.6747942609294177,-0.171645095550544,-0.083170107583425,0.2653641920806692,0.7671276147358137,0.1710763928906571,-0.4124518994536679,-0.4124518994536679
2023-04-25,2.954140999315537,-0.6504008121755688,-0.12218794634121,-0.033267744426922,0.277601553826033,0.7894767949597474,0.1520816362046419,-0.3851465771401745,-0.3851465771401745
2023-04-26,2.9568788501026693,-0.7049675785640818,-0.13513507499518201,-0.071428155512448,0.2940928280155341,0.8043586399518153,0.1381046391948087,-0.3818087851674132,-0.3818087851674132
2023-04-27,2.9596167008898013,-0.6422446016083443,-0.090793742302546,-0.086922491938057,0.3732434077162802,0.848578633377118,0.0949043397435012,-0.3462415265831886,-0.3462415265831886
2023-04-28,2.9623545516769334,-0.7138454192231688,-0.094505185743496,-0.06740938230675,0.4241226316138275,0.8651985304510932,0.0776291155384132,-0.3515239674416808,-0.3515239674416808
2023-04-29,2.965092402464066,-0.7213688483176307,-0.046015392942203,-0.038212757101482,0.4564511037791288,0.8702084662013908,0.0705480449350479,-0.3553956015496133,-0.3553956015496133
2023-04-30,2.967830253251198,-0.7332459921433137,-0.081943610358025,-0.033330453893245,0.4819884115235825,0.8726815470218554,0.0659524340695687,-0.3554397744501845,-0.3554397744501845
2023-05-01,2.97056810403833,-0.640890183400939,-0.035118583830791,0.013724084571771001,0.4263440136018945,0.8310847000737672,0.0968992729969148,-0.3972006513495962,-0.3972006513495962
2023-05-02,2.973305954825462,-0.6215952529417532,-0.053653598702193,-0.004901779306997999,0.4220316174159692,0.8304846934930866,0.0979744875250369,-0.3771737946838325,-0.3771737946838325
2023-05-03,2.976043805612594,-0.6287538952542302,-0.073464592702864,-0.07832416844902501,0.4394956389468689,0.8384077310611101,0.0905731714527181,-0.3666091100562259,-0.3666091100562259
2023-05-04,2.9787816563997263,-0.6345101143185983,-0.018702118206579,-0.05102007971040699,0.4425169449258584,0.8311440222371813,0.0941343463507474,-0.3728170226432876,-0.3728170226432876
2023-05-05,2.9815195071868583,-0.6086326205777262,-0.06283744715136699,-0.042306208949031,0.5063150287313887,0.8509162608059406,0.0736004015006363,-0.350034097643876,-0.350034097643876
2023-05-06,2.9842573579739904,-0.583876234582549,-0.059909704594368,-0.061861476440722,0.5112956608409818,0.8331262725541907,0.0815519146944063,-0.3723129330619841,-0.3723129330619841
2023-05-07,2.9869952087611225,-0.5714431930409093,-0.059909704594368,-0.07063683101613401,0.4852623024758171,0.8044707721457044,0.1006462645444014,-0.3887044614533934,-0.3887044614533934
2023-05-08,2.9897330595482545,-0.5346053057186374,-0.044195339775182,-0.054939424793203004,0.4097940885648581,0.7567123529778796,0.1435898074516016,-0.4164946806744627,-0.4164946806744627
2023-05-09,2.9924709103353866,-0.5445567231283092,-0.017678285770504,-0.028450987408916002,0.3513492853195525,0.7312731124594336,0.1743098876570406,-0.4184684083347569,-0.4184684083347569
2023-05-10,2.9952087611225187,-0.658236221870001,-0.107233228162028,-0.078216213522795,0.322802299931626,0.7169265966660618,0.1916966576882701,-0.4204972087293583,-0.4204972087293583
2023-05-11,2.9979466119096507,-0.6646223197189596,-0.013698570824746,-0.003917817446145,0.2591336238484348,0.6824637412358987,0.2352519373272854,-0.4439071254365032,-0.4439071254365032
2023-05-12,3.0006844626967832,-0.6640135550093701,0.116256187702048,0.144240176532821,0.2506089431064637,0.6566275519716528,0.257320241736084,-0.4518514843990768,-0.4518514843990768
2023-05-13,3.0034223134839158,-0.6720169707420263,0.16532998055905399,0.091400521393196,0.242945695111812,0.642790433888853,0.2704270397716856,-0.4532970585472835,-0.4532970585472835
2023-05-14,3.006160164271048,-0.6696815748381434,0.111274960064948,-0.023318875635383002,0.246097094235193,0.6423127640522107,0.2696614465360205,-0.4485084526708203,-0.4485084526708203
2023-05-15,3.0088980150581794,-0.6599844812923229,0.086656546230674,-0.047609587299565,0.2643720297320763,0.6535904337032566,0.254828566136265,-0.439499522509605,-0.439499522509605
2023-05-16,3.0116358658453115,-0.6604615539178913,0.09945785095852601,-0.034978684099917,0.2686036443662803,0.6523716557924039,0.2542541040684201,-0.4459243851216659,-0.4459243851216659
2023-05-17,3.014373716632444,-0.6823595362231295,0.076395572081675,-0.071415313023478,0.2947592184884269,0.6676777582231175,0.2343671975044065,-0.4332973263450768,-0.4332973263450768
2023-05-18,3.017111567419576,-0.733226675860424,0.179852759808814,0.014502709604207,0.2796035966735829,0.650430741543868,0.2518284365052802,-0.4548567377170069,-0.4548567377170069
2023-05-19,3.019849418206708,-0.8796040442517521,0.12062329242076701,-0.020308162308296,0.2717914713025476,0.644352637185734,0.2589854428101057,-0.4533644567585693,-0.4533644567585693
2023-05-20,3.02258726899384,-0.8937438737172305,0.133542876989045,-0.001938022885521,0.2806280429147351,0.6518369914790573,0.2504587048244043,-0.4451686010325382,-0.4451686010325382
2023-05-21,3.025325119780972,-0.9579690737606402,0.135533024705767,-0.041493806481942,0.2659925769282878,0.639065672534165,0.264928475601319,-0.4597749581686372,-0.4597749581686372
2023-05-22,3.028062970568104,-0.985249863378357,0.135533024705767,-0.041493806481942,0.2611967648827888,0.6369626949587509,0.2682131354327086,-0.4568000265696206,-0.4568000265696206
2023-05-23,3.030800821355236,-0.9742256641985282,0.164014748963918,-0.013509542927622,0.2813491433925723,0.6523671077230062,0.2498266758197792,-0.4436213835027089,-0.4436213835027089
2023-05-24,3.033538672142368,-0.9052998597535856,0.25061676899540397,0.052249726511854,0.2399580602281756,0.6209166147580725,0.2881192714545443,-0.4775373912585845,-0.4775373912585845
2023-05-25,3.0362765229295,-0.9605797881320284,0.230708664837988,0.094933226355768,0.2178822472813327,0.6114049693420057,0.3039270720958721,-0.4728316970730422,-0.4728316970730422
2023-05-26,3.0390143737166326,-0.9546099351505976,0.270030337124946,0.027906170192176998,0.2167428567471631,0.6173319466384357,0.2997274862901029,-0.4643471515300952,-0.4643471515300952
2023-05-27,3.0417522245037647,-1.0559890189093897,0.266994983691888,0.033699063360703,0.23802964140336,0.6268462777033554,0.2843320755900452,-0.4594419745367943,-0.4594419745367943
2023-05-28,3.0444900752908968,-0.9074245118067459,0.24982796904418203,0.033699063360703,0.3766678491763053,0.6850997579577864,0.196287445167075,-0.4158219644390382,-0.4158219644390382
2023-05-29,3.047227926078029,-0.9004132222999858,0.24982796904418203,0.033699063360703,0.4653259399627339,0.6992950064035932,0.1607791597996709,-0.4286731031159476,-0.4286731031159476
2023-05-30,3.049965776865161,-0.9008067781861108,0.24589358168825198,0.029847636893125,0.527557388258881,0.7044793932382847,0.1396165272818249,-0.4309216253243537,-0.4309216253243537
2023-05-31,3.052703627652293,-0.9877122473598094,0.212432514589395,0.044290302500422,0.526975175397586,0.6858587709693154,0.1485965997626263,-0.4491642918934087,-0.4491642918934087
2023-06-01,3.055441478439425,-1.010618419824439,0.156924135787361,-0.059512645878847,0.4874090436808326,0.6589834986017068,0.1748019745723677,-0.4646104216667961,-0.4646104216667961
2023-06-02,3.058179329226557,-1.0004617521097015,0.264456325441344,-0.054498490752669,0.4992401721951552,0.6644262280016031,0.1680418642817394,-0.4493831661484737,-0.4493831661484737
2023-06-03,3.060917180013689,-0.9999558875210012,0.25838215757016897,-0.05544950664585101,0.4909519317623729,0.659480566390889,0.1733407598760888,-0.4564651503293593,-0.4564651503293593
2023-06-04,3.063655030800821,-1.0469675437742874,0.27764031064247197,-0.113107352130171,0.4890578491614609,0.6589386547549003,0.1742626173074168,-0.4555032502746599,-0.4555032502746599
2023-06-05,3.0663928815879533,-0.91144823514748,0.275664552985395,-0.115007993061682,0.3931528846210142,0.5989451655668359,0.2433789693845624,-0.5075354939444789,-0.5075354939444789
2023-06-06,3.0691307323750854,-0.7175355722808543,0.288508862302052,-0.102652014110139,0.4453328457104809,0.6339321425757342,0.2030458167543789,-0.4523818438979869,-0.4523818438979869
2023-06-07,3.071868583162217,-0.6978647786969594,0.26931001810899,-0.054456836227722995,0.4099988509923629,0.6121904453656893,0.2288080828303833,-0.4863440903157041,-0.4863440903157041
2023-06-08,3.07460643394935,-0.6946453008226973,0.16725668619153,-0.145895524804045,0.3970293398927012,0.6084486162544013,0.2360939963230099,-0.4808463296018139,-0.4808463296018139
2023-06-09,3.077344284736482,-0.6946384840608234,0.204965917703436,-0.08805568231050101,0.3849798675400172,0.6053541396095262,0.2427151493321331,-0.4825364013579811,-0.4825364013579811
2023-06-10,3.080082135523614,-0.6915053283948269,0.146972372710358,-0.139960129276215,0.3234653952879742,0.5761583464293626,0.2867435455589025,-0.5072029952323103,-0.5072029952323103
2023-06-11,3.082819986310746,-0.6922645661796921,0.085702887690157,-0.091848365413846,0.2847471782985937,0.5654685526442464,0.3107998438391988,-0.5043920456356954,-0.5043920456356954
2023-06-12,3.0855578370978782,-0.6922636551787489,0.092520154403845,-0.08515111157989899,0.2525665562094654,0.558468263366356,0.3300155864548998,-0.5064666692876756,-0.5064666692876756
2023-06-13,3.0882956878850103,-0.6944973772841905,0.06427698001103001,-0.112897086019382,0.2297847420441019,0.5556813125120073,0.3422210324981904,-0.5064616293428195,-0.5064616293428195
2023-06-14,3.0910335386721424,-0.6559999880449893,0.056624214519835,-0.128413642308096,0.1880985125337891,0.5193916402986253,0.3902066421302418,-0.538175292617856,-0.538175292617856
2023-06-15,3.0937713894592744,-0.6354102071886973,-0.0429012112408,-0.331376624596164,0.1946677081152904,0.5210984660647783,0.3856748699111551,-0.5209664227839408,-0.5209664227839408
2023-06-16,3.0965092402464065,-0.5986511191173405,-0.05637579871153,-0.318001182462243,0.2512517571462704,0.5549590435025786,0.3332236341753873,-0.4926543260670382,-0.4926543260670382
2023-06-17,3.0992470910335386,-0.6161507585430362,-0.123575859883129,-0.285822293857829,0.3062908522445191,0.5799409801892327,0.2913987846399301,-0.4863544521170304,-0.4863544521170304
2023-06-18,3.10198494182067,-0.6146337685283157,-0.087208713478525,-0.21801479626861497,0.3355709247554361,0.5847648363880086,0.2758943157677406,-0.4935867124132365,-0.4935867124132365
2023-06-19,3.1047227926078027,-0.5988533316884451,-0.087208713478525,-0.21801479626861497,0.409784681126169,0.609801375981756,0.230301205299058,-0.474870385005083,-0.474870385005083
2023-06-20,3.1074606433949348,-0.47298885201928287,-0.063953105836414,-0.195066062326416,0.5530592876572675,0.6872055167479775,0.1398005891615358,-0.422022567252208,-0.422022567252208
2023-06-21,3.1101984941820677,-0.3339116255307626,-0.109495861127274,-0.147683282030073,0.6349117289568452,0.8006089924893547,0.0727953181936141,-0.3644701521708491,-0.3644701521708491
2023-06-22,3.1129363449692,-0.3363322458772847,-0.10629031759852499,-0.11679528014422799,0.691460467078916,0.8522561442982652,0.0455848202301732,-0.369026224252325,-0.369026224252325
2023-06-23,3.1156741957563314,-0.3771033972672432,-0.09529289340511501,-0.16722407782930102,0.7422743838985574,0.8966215044875548,0.0266432864475851,-0.3439164944784085,-0.3439164944784085
2023-06-24,3.1184120465434635,-0.37289861148660175,-0.12570747242132302,-0.145565664596848,0.7748187878581458,0.9125644992268112,0.0196888320483366,-0.349441595027125,-0.349441595027125
2023-06-25,3.121149897330596,-0.37175498335108514,-0.12570747242132302,-0.07810216620810101,0.7966319094895599,0.9176267229566608,0.0167520960613913,-0.3524139762505278,-0.3524139762505278
2023-06-26,3.123887748117728,-0.3664098571575216,-0.145859001671644,-0.098350848719575,0.8050609600916219,0.9112671882384668,0.0172974891331641,-0.360022898926239,-0.360022898926239
2023-06-27,3.12662559890486,-0.4370726831831908,-0.16505145723194,-0.117635833716422,0.8271977407519517,0.9258164869459036,0.0128190786547049,-0.3470735179369679,-0.3470735179369679
2023-06-28,3.129363449691992,-0.4238617725645421,-0.124747666613979,-0.035824469554667004,0.8209740183759441,0.9075021823395124,0.0165595126047517,-0.3676007357687005,-0.3676007357687005
2023-06-29,3.132101300479124,-0.4211279305324202,-0.079677627497755,0.007746871974164999,0.8299244477029736,0.913611451349092,0.0146925801239417,-0.3564616330181813,-0.3564616330181813
2023-06-30,3.134839151266256,-0.4412066367454305,-0.135160663040607,0.054714723628438995,0.8378470161677383,0.91651348701844,0.0135375871897108,-0.3561405335119492,-0.3561405335119492
2023-07-01,3.137577002053388,-0.45775203055496283,-0.062764958652749,0.037062799896301,0.8480676068341461,0.9217207554842524,0.0118931529544925,-0.3531734752741133,-0.3531734752741133
2023-07-02,3.14031485284052,-0.46376129252072673,-0.106709576694744,-0.020364534414214,0.8568969484454507,0.9202763873071668,0.0114086922572974,-0.3528987676139472,-0.3528987676139472
2023-07-03,3.143052703627652,-0.46114278208682097,-0.09901930518525301,-0.012607145010653999,0.8838329628558814,0.9444404657052696,0.0064541864841258,-0.3362961359474781,-0.3362961359474781
2023-07-04,3.1457905544147846,-0.44853313526430505,-0.09901930518525301,-0.012607145010653999,0.8896677066937753,0.9310089454619036,0.007611941264803,-0.3492608589075239,-0.3492608589075239
2023-07-05,3.1485284052019167,-0.593933012997482,-0.060576658982495,0.049582163445871,0.8840543384659069,0.904412848994212,0.0110829154575253,-0.3585798946929994,-0.3585798946929994
2023-07-06,3.1512662559890487,-0.7022836175593878,-0.09219236625314599,0.072244250860571,0.8506597856050598,0.8358367964532283,0.024516168013435,-0.3793087043855934,-0.3793087043855934
2023-07-07,3.154004106776181,-0.7742679135375672,-0.17579268567517,-0.036048592048154,0.8351249922186972,0.8340367802267156,0.0273631871515303,-0.3656558782752359,-0.3656558782752359
2023-07-08,3.156741957563313,-0.7721723815249585,-0.103541681124668,0.012727359917248,0.8196378155625363,0.8294053096070432,0.0307688310127064,-0.3680122341383889,-0.3680122341383889
2023-07-09,3.159479808350445,-0.7698018154996823,-0.12456556063527101,-0.023412885392892,0.8021305815440496,0.8179864121615776,0.0360149227766696,-0.372737447098812,-0.372737447098812
2023-07-10,3.162217659137577,-0.8184037663527892,-0.153533833079807,-0.052677875746185,0.7970412195442147,0.8305300427491683,0.0343954158475228,-0.3654256160770686,-0.3654256160770686
2023-07-11,3.164955509924709,-0.818553090743496,-0.176708598377937,-0.07609001688052801,0.7817440894674532,0.8522966831835146,0.0322371219004592,-0.3593815087905643,-0.3593815087905643
2023-07-12,3.167693360711841,-0.8113731279688657,-0.300106213719789,-0.15378585083184199,0.6926878840729677,0.8459723902146529,0.0473345506743183,-0.3676139670555116,-0.3676139670555116
2023-07-13,3.170431211498973,-0.7632953436343165,-0.34546156583472204,-0.179151467706609,0.7313011349538147,0.8988697615589939,0.0271735802909484,-0.3332949332651242,-0.3332949332651242
2023-07-14,3.1731690622861053,-0.7364639747501955,-0.300941501779736,-0.190475683954443,0.6313251461290544,0.8439500638553676,0.0575316874046927,-0.3709634336518164,-0.3709634336518164
2023-07-15,3.1759069130732374,-0.7414474877074712,-0.216411968765506,-0.187585546890541,0.5520231943096887,0.8137639913201715,0.0834294122729026,-0.3729370366130027,-0.3729370366130027
2023-07-16,3.178644763860369,-0.7712696941620371,-0.233626521832968,-0.187585546890541,0.4872769964523921,0.7953453518181783,0.1049311459057625,-0.3751885071353964,-0.3751885071353964
2023-07-17,3.181382614647501,-0.7680467779732876,-0.24046985732957898,-0.194461143475552,0.4270605121138226,0.7787796813715563,0.1267458560649975,-0.3793140340525465,-0.3793140340525465
2023-07-18,3.184120465434634,-0.7637235162923935,-0.230694089926619,-0.184639290812484,0.3535242463089193,0.7498817800258399,0.1616953647696666,-0.3896569381877253,-0.3896569381877253
2023-07-19,3.186858316221766,-0.7773100337960054,-0.19745886727285,-0.224215540134793,0.3047226996870452,0.7395199382533019,0.181105874116596,-0.3884372595237515,-0.3884372595237515
2023-07-20,3.189596167008898,-0.9342553517531857,-0.161888399384441,-0.12915848671627,0.2546246998023252,0.7256528150369814,0.2044916153501969,-0.3932170144417863,-0.3932170144417863
2023-07-21,3.19233401779603,-1.1764676115957753,-0.097971980306639,-0.042364562086283,0.2299745803415155,0.7270363927058696,0.2101889162581565,-0.3900047930875967,-0.3900047930875967
2023-07-22,3.1950718685831623,-1.1759594430548235,-0.1289188106937,0.005939764114926,0.1963257777104739,0.7179708335394608,0.2266595710181371,-0.3952882493706156,-0.3952882493706156
2023-07-23,3.1978097193702943,-1.224729673830486,-0.17784274090554197,-0.047267685131325995,0.2057131965097456,0.7357211403476269,0.2099132106633329,-0.3855396472837693,-0.3855396472837693
2023-07-24,3.2005475701574264,-1.1524167070526257,-0.150631975585344,-0.019695181844038,0.1753441423810309,0.6799263435557391,0.2639506156562812,-0.4168518031982664,-0.4168518031982664
2023-07-25,3.2032854209445585,-1.1516396793018637,-0.150631975585344,-0.019695181844038,0.1569484925526517,0.6556253616299159,0.2903255580045348,-0.4158025352970647,-0.4158025352970647
2023-07-26,3.2060232717316905,-1.1517358229068073,-0.175285130875798,-0.11851117556866,0.1542257356502575,0.6525653445539842,0.2938512901194602,-0.4121285042347171,-0.4121285042347171
2023-07-27,3.2087611225188226,-1.1691060396509345,-0.070250876740201,0.001965272045838,0.1396600440921,0.6407548703619835,0.3090729389928989,-0.4177332077669877,-0.4177332077669877
2023-07-28,3.2114989733059547,-1.1958549756238108,-0.125352334041582,-0.034323670680708,0.1381583728399937,0.6425845101698168,0.3080355473274357,-0.4147032046360603,-0.4147032046360603
2023-07-29,3.2142368240930868,-1.2096369684991957,-0.166440260524561,-0.021601885233643002,0.1403019968584926,0.6461835262148816,0.3041753159916358,-0.4140988383085648,-0.4140988383085648
2023-07-30,3.216974674880219,-1.2099072660907533,-0.125352334041582,-0.019642206721823,0.1348261105750074,0.6421682036919074,0.3095867269718041,-0.4175596745294783,-0.4175596745294783
2023-07-31,3.2197125256673518,-1.2121731665300848,-0.10203119370254299,0.003928591204795,0.1267961227472011,0.6369401472156597,0.3170252711261163,-0.4197800488902476,-0.4197800488902476
2023-08-01,3.2224503764544834,-1.1896239292295943,-0.059275151942898,0.047142345155396996,0.1757551684610254,0.6660775096438588,0.2752338868106724,-0.4053351979964272,-0.4053351979964272
2023-08-02,3.2251882272416155,-1.1979508712700515,-0.038838871169605,0.122348089041772,0.1710037691787877,0.6433262900095588,0.2956811612150939,-0.4238148075931729,-0.4238148075931729
2023-08-03,3.2279260780287475,-1.206184393929572,-0.043693267072149,0.066758325260276,0.1728353183811549,0.6338545835212683,0.3028625568478295,-0.423570727070766,-0.423570727070766
2023-08-04,3.23066392881588,-1.2099736135914323,-0.130599406756838,0.054202760988146,0.1881858354542148,0.6216666347170685,0.3071363848569584,-0.4278304669202484,-0.4278304669202484
2023-08-05,3.233401779603012,-1.2407429160454675,-0.111466661460606,0.051231196361223,0.1952106331790983,0.6132951015195505,0.311215990394622,-0.42959797819673,-0.42959797819673
2023-08-06,3.236139630390144,-1.262609488411638,-0.02444509711607,0.034424951354821,0.2036958920690125,0.6090899911182395,0.3112832459038847,-0.4302741522465467,-0.4302741522465467
2023-08-07,3.238877481177276,-1.2591916742341833,-0.021511058817807998,0.037376304677512,0.2309789743166001,0.6168717015294244,0.2946337170581778,-0.4261784307372132,-0.4261784307372132
2023-08-08,3.241615331964408,-1.2218294268200371,0.025423109882158,0.08458745213336799,0.3388140237568738,0.6624388489149436,0.2231906992219264,-0.407014988922187,-0.407014988922187
2023-08-09,3.24435318275154,-1.2251612717918545,0.050995060982779,0.033284026706987,0.3892176841816778,0.6706871553765501,0.20113846186783,-0.4145695134499849,-0.4145695134499849
2023-08-10,3.247091033538672,-1.229674725436696,0.077655879294626,0.054923260457251,0.4073172463686843,0.66541300384811,0.1983039422085326,-0.4197150699550782,-0.4197150699550782
2023-08-11,3.249828884325804,-1.2331824760586667,0.230799818175704,0.148016583205574,0.4161302327557219,0.6605046316705926,0.1982210816870015,-0.421471007884806,-0.421471007884806
2023-08-12,3.252566735112936,-1.3618261404367193,0.307707707539306,0.14201132054659701,0.425466103727059,0.6593507944382674,0.1957145153336642,-0.4215223843957503,-0.4215223843957503
2023-08-13,3.2553045859000687,-1.5038516934291657,0.29326319371284704,0.161051009600101,0.4220574611146623,0.6492937426031458,0.2026880648029126,-0.4267238540607536,-0.4267238540607536
2023-08-14,3.2580424366872007,-1.5001646617767281,0.32829533170568803,0.195633176054177,0.4401503229617505,0.6532094291590255,0.1941505890852297,-0.4231167445705885,-0.4231167445705885
2023-08-15,3.260780287474333,-1.4938972541785165,0.330296797258029,0.197608933711257,0.4145536539526051,0.638202479270922,0.2118130365198453,-0.4319099821445409,-0.4319099821445409
2023-08-16,3.263518138261465,-1.4673402977892578,0.35857391450003895,0.20222899939029398,0.3182774989219747,0.5973125752707533,0.274521078339091,-0.4487556113643567,-0.4487556113643567
2023-08-17,3.266255989048597,-1.0205753898501144,0.35021011752045905,0.17709593295620601,0.3045387793795043,0.4317110331015512,0.3952229385843556,-0.5229791867827895,-0.5229791867827895
2023-08-18,3.268993839835729,-0.9974165512454877,0.309134275215117,0.187228402998917,0.2619866953320089,0.3050907043470905,0.5128523057293097,-0.5468958365279608,-0.5468958365279608
2023-08-19,3.271731690622861,-0.9946680690731515,0.24781919786534198,0.129335658083507,0.2325187058178769,0.2451043340716427,0.5793683026591713,-0.5456897650406809,-0.5456897650406809
2023-08-20,3.274469541409993,-0.9950519293594658,0.22855422633508,0.0681726671369,0.2153141621441111,0.2217645820274632,0.610670311000908,-0.542702919774996,-0.542702919774996
2023-08-21,3.277207392197125,-0.9948066541218087,0.223607612847969,0.063303615499319,0.198979143876119,0.2054317362780068,0.6364657508554566,-0.5457875589542489,-0.5457875589542489
2023-08-22,3.2799452429842573,-1.0105519013649986,0.246363695586027,0.085702887690157,0.1818783376617446,0.1906756174433223,0.6621258092281512,-0.549913631345964,-0.549913631345964
2023-08-23,3.2826830937713893,-1.034304825981101,0.19832285806533098,0.090793742302546,0.1900264513317674,0.2117972415669369,0.6384233853181178,-0.5352549459030449,-0.5352549459030449
2023-08-24,3.2854209445585214,-1.03299158328964,0.259497278974705,0.138456106878177,0.1820181291969049,0.2031722022704195,0.6517906926947524,-0.5460764865207857,-0.5460764865207857
2023-08-25,3.288158795345653,-1.03781050523823,0.316186188988474,0.116641194563877,0.1699971726466888,0.1906867172979448,0.6717323128572954,-0.5510487827948491,-0.5510487827948491
2023-08-26,3.290896646132785,-1.0374591866973168,0.22698292858258098,0.048271866302487004,0.1589256842661461,0.1816505348935582,0.6882927163955658,-0.5531317142394077,-0.5531317142394077
2023-08-27,3.293634496919918,-1.038082272917376,0.242078234401088,0.085271793491799,0.1548814967932811,0.1829202764117271,0.6905291929994808,-0.5505916405410805,-0.5505916405410805
2023-08-28,3.29637234770705,-1.0385413263118481,0.24010969750675099,0.083333394940203,0.1527113027424791,0.1847277434319744,0.6907709681777218,-0.5505392140152292,-0.5505392140152292
2023-08-29,3.299110198494182,-0.7816351328874346,0.18992326835384402,0.033915321111019,0.2382589677434661,0.3011482125320785,0.5323440819801383,-0.490909285934789,-0.490909285934789
2023-08-30,3.3018480492813143,-0.7709441694979521,0.127626452382496,-0.0038753185383220002,0.2889977062829815,0.3287110448017328,0.4772879868928687,-0.5071519411867254,-0.5071519411867254
2023-08-31,3.3045859000684463,-0.6624623952419593,0.129032224383844,0.012562072228821,0.2474671581387622,0.245176991071421,0.5680291040112739,-0.5590527741215983,-0.5590527741215983
2023-09-01,3.3073237508555784,-0.672227932586896,0.16083454379357298,0.033689332580354996,0.2110861452422555,0.1940939053988788,0.63579048366453,-0.5646751556998666,-0.5646751556998666
2023-09-02,3.3100616016427105,-0.6711534440345964,0.165788661309125,0.002878685304712,0.1877603581929602,0.1734027862614655,0.6713950248056842,-0.5626090228203893,-0.5626090228203893
2023-09-03,3.3127994524298425,-0.6679139694732882,0.21760451810934198,0.002878685304712,0.1761278090215799,0.1702371173766167,0.6836185640994964,-0.5592922765976027,-0.5592922765976027
2023-09-04,3.3155373032169746,-0.6680535355532697,0.21760451810934198,0.002878685304712,0.1596811227765894,0.1574570045376293,0.7080047839593884,-0.5659281795950424,-0.5659281795950424
2023-09-05,3.3182751540041067,-0.6684973120855532,0.273475887799587,0.057575902446246996,0.1467972075406717,0.1487559899514048,0.7262837664377378,-0.5677502259827634,-0.5677502259827634
2023-09-06,3.3210130047912387,-0.6721928214351198,0.275354970559735,0.062374199365649,0.1389619273519031,0.14249977019682,0.7383403451650302,-0.5693516946465529,-0.5693516946465529
2023-09-07,3.323750855578371,-0.675007112757609,0.246756930597735,0.08543720891739101,0.1846828787361165,0.1740684580434719,0.6733961271490368,-0.5511956258567423,-0.5511956258567423
2023-09-08,3.326488706365503,-0.6714504831696253,0.25368314258109803,0.073811028117229,0.1883012120108972,0.1660160881532076,0.6769437304484521,-0.5645932427535474,-0.5645932427535474
2023-09-09,3.3292265571526354,-0.6706148615785332,0.250682772042212,0.147740325933398,0.1901002612145214,0.1612790532553077,0.6792798756824355,-0.565544062850103,-0.565544062850103
2023-09-10,3.3319644079397674,-0.670985258053433,0.218786472201673,0.1028648076673,0.1856320298429224,0.1543895134070695,0.6886380955102234,-0.5685606839334376,-0.5685606839334376
2023-09-11,3.3347022587268995,-0.647892533409593,0.16822281393802302,0.052874742309894,0.1576123102143006,0.1032363856799386,0.7554226293509504,-0.5953669537718245,-0.5953669537718245
2023-09-12,3.337440109514032,-0.597975950248973,0.18183613508094099,0.066333634269757,0.1896745025427419,0.1254477814543463,0.7086719615453555,-0.5696240995821,-0.5696240995821
2023-09-13,3.340177960301164,-0.5827751176048002,0.153115046446221,0.074038138756384,0.2449790876322259,0.164696624593746,0.6306715166031112,-0.5550225901099672,-0.5550225901099672
2023-09-14,3.342915811088296,-0.5720907035249739,0.21315808518088597,0.122923887683998,0.3110970933174981,0.2065053260813502,0.5466407872996418,-0.5438017958215102,-0.5438017958215102
2023-09-15,3.345653661875428,-0.5795853689060547,0.183717033409251,0.117195123783446,0.3661476611403473,0.2323274559228238,0.4865910375416578,-0.5417858417292631,-0.5417858417292631
2023-09-16,3.34839151266256,-0.8714567718681436,0.181747603349382,0.191600873533959,0.4042374558994108,0.2423590775442815,0.451374083476936,-0.5438854032264313,-0.5438854032264313
2023-09-17,3.351129363449692,-0.9065501339254592,0.187657428220924,0.169949997848797,0.4301066928090482,0.2449456407482145,0.430300425902945,-0.5457476591145163,-0.5457476591145163
2023-09-18,3.353867214236824,-0.9029743552752886,0.17604950117795198,0.158362246843482,0.4669263865879642,0.2619210404937772,0.3934504179273778,-0.5380705375977399,-0.5380705375977399
2023-09-19,3.356605065023956,-0.8873185512217385,0.17604950117795198,0.158362246843482,0.5516904176283753,0.302959210991533,0.3124900650163735,-0.5217340906446601,-0.5217340906446601
2023-09-20,3.359342915811088,-0.8871125033923792,0.177102661243224,0.147641266934508,0.6289074957246118,0.317841595675238,0.2531438705733787,-0.5252376079677177,-0.5252376079677177
2023-09-21,3.36208076659822,-0.8581482488433891,0.173812581517236,0.19547168028302803,0.6316725297888938,0.2850699449568398,0.2633283785519341,-0.54683484354676,-0.54683484354676
2023-09-22,3.3648186173853527,-0.8717888906353619,0.214783398567508,0.249490305943822,0.6349125845799684,0.2695345510896851,0.2666837427963,-0.5469622067675264,-0.5469622067675264
2023-09-23,3.3675564681724848,-0.8788167680151547,0.153875593620509,0.33881697918270304,0.6373252583993256,0.2617541902278185,0.2677431082969065,-0.5475448352199379,-0.5475448352199379
2023-09-24,3.370294318959617,-0.8703002461572298,0.14411990522779,0.32062548205764796,0.607615451736911,0.2348806499203293,0.3002210105483598,-0.5603218105672791,-0.5603218105672791
2023-09-25,3.373032169746749,-0.8704077834332543,0.184473302763956,0.361681020319248,0.5894033368665184,0.2244118313998417,0.3184539139930331,-0.5593040448675186,-0.5593040448675186
2023-09-26,3.375770020533881,-0.8702110564561818,0.206572010766186,0.384164241245177,0.567806833971672,0.2133895894192359,0.3399676437797434,-0.5629622904573903,-0.5629622904573903
2023-09-27,3.378507871321013,-0.8687134968127647,0.250816900978874,0.42717448551556403,0.5648465639852448,0.2175307475741985,0.3404941837689843,-0.5583762217347576,-0.5583762217347576
2023-09-28,3.381245722108145,-1.0741780176833773,0.257846266562713,0.358884364376725,0.6279809401577244,0.26725680211678,0.272594435582338,-0.5338976520973517,-0.5338976520973517
2023-09-29,3.383983572895277,-1.0901981822824691,0.29177921674905,0.40168496976384405,0.664600082930933,0.2842944958535989,0.2400475667365777,-0.5385515505897196,-0.5385515505897196
2023-09-30,3.386721423682409,-1.319599617415766,0.24609103983520098,0.36917656038964997,0.6975555521652591,0.2968173706861887,0.2126736820497969,-0.5370477007571797,-0.5370477007571797
2023-10-01,3.3894592744695413,-1.21166892372823,0.185149687713741,0.317783925614814,0.768074470128679,0.3754590031659452,0.1448470016171011,-0.5006788885520059,-0.5006788885520059
2023-10-02,3.3921971252566734,-1.1819185678212216,0.255180709576157,0.388726913574828,0.7543833860983079,0.3825051719222713,0.1516669887742592,-0.517593383051647,-0.517593383051647
2023-10-03,3.394934976043805,-1.1795965596036708,0.264773809745997,0.39844493812664905,0.7177089664381477,0.3788455823356338,0.1753463225639843,-0.5218539135203919,-0.5218539135203919
2023-10-04,3.397672826830937,-1.1747234287391917,0.245587609406316,0.4002337630381,0.7182991244640994,0.4033374145815556,0.1680803727118898,-0.509077146102797,-0.509077146102797
2023-10-05,3.40041067761807,-1.1543309162705064,0.145024740756354,0.37467109447980496,0.6801307955293612,0.3821986500947452,0.1976156263150806,-0.5235585057713692,-0.5235585057713692
2023-10-06,3.403148528405202,-1.1326643745286782,0.112531022154056,0.304148978917042,0.7049366505265025,0.4101728968488206,0.1740363606660371,-0.5049900869900465,-0.5049900869900465
2023-10-07,3.405886379192334,-1.1537849386390016,0.093280352151827,0.261273918455398,0.7257804975716542,0.425775467694026,0.1574635655310937,-0.5047979548362385,-0.5047979548362385
2023-10-08,3.4086242299794662,-1.171566771981743,0.09039914461336601,0.304148978917042,0.7380152623622557,0.4311254945769432,0.149036438052061,-0.5066073913923663,-0.5066073913923663
2023-10-09,3.4113620807665983,-1.153810595079882,0.094205493164252,0.308035959201162,0.7118093895715699,0.4082774877501254,0.1705288720095355,-0.5198593993501,-0.5198593993501
2023-10-10,3.4140999315537304,-1.1488265639834934,0.070416359211276,0.283742888449669,0.6727571838456916,0.3828607416507725,0.2019543888615824,-0.5274555760111177,-0.5274555760111177
2023-10-11,3.4168377823408624,-1.1779519679216623,0.11953715249574301,0.274784143096895,0.5913434569711261,0.332551935091484,0.2727570188568256,-0.5471101329086814,-0.5471101329086814
2023-10-12,3.4195756331279945,-1.2266969117354227,0.17763352369538601,0.347606748743714,0.5185511901423119,0.2989345900746237,0.3375271072409647,-0.5520252695398487,-0.5520252695398487
2023-10-13,3.4223134839151266,-1.2437987667553274,0.179441151383956,0.317306635595044,0.4745869323391791,0.2897939025408865,0.3731515643374127,-0.5486591955222373,-0.5486591955222373
2023-10-14,3.425051334702258,-1.2550893788699038,0.117635691176363,0.33730768815512796,0.4415464845187337,0.2851750442820867,0.3991965094744092,-0.5492554163997081,-0.5492554163997081
2023-10-15,3.4277891854893907,-1.2455318437748863,0.126281982046003,0.428278578916865,0.4467647878319984,0.3045053482378679,0.3847721312293335,-0.5388031090786711,-0.5388031090786711
2023-10-16,3.430527036276523,-1.0643159010438639,0.087352655868884,0.38818826156403,0.5159230023348349,0.4129336643819903,0.2841853091762563,-0.4905605090873202,-0.4905605090873202
2023-10-17,3.433264887063655,-1.062643270772445,0.088302345980872,0.38916627433011897,0.5595904728404993,0.4596147418121849,0.2379908160424603,-0.4948125877270399,-0.4948125877270399
2023-10-18,3.436002737850787,-1.0634748386137953,0.130228401741878,0.45111291743195003,0.5799890136132128,0.4766069748462635,0.2198308207627853,-0.4984992621551569,-0.4984992621551569
2023-10-19,3.4387405886379194,-1.069895029671312,0.09981017891800699,0.44431303390479504,0.621983299065009,0.5135351370293416,0.1838918426209607,-0.4853899184695756,-0.4853899184695756
2023-10-20,3.4414784394250515,-1.004359625879717,0.09509318801596,0.561083088678355,0.6867945417075058,0.6019521505523929,0.1246707591085795,-0.4530413150690293,-0.4530413150690293
2023-10-21,3.444216290212184,-1.045816029738954,0.075930433477922,0.64047381317488,0.7403537321892852,0.6632622994301718,0.0874326871841179,-0.4457820489522035,-0.4457820489522035
2023-10-22,3.446954140999316,-1.0465729739574492,0.054934819188845005,0.625562983776597,0.7855835362627147,0.6993997951677744,0.0644536329188294,-0.4439053869505702,-0.4439053869505702
2023-10-23,3.449691991786448,-0.5453553423575913,-0.0037886829734420004,0.563506860880351,0.7980911384678632,0.7816816775163232,0.044080403944285,-0.3464925122427704,-0.3464925122427704
2023-10-24,3.45242984257358,-0.5520174243862075,0.065352794094077,0.6365721897545109,0.8122296147910493,0.8297405675793652,0.0319696792110799,-0.3228764867820768,-0.3228764867820768
2023-10-25,3.455167693360712,-0.5507513160729309,0.049999884839326,0.6700723844945999,0.8403289632201693,0.8831870833065678,0.0186516395177163,-0.3060337091417136,-0.3060337091417136
2023-10-26,3.457905544147844,-0.5400389240522431,0.0348296249172,0.666399426657964,0.8513311016673571,0.8929745660173323,0.0159113533637762,-0.3168480871864396,-0.3168480871864396
2023-10-27,3.460643394934976,-0.5282908176305954,-0.010312235140131,0.626246395666432,0.8524003148565297,0.8857917734161224,0.0168570982845744,-0.3248261188948049,-0.3248261188948049
2023-10-28,3.463381245722108,-0.5420625521845083,0.032008692711665995,0.563045247801428,0.8584329936994046,0.8909954374188783,0.0154314495977152,-0.320266450848365,-0.320266450848365
2023-10-29,3.46611909650924,-0.5480332294949287,0.03673348369356,0.5431876798601281,0.8760190813776567,0.9155591209274104,0.0104690577566978,-0.3079201880918951,-0.3079201880918951
2023-10-30,3.468856947296372,-0.5456361119790752,-0.004708997195584,0.499654008806378,0.8881577651729173,0.9260740006295084,0.0082680489814213,-0.3097012582614251,-0.3097012582614251
2023-10-31,3.471594798083504,-0.5881880689881177,0.046152915288205996,0.553082416559205,0.9020748537824288,0.9394241878332676,0.0059318952636754,-0.3056557596185012,-0.3056557596185012
2023-11-01,3.4743326488706368,-0.6075858009627929,-0.0018713070323110002,0.545633829556386,0.9240288345908564,0.9654339790369104,0.0026260208961228,-0.2844548125323207,-0.2844548125323207
2023-11-02,3.477070499657769,-0.5891415129494716,-0.08224273396429499,0.47064670392460994,0.916444507880411,0.9380562963313214,0.0051757366437464,-0.2993778936410791,-0.2993778936410791
2023-11-03,3.479808350444901,-0.5813044201563794,-0.166667261968967,0.409356455387361,0.904728056720044,0.9149986442763114,0.0080982443412266,-0.3060257711765022,-0.3060257711765022
2023-11-04,3.482546201232033,-0.6050630611691338,-0.123201840066711,0.319347558927272,0.9055386510086,0.91938817674573,0.0076147015692546,-0.2967457227815089,-0.2967457227815089
2023-11-05,3.485284052019165,-0.6076123455060947,-0.096190519016826,0.334579197460089,0.9043943020409884,0.9200888029524869,0.0076399657684676,-0.2984238224394921,-0.2984238224394921
2023-11-06,3.488021902806297,-0.6067582463719713,-0.077329280247502,0.35426081251923097,0.9000463258112295,0.9198938535834306,0.0080069036594397,-0.2995064675150054,-0.2995064675150054
2023-11-07,3.490759753593429,-0.6101171888425269,-0.047152017699274004,0.385750645837013,0.9096620890955874,0.9382771866551366,0.0055759100127179,-0.2887279891842791,-0.2887279891842791
2023-11-08,3.493497604380561,-0.6325247617967158,-0.046192070579376,0.36618846506859304,0.9213995228847908,0.9538124493832664,0.0036303635152581,-0.2835238099199628,-0.2835238099199628
2023-11-09,3.4962354551676933,-0.6262249404021132,0.0075594660937840005,0.352883724600197,0.9079883201254416,0.9294632992153884,0.0064902003320011,-0.2556020096074327,-0.2556020096074327
2023-11-10,3.4989733059548254,-0.6697958672300294,0.0037800903083250004,0.318744944847335,0.9128643931033764,0.9411747512203948,0.0051257737532557,-0.2396049640759709,-0.2396049640759709
2023-11-11,3.501711156741957,-0.6691646391660993,-0.066622791264504,0.323776054728071,0.910635003206842,0.9402622986481846,0.0053384594897356,-0.2451079769459401,-0.2451079769459401
2023-11-12,3.504449007529089,-0.6625522499761879,-0.07407415885837,0.376397186202626,0.9051373908438548,0.9365923334780633,0.0060150166867736,-0.2481347887023766,-0.2481347887023766
2023-11-13,3.5071868583162216,-0.634041866347098,-0.0928268025884,0.35679348547502204,0.858299904388327,0.9135136712160836,0.0122551210577835,-0.263912345674214,-0.263912345674214
2023-11-14,3.509924709103354,-0.5664405675118125,-0.238162295282386,0.204862187419725,0.7612997442777456,0.8648583911995327,0.0322583365793884,-0.2914415801184873,-0.2914415801184873
2023-11-15,3.512662559890486,-0.4972774124880291,-0.174133896020339,0.229298997345823,0.8163402240411344,0.929195014452657,0.0130040277823957,-0.2283835251928216,-0.2283835251928216
2023-11-16,3.515400410677618,-0.36340632645909104,-0.176940917968748,0.17946005941596702,0.762754184598888,0.895162107387498,0.0248723513177872,-0.2757686165834236,-0.2757686165834236
2023-11-17,3.5181382614647503,-0.36845878205995214,-0.258046355247719,0.129768939289329,0.7384360001179481,0.8950972343391888,0.0274387869849313,-0.2643828712563305,-0.2643828712563305
2023-11-18,3.5208761122518824,-0.36648275400588926,-0.228705911075367,0.126804827772664,0.7179993452805781,0.8946435930705695,0.0297105757329852,-0.2654450535535186,-0.2654450535535186
2023-11-19,3.5236139630390144,-0.3860960121630959,-0.220422370625854,0.095293989870799,0.7512500659774389,0.9251366984025208,0.018622241333084,-0.2445679526707813,-0.2445679526707813
2023-11-20,3.5263518138261465,-0.38489710411235506,-0.253391328995061,0.0612606870135,0.7820111230264319,0.943851334957018,0.0122397844362846,-0.2429298616909463,-0.2429298616909463
2023-11-21,3.5290896646132786,-0.2682018026553807,-0.242088096793843,0.07292882406722401,0.6961515402242554,0.8894113433705236,0.033602192985535,-0.289067821120387,-0.289067821120387
2023-11-22,3.5318275154004106,-0.5964480189977817,-0.153496563627912,0.0707428733664,0.7373647837788281,0.924277166657926,0.0198874827076753,-0.2456414562711266,-0.2456414562711266
2023-11-23,3.5345653661875427,-0.6155915928736581,-0.221134708605865,0.06879169564681,0.7589624042916497,0.9362354655148044,0.0153696500837737,-0.2502331503385591,-0.2502331503385591
2023-11-24,3.5373032169746748,-0.6228338280560297,-0.29381369466665597,-0.0019335373641900001,0.7743158474223395,0.94234626894521,0.0130115334360406,-0.239529146476018,-0.239529146476018
2023-11-25,3.540041067761807,-0.631924304866493,-0.300187335276467,-0.0038670644415329998,0.7907741559832102,0.9482385811147324,0.0108298265537767,-0.2382823633545019,-0.2382823633545019
2023-11-26,3.542778918548939,-0.63053471099847,-0.296546181035456,0.001935023504779,0.782593921072415,0.939406062272904,0.0131734904080302,-0.2474956712611025,-0.2474956712611025
2023-11-27,3.5455167693360714,-0.626390570333319,-0.315315379817272,-0.017411521566838,0.7619250995558935,0.926648964579494,0.017463040455209,-0.2542840715678878,-0.2542840715678878
2023-11-28,3.5482546201232035,-0.6237211499394513,-0.357544824125842,-0.060939956486323,0.7793122341852248,0.9416614476370604,0.0128746047818454,-0.2396948234559452,-0.2396948234559452
2023-11-29,3.5509924709103355,-0.6243150027677513,-0.31568092883634297,-0.054195797741674004,0.7943288986902385,0.9501838613079536,0.010245740107793,-0.2397485035890696,-0.2397485035890696
2023-11-30,3.553730321697468,-0.6220815104115351,-0.296268849954292,-0.005793507146407,0.7950813864888482,0.9490410774372618,0.0104424317575784,-0.2443801966057233,-0.2443801966057233
2023-12-01,3.5564681724846,-0.6142985887961885,-0.33776204183389397,-0.008707814120905,0.8297493041756715,0.9650595103784416,0.005948642670513,-0.2196207797465277,-0.2196207797465277
2023-12-02,3.559206023271732,-0.6161192503771258,-0.268564458137222,-0.068283005476537,0.8616044342338585,0.9756611401791512,0.0033683902750091,-0.20027274283321,-0.20027274283321
2023-12-03,3.561943874058864,-0.6180707276671152,-0.166634932007069,-0.077825247284591,0.8886261304218391,0.982660834704704,0.0019311299341924,-0.1884473102042587,-0.1884473102042587
2023-12-04,3.564681724845996,-0.5241103482363894,-0.131403284853283,-0.042275406770309,0.9032795414478748,0.9801027879529238,0.001924467473102,-0.1404358098877391,-0.1404358098877391
2023-12-05,3.567419575633128,-0.4431674116788723,-0.092362752077144,-0.0028822808194759997,0.918373232699176,0.9816313959899134,0.0014993697651723,-0.0924883157459,-0.0924883157459
2023-12-06,3.57015742642026,-0.4354447360373663,-0.101691663411013,0.008649237881681,0.9201010220939034,0.9738168719736214,0.0020920051676921,-0.1009705823213433,-0.1009705823213433
2023-12-07,3.572895277207392,-0.4223714270079997,-0.189501609119823,-0.0009659233158554326,0.9081451355801372,0.9582612709226832,0.0038339053004543,-0.1122615823442974,-0.1122615823442974
2023-12-08,3.575633127994524,-0.4146004835170898,-0.14963483819093198,0.082396126788168,0.9161962527754492,0.965504640489731,0.0028908403888185,-0.0931526424930542,-0.0931526424930542
2023-12-09,3.578370978781656,-0.4246520533280272,-0.179397739607353,0.037637461813452996,0.9100420207482506,0.9579856852360872,0.0037795228558085,-0.1040480988813374,-0.1040480988813374
2023-12-10,3.5811088295687883,-0.4295267602995035,-0.17475897066452198,-0.022064057199964,0.906912720857008,0.9555843428700952,0.0041345326735708,-0.1036895844369727,-0.1036895844369727
2023-12-11,3.583846680355921,-0.25397115168885,-0.166257521829106,-0.013430486619098,0.8343943162306363,0.8902663736799659,0.018172512219221,-0.1641858446165294,-0.1641858446165294
2023-12-12,3.586584531143053,-0.2553241066967406,-0.18798392710144302,-0.035494543819064,0.785716665657963,0.862825804810391,0.0293941439309148,-0.1600244498252934,-0.1600244498252934
2023-12-13,3.589322381930185,-0.23490746870468399,-0.264054591976874,-0.131427009330709,0.7822577940368488,0.8855278616265694,0.0249254159307498,-0.126714580487036,-0.126714580487036
2023-12-14,3.592060232717317,-0.27899107853395266,-0.206512488067849,-0.271920479010394,0.7838504408330482,0.9002475119051501,0.0215614563275084,-0.1244673581032973,-0.1244673581032973
2023-12-15,3.594798083504449,-0.3892887884307438,-0.176261744290525,-0.22029349085906097,0.7506589531788339,0.8799410225125215,0.0299356311270067,-0.1510649242354151,-0.1510649242354151
2023-12-16,3.597535934291581,-0.50935402901131,-0.174379577170591,-0.238910581112101,0.7355184577443338,0.8776349571299632,0.032363295256448,-0.1445304705962069,-0.1445304705962069
2023-12-17,3.600273785078713,-0.4807756249653155,-0.122326781621993,-0.24169696209390998,0.6966517546659732,0.8543468184743063,0.0441836370431376,-0.1662990251880653,-0.1662990251880653
2023-12-18,3.603011635865845,-0.4516136731898957,-0.126179692009673,-0.24550331064479297,0.7058819845834239,0.8745323591223472,0.0369022935339349,-0.1371642040769725,-0.1371642040769725
2023-12-19,3.605749486652977,-0.4574172589737376,-0.158929062871221,-0.277856910333955,0.6945613000500778,0.8756995210065116,0.0379661767069237,-0.1463191978161511,-0.1463191978161511
2023-12-20,3.608487337440109,-0.4224845256024207,-0.102444916022834,-0.20655982012226698,0.7342186272720735,0.9112188129947736,0.0235963857546637,-0.1150140692792565,-0.1150140692792565
2023-12-21,3.6112251882272415,-0.5475623096424146,-0.168935231380049,-0.274090609461921,0.7711153266811734,0.9344626548021624,0.0150004938457902,-0.1109197280650207,-0.1109197280650207
2023-12-22,3.6139630390143735,-0.6206482115322144,-0.213625987280524,-0.293022792134199,0.7991103916568698,0.9493399126411306,0.010177085108152,-0.1088526189771865,-0.1088526189771865
2023-12-23,3.6167008898015056,-0.6184584454994716,-0.213625987280524,-0.35195964187228,0.8046726377917695,0.950246139106154,0.0097182904080701,-0.1156006895833154,-0.1156006895833154
2023-12-24,3.619438740588638,-0.5968937304525455,-0.164410498312345,-0.34371465600753404,0.7641539957736234,0.9324080316347227,0.0159412956567462,-0.1331249480670528,-0.1331249480670528
2023-12-25,3.62217659137577,-0.592901640902782,-0.164410498312345,-0.34371465600753404,0.7620335089920962,0.9385842202082736,0.0146148976095512,-0.1201965061066516,-0.1201965061066516
2023-12-26,3.6249144421629023,-0.556444871700147,-0.186653798519794,-0.365552457774104,0.6993408425849194,0.9140433336209436,0.0258436588877362,-0.1464081413785685,-0.1464081413785685
2023-12-27,3.6276522929500334,-0.5481155652536125,-0.214147204440429,-0.400190038650284,0.7039018628046992,0.9250963522990964,0.0221788305533706,-0.1257967683971923,-0.1257967683971923
2023-12-28,3.6303901437371664,-0.5267646205847827,-0.147931546770453,-0.377375827611651,0.6617505303949202,0.910016262785758,0.0304369513858002,-0.1455726280779856,-0.1455726280779856
2023-12-29,3.6331279945242985,-0.514408496789118,-0.140118211447746,-0.36420708422195497,0.6091034416252494,0.8891147191834692,0.0433446746455996,-0.1588751531197996,-0.1588751531197996
2023-12-30,3.6358658453114314,-0.5168732084537174,-0.209661658835297,-0.382497983670374,0.5730959092836163,0.8801177871786607,0.0511782070575618,-0.1583386058872715,-0.1583386058872715
2023-12-31,3.6386036960985626,-0.5409607852675145,-0.187856577425576,-0.40253835255664105,0.5526396932336156,0.8783572215155385,0.054418150698724,-0.1566026192418537,-0.1566026192418537
2024-01-01,3.641341546885695,-0.47482875616048614,-0.187856577425576,-0.40253835255664105,0.6514104158301983,0.9254301036096432,0.0259942891742996,-0.1134394800342839,-0.1134394800342839
2024-01-02,3.6440793976728263,-0.4693605994712236,-0.103611864975889,-0.320136846390761,0.6947107503359891,0.9393103658194312,0.0185278928813691,-0.0965666982555113,-0.0965666982555113
2024-01-03,3.646817248459959,-0.4521039816083374,-0.113855684303838,-0.333962350521447,0.6289546518349038,0.8929382005695331,0.0397247826448592,-0.1454680536912072,-0.1454680536912072
2024-01-04,3.649555099247091,-0.5202554933177288,-0.156655918789512,-0.358656224003554,0.641643290253545,0.9032328635721524,0.0346771526218697,-0.1157171419846765,-0.1157171419846765
2024-01-05,3.652292950034223,-0.5232013222288958,-0.167066523118309,-0.399362011808505,0.6503575234344994,0.907947012694351,0.0321856344567997,-0.116962648323291,-0.116962648323291
2024-01-06,3.655030800821356,-0.5280136055640725,-0.10913629934578299,-0.35868927836645,0.6488152704601213,0.9059423109307576,0.0330316240969278,-0.1217509473368743,-0.1217509473368743
2024-01-07,3.657768651608488,-0.5472024639161137,-0.153831212504491,-0.354148495025193,0.6455122872096491,0.9037810425119196,0.0341084381670216,-0.1236499575941927,-0.1236499575941927
2024-01-08,3.66050650239562,-0.35332033980323097,-0.173060572520729,-0.37298663961275,0.7244731391195153,0.9460551469829984,0.0148632560124335,-0.0579206675895846,-0.0579206675895846
2024-01-09,3.663244353182752,-0.33601679943192153,-0.138448458016583,-0.33907869795688705,0.7314223646926142,0.9329501062400496,0.0180081019136588,-0.0766481721355685,-0.0766481721355685
2024-01-10,3.665982203969884,-0.5127624638038532,-0.167146771303948,-0.42469605713039005,0.753867178149032,0.9375492569858542,0.0153711776047613,-0.0670145857715383,-0.0670145857715383
2024-01-11,3.668720054757016,-0.5084723011235655,-0.152113390707183,-0.44018683032454703,0.7356787837604406,0.9121321461505012,0.0232253379978594,-0.0734727145421967,-0.0734727145421967
2024-01-12,3.671457905544148,-0.26366378312734673,-0.045688850797541994,-0.41198514982687295,0.6142797426045292,0.8228613265478515,0.0683259747186549,-0.1531450232262816,-0.1531450232262816
2024-01-13,3.67419575633128,-0.26408695793054143,0.04315441794401299,-0.36960408515933696,0.5228998654525353,0.7779910269014416,0.1059205109360666,-0.1542255051231649,-0.1542255051231649
2024-01-14,3.676933607118412,-0.26627366852898093,-0.014627159572406,-0.3432666312921,0.4222985547922293,0.7327725829952999,0.1543776650027548,-0.1797575743631512,-0.1797575743631512
2024-01-15,3.679671457905544,-0.2565559338125822,-0.014627159572406,-0.3432666312921,0.3687858263252469,0.7252634536454724,0.1734176020854286,-0.1636010791929063,-0.1636010791929063
2024-01-16,3.682409308692676,-0.2679021648418468,0.078985620135472,-0.252734843647417,0.3483603744022175,0.735445410682123,0.1723942535332764,-0.149421215961043,-0.149421215961043
2024-01-17,3.685147159479808,-0.2994611627038993,0.091697862883908,-0.247926549530144,0.3204033115014975,0.7302192753894081,0.1833420870660847,-0.1598451965249196,-0.1598451965249196
2024-01-18,3.68788501026694,-0.2509164222710201,0.134090512981768,-0.216384850789576,0.2592180402768724,0.6931562434690247,0.2273043192918221,-0.1958987863100763,-0.1958987863100763
2024-01-19,3.690622861054072,-0.29361423757851046,0.08592883721803402,-0.23908512441817903,0.2324947775894229,0.6825749940922308,0.2436253497579211,-0.1881044463977481,-0.1881044463977481
2024-01-20,3.693360711841205,-0.2951412421384956,0.142380658854877,-0.30777881098710097,0.2138124595822635,0.6783369681409593,0.2528874678605711,-0.1877763007670392,-0.1877763007670392
2024-01-21,3.696098562628337,-0.2960505724304787,0.15634257767916399,-0.315049279163511,0.1963470204178881,0.6735451491818076,0.2623564135590741,-0.1914579108401319,-0.1914579108401319
2024-01-22,3.698836413415469,-0.2023271929628675,0.160275804496043,-0.311298607344007,0.1487637970125341,0.625671274642793,0.3186421628422067,-0.2425342797187681,-0.2425342797187681
2024-01-23,3.701574264202601,-0.20458024988418336,0.18879113627869398,-0.284106773178209,0.1432469137905968,0.6092793560573926,0.3347511175435542,-0.2347832254882043,-0.2347832254882043
2024-01-24,3.704312114989733,-0.2126667337360098,0.151425856611486,-0.282379523750261,0.1446494274184488,0.6062487823541468,0.3367953294680635,-0.2297652720454319,-0.2297652720454319
2024-01-25,3.707049965776865,-0.2340924913644065,0.20695756862695502,-0.252235322840073,0.1422730775018158,0.6015371789531931,0.3417722892264223,-0.2341190694680577,-0.2341190694680577
2024-01-26,3.709787816563997,-0.16365633690310136,0.245569205801847,-0.290888475461978,0.185551038189393,0.6411932962470601,0.2922297473622679,-0.1888455527615651,-0.1888455527615651
2024-01-27,3.712525667351129,-0.17409646268358575,0.22127805882524498,-0.26164694393382304,0.2252644566328425,0.6677855088087145,0.2573783743475243,-0.1824286603356295,-0.1824286603356295
2024-01-28,3.715263518138261,-0.17995674535191683,0.211191093553557,-0.253391328995061,0.2530284358285143,0.6791972559328826,0.2396305275263194,-0.1852410659808701,-0.1852410659808701
2024-01-29,3.7180013689253935,-0.14679100415171834,0.22500727702524598,-0.240203745647379,0.3038264179258195,0.7128503318813452,0.199906013045576,-0.1567008949009629,-0.1567008949009629
2024-01-30,3.7207392197125255,-0.14409384225323923,0.204283001817713,-0.259985120668903,0.3338933784948367,0.7221886730274563,0.1850519644255473,-0.1653029064595639,-0.1653029064595639
2024-01-31,3.7234770704996576,-0.22006089211965355,0.19145315079005298,-0.215084731170109,0.347589692812394,0.7186029003169159,0.1835863682459423,-0.174766168653921,-0.174766168653921
2024-02-01,3.7262149212867897,-0.228187165746777,0.083170854099543,-0.30300119441273,0.4034248622011626,0.7270574807243634,0.1628307210480247,-0.1640700307970597,-0.1640700307970597
2024-02-02,3.728952772073922,-0.3225881813177979,0.142494543970177,-0.245001468155351,0.5218614950564657,0.7330036263075678,0.1276612469426447,-0.1623374049273902,-0.1623374049273902
2024-02-03,3.7316906228610542,-0.3636125578305872,0.146455772975673,-0.251407161682688,0.6015857382748606,0.731587080113626,0.1069395353140186,-0.1676466476012983,-0.1676466476012983
2024-02-04,3.7344284736481854,-0.360450022434261,0.147445996761996,-0.24774769614618197,0.6421639467508902,0.7195913613898058,0.1003403205372278,-0.178006576702403,-0.178006576702403
2024-02-05,3.7371663244353184,-0.3604342112716057,0.199198634233386,-0.198010572324885,0.6761280347602103,0.7085265165461274,0.094400089901493,-0.1770541824202709,-0.1770541824202709
2024-02-06,3.7399041752224496,-0.3553200655276784,0.17283435013891,-0.223348095715684,0.7216311852903846,0.7127709403172183,0.0799556128940533,-0.1679326641225227,-0.1679326641225227
2024-02-07,3.7426420260095834,-0.5284734410953223,0.179043327213246,-0.196004690654014,0.790204216306449,0.7445326780801602,0.0535959670102654,-0.1405375817597001,-0.1405375817597001
2024-02-08,3.7453798767967146,-0.5156077428178552,0.154041321610183,-0.235327400154791,0.8329325936207361,0.7822266075910363,0.0363828358481792,-0.119439506166957,-0.119439506166957
2024-02-09,3.748117727583847,-0.44496854341758707,0.16803450668689798,-0.26197562633954297,0.8486030256804925,0.8443612644147455,0.0235632336545214,-0.0803802230799242,-0.0803802230799242
2024-02-10,3.7508555783709783,-0.43958357741265636,0.17499275584184698,-0.19223528672525103,0.8765562428406802,0.8910597920851184,0.0134479885707304,-0.0681120548135041,-0.0681120548135041
2024-02-11,3.753593429158111,-0.7761523104932654,0.164062527357597,-0.08950626947804101,0.9013751786159144,0.9276338202919302,0.007137101547957,-0.0581193296781172,-0.0581193296781172
2024-02-12,3.756331279945243,-0.7284857648385796,0.172851232098771,-0.08093682168072999,0.9191799220808696,0.9545565886653016,0.0036727400449814,-0.0251481888597009,-0.0251481888597009
2024-02-13,3.759069130732375,-0.7748816031828986,0.24999975785613401,-0.005712965198205,0.9251920318318894,0.959099588883639,0.0030596766528553,-0.0303834179543276,-0.0303834179543276
2024-02-14,3.761806981519507,-0.7127493687605969,0.226562466821633,-0.04751948243673,0.9399929267103982,0.974317835917035,0.001541111502362,0.0097300045657657,0.0097300045657657
2024-02-15,3.76454483230664,-0.7158733457446332,0.090944508112946,-0.117490795244735,0.9380352083558712,0.96444326689134,0.002203265558624,0.0109519443984655,0.0109519443984655
2024-02-16,3.767282683093772,-0.729893242426264,0.080232175499235,-0.124064551948815,0.939041470599997,0.9648066383126932,0.0021453355731006,0.0142742543189449,0.0142742543189449
2024-02-17,3.770020533880904,-0.8174928963563521,0.071469756347912,-0.15390471404503,0.9282752129288988,0.9517483896954908,0.0034608364749286,0.0037673379090623,0.0037673379090623
2024-02-18,3.772758384668036,-0.8174551102078862,0.095846437699149,-0.149253903452196,0.9303561921883552,0.95726052811228,0.0029765395661195,0.0116891442997175,0.0116891442997175
2024-02-19,3.775496235455168,-0.8081191252785,0.095846437699149,-0.149253903452196,0.9239819835622448,0.9508527295056972,0.0037360780163067,0.0041501921131352,0.0041501921131352
2024-02-20,3.7782340862423,-0.814171289687882,0.076483774665991,-0.168146492446065,0.9280717901575108,0.9578793338718186,0.0030296641119732,0.0129353652766557,0.0129353652766557
2024-02-21,3.780971937029432,-1.018816218136894,0.065808602838082,-0.15616141100614,0.921069992374916,0.9495463526344846,0.0039823067712734,0.0034464996710106,0.0034464996710106
2024-02-22,3.783709787816564,-0.9932264066046045,0.032811844130338,-0.014407984343436,0.9024119948919824,0.9311809962887858,0.0067159092856986,-0.0078322659606673,-0.0078322659606673
2024-02-23,3.786447638603696,-0.9678693796505555,0.067803621863729,-0.043107285264226,0.8750053211560028,0.9054493662528657,0.0118183260997194,-0.0199759693280157,-0.0199759693280157
2024-02-24,3.789185489390828,-0.9727015224280083,0.035724895980712996,-0.041199606578519,0.8740929639993216,0.9153875529299488,0.0106533024193544,-0.0044924757114959,-0.0044924757114959
2024-02-25,3.79192334017796,-1.0756237518197804,0.045423911777153,0.011558731163048,0.8772039480208873,0.9247627187018712,0.0092388411050521,-0.0022768703483944,-0.0022768703483944
2024-02-26,3.794661190965092,-0.9357384733661354,0.034792752112146996,0.0009634113137990674,0.8995266171868899,0.952187015728056,0.0048039322721922,0.0492765438113664,0.0492765438113664
2024-02-27,3.797399041752224,-0.8588691907996234,0.034792752112146996,0.0009634113137990674,0.916982174278662,0.966078413285574,0.0028160963740494,0.0942250569779723,0.0942250569779723
2024-02-28,3.800136892539357,-0.5317972311141657,0.035711103600271,0.049289855051091,0.9197556390832624,0.9587277686363604,0.0033118638293829,0.183872792321889,0.183872792321889
2024-02-29,3.802874743326489,-0.4976083194468731,0.07350117263202,0.055025325260125005,0.9034304827205684,0.9325006974520856,0.0065183750637504,0.1617178385939457,0.1617178385939457
2024-03-01,3.805612594113621,-0.5157670893969771,0.057132176475651,-0.005773437225838,0.9059283971805272,0.9408314178262088,0.0055660833616442,0.1807681981840261,0.1807681981840261
2024-03-02,3.808350444900753,-0.49831418436692027,0.07860238084485399,-0.005773437225838,0.9005539814086352,0.9379056272483156,0.0061750381470831,0.1731278422247673,0.1731278422247673
2024-03-03,3.811088295687885,-0.5013901026614254,-0.005773437225838,0.044487338267351004,0.9138835908209192,0.956079152777538,0.0037823056509014,0.1902489692338687,0.1902489692338687
2024-03-04,3.813826146475017,-0.3276222451177692,-0.008660155838757,0.041586102401376,0.932846725719688,0.9749638660226004,0.0016812583719029,0.2677133497538335,0.2677133497538335
2024-03-05,3.816563997262149,-0.0724083513446899,-0.011546874451676,0.038684866535401,0.8820909953292453,0.9080216285658754,0.0108450782270346,0.1980744180601199,0.1980744180601199
2024-03-06,3.819301848049281,-0.06071788299870289,-0.103398203275709,0.016473430558829,0.8704074453407299,0.9084523543363692,0.0118638932745915,0.2324953454584672,0.2324953454584672
2024-03-07,3.822039698836413,-0.06134580622093959,-0.13054334866266898,0.00681262236732,0.872643310305516,0.9207162678419334,0.0100973136742754,0.243717400279964,0.243717400279964
2024-03-08,3.8247775496235454,-0.06713870992012426,-0.124952233786823,-0.002919021142043,0.881648923914006,0.9344521027793334,0.00775766417124,0.2629499655407254,0.2629499655407254
2024-03-09,3.8275154004106775,-0.06473442805608541,-0.135382010701078,-0.073430158089902,0.8909489340057951,0.9442083817008436,0.0060841354490648,0.264756496639448,0.264756496639448
2024-03-10,3.8302532511978096,-0.09054158143160541,-0.128747496513335,-0.051321661327126,0.9045949477904104,0.9566551746584572,0.0041353153247254,0.2712284233001885,0.2712284233001885
2024-03-11,3.8329911019849416,-0.05470006471571941,-0.116256635586606,-0.038732827489755,0.9202941307484084,0.968553383406624,0.0025064799105965,0.3140883997215713,0.3140883997215713
2024-03-12,3.8357289527720737,-0.03628021341492104,-0.107609793128178,-0.03001816293896,0.924860712523938,0.96586045293583,0.0025652212411572,0.3040131555473806,0.3040131555473806
2024-03-13,3.838466803559206,-0.0495179281425937,-0.132475499440815,-0.08201451940629699,0.9376438033376074,0.975421194269904,0.0015326408438325,0.3250408063291239,0.3250408063291239
2024-03-14,3.8412046543463374,-0.012544855913629164,-0.15243888034273,-0.066314504677429,0.9278593098531313,0.95590680943892,0.0031809131978537,0.3005656125326279,0.3005656125326279
2024-03-15,3.8439425051334704,0.01038175478674746,-0.12318572388178199,-0.069131177163181,0.8989878642706256,0.9192195701536324,0.0081598037439184,0.2711537594203932,0.2711537594203932
2024-03-16,3.8466803559206015,0.17735008294753893,-0.083413491958411,-0.010623972317839,0.8318295448819861,0.8456237515262985,0.0259615239652339,0.2093744788630029,0.2093744788630029
2024-03-17,3.8494182067077354,0.22413550706104213,-0.081511170317528,-0.055764043759467,0.8151553422146972,0.850386824414356,0.0276551962413007,0.2542954098593792,0.2542954098593792
2024-03-18,3.8521560574948666,0.22783752300203167,-0.067126673996583,-0.04134220712856,0.7808941972034998,0.8410690484343144,0.0348226937320112,0.2408247554482692,0.2408247554482692
2024-03-19,3.854893908281999,0.5052889297530001,-0.04507108038022101,-0.019229360016237,0.661711909621103,0.7571214005117745,0.0821629376147727,0.1526807796793665,0.1526807796793665
2024-03-20,3.8576317590691303,0.705210446393207,-0.083428761734912,-0.066281923354998,0.6451413139742809,0.7979895943748335,0.0716851471036691,0.2441076841024809,0.2441076841024809
2024-03-21,3.860369609856263,0.7590202371820021,-0.007686570873099,0.012515379799797001,0.5907361324143006,0.784674238799321,0.0881250538198246,0.2067301334168139,0.2067301334168139
2024-03-22,3.863107460643395,0.7827357020312804,0.040380555746475005,0.15164746932463302,0.5202530230882487,0.7508124963867202,0.119546951542657,0.1791913253474657,0.1791913253474657
2024-03-23,3.865845311430527,0.7747583812454092,0.045209813855542,0.242251985374848,0.4723026254404113,0.7379045613666423,0.1383070748508666,0.1825831791010781,0.1825831791010781
2024-03-24,3.868583162217659,0.8068531445044104,0.047142375626338,0.1833249339319,0.4913088680935215,0.7764709316920962,0.1137072547715481,0.2298365850648753,0.2298365850648753
2024-03-25,3.871321013004791,0.8292783973487938,0.027900799376143,0.16382255048084898,0.5527805606303288,0.8344254440606187,0.0740481600810923,0.2684624416165437,0.2684624416165437
2024-03-26,3.874058863791924,0.8304685818106771,0.033673125447386,0.169673116722517,0.5919121187802868,0.8638146352494089,0.0555755969542025,0.2677786708972718,0.2677786708972718
2024-03-27,3.876796714579056,0.788070890511572,0.050081540392585,0.17949432246087998,0.6109748877028761,0.870951470958556,0.0502031185021264,0.259048667250056,0.259048667250056
2024-03-28,3.879534565366188,0.7519166721249512,0.06934423654105999,0.232945573599498,0.650182738640455,0.8928235526617467,0.0374921712901132,0.2763419923065111,0.2763419923065111
2024-03-29,3.88227241615332,0.5580833672785294,0.054818203156576,0.208963901291237,0.6631285313173768,0.8916652261340705,0.0364948943816155,0.2631289352425963,0.2631289352425963
2024-03-30,3.885010266940452,0.5414421804748337,0.037442336399446,0.26610436089134804,0.6680565826741354,0.8875729170429122,0.0373194301167542,0.258489547354225,0.258489547354225
2024-03-31,3.887748117727584,0.5453941007299326,0.066435821042876,0.28023659675880197,0.7043655587374488,0.9094897369142289,0.0267579510558885,0.2813357909530296,0.2813357909530296
2024-04-01,3.890485968514716,0.5635856354014285,0.11168842922183,0.32645032393794704,0.7000823770679362,0.8972919662668953,0.0308039493332589,0.2571084443920437,0.2571084443920437
2024-04-02,3.893223819301848,0.6777617228795678,0.092432031468423,0.306784940039857,0.6146747731653253,0.8307985858142075,0.0651975733018882,0.1930698833915869,0.1930698833915869
2024-04-03,3.89596167008898,0.5036734526452997,0.040450559716711,0.250737770725357,0.560931001966517,0.8051287830069694,0.0855619099906953,0.2001414612446801,0.2001414612446801
2024-04-04,3.898699520876112,0.4009288521336595,0.030828486070919002,0.261161081501812,0.5873972465818219,0.8281746956667562,0.0708955936748128,0.2366641157198135,0.2366641157198135
2024-04-05,3.901437371663244,0.3695451458778975,0.089968102976227,0.327755743935485,0.6014892887931969,0.8301711421772388,0.0676786189143876,0.2257497002386479,0.2257497002386479
2024-04-06,3.904175222450376,0.37210409904903047,0.14394119444916398,0.303269741481633,0.6362908803382598,0.846192407734934,0.055941223980019,0.2401540463351121,0.2401540463351121
2024-04-07,3.906913073237509,0.3612895359749106,0.151840103214409,0.29310186193965904,0.6730708625479218,0.8608233849136222,0.0455008907236893,0.2458197813264551,0.2458197813264551
2024-04-08,3.909650924024641,0.3913041283358703,0.136266454641675,0.277311507728856,0.7320445232801706,0.9003404371261893,0.0267043256795417,0.2769034432966446,0.2769034432966446
2024-04-09,3.912388774811773,0.42990849779662377,0.137239993325579,0.278298593098416,0.7239479114817985,0.8847246684424692,0.0318219960310845,0.2404119107940143,0.2404119107940143
2024-04-10,3.915126625598905,0.38336905232742585,0.231359695720143,0.38685464305833595,0.7416221554017632,0.8974808234720595,0.0264886838612754,0.2600606126889619,0.2600606126889619
2024-04-11,3.917864476386037,0.38269333651131326,0.22533019769364898,0.301370051176663,0.7421540440867208,0.8963752117834438,0.026719232574009,0.2514780991248901,0.2514780991248901
2024-04-12,3.920602327173169,0.414317765260746,0.316178613780813,0.349404827546715,0.6640205154691148,0.8551625914019221,0.0486623978815714,0.2086729176891069,0.2086729176891069
2024-04-13,3.923340177960301,0.47238540240710475,0.259287953690992,0.35344686694982,0.5595257442663621,0.7866628769059912,0.093969510515189,0.1561296114594519,0.1561296114594519
2024-04-14,3.926078028747433,0.4841657687337643,0.25234463914247396,0.354457291632832,0.5217873514924484,0.7796249581664972,0.1053861324201618,0.1846881436175884,0.1846881436175884
2024-04-15,3.928815879534565,0.4138932226771785,0.268780699129298,0.371057053654733,0.4444740229663516,0.7432840377710133,0.142612385737391,0.1478617147097267,0.1478617147097267
2024-04-16,3.9315537303216974,0.3454623236239595,0.27361518154352,0.375939687183661,0.39466222178305,0.7305872124578126,0.1630857382340229,0.1529050513401433,0.1529050513401433
2024-04-17,3.9342915811088295,0.38694656024620344,0.228808174868846,0.365913109996076,0.3251179272450788,0.6882566375294245,0.2103900066317307,0.111374517831198,0.111374517831198
2024-04-18,3.9370294318959616,0.19403911473706037,0.225412197506735,0.34903011033501297,0.3161376941003749,0.6988281977789024,0.2059600431388656,0.1462019335781725,0.1462019335781725
2024-04-19,3.9397672826830936,-0.11574088215038013,0.264964487644969,0.37026190825794697,0.3173273542309466,0.7088093162076201,0.1987879145278437,0.1503807095768419,0.1503807095768419
2024-04-20,0.0,-0.1498484757198805,0.206730915949895,0.377358546857302,0.3402433640012688,0.7301344012415438,0.1780456196086624,0.1672192724938668,0.1672192724938668
2024-04-21,0.0027378507871321,-0.17797632712669578,0.164703745636001,0.366210932043031,0.356132969362246,0.7398346902001469,0.1675118654957827,0.1651498488605138,0.1651498488605138
2024-04-22,0.0054757015742642,-0.14738122160113254,0.158000720200812,0.35937502444721403,0.4046208968901442,0.771808509321539,0.1358604450574431,0.1931147081161892,0.1931147081161892
2024-04-23,0.0082135523613963,-0.2374368730978293,0.120655188408345,0.321289147119383,0.4327503284598995,0.7816865835472376,0.1238382137756266,0.1856153990500075,0.1856153990500075
2024-04-24,0.0109514031485284,-0.2685515094115847,0.15638464942153701,0.337890530558071,0.4130792588423233,0.7563888151378737,0.1429804571735789,0.1519925551281389,0.1519925551281389
2024-04-25,0.0136892539356605,-0.2674911743808723,0.125611041048394,0.216718058295481,0.4022452976362528,0.7466468171004144,0.1514430564370498,0.1541560483994075,0.1541560483994075
2024-04-26,0.0164271047227926,-0.2654241044123644,0.152372208005298,0.240696526497707,0.3802192515571381,0.7314660773323977,0.1664321555732242,0.1418176413097214,0.1418176413097214
2024-04-27,0.0191649555099247,-0.2849517866000726,0.132950679012444,0.231794620886369,0.357266379358733,0.7191042471038697,0.1805411442816845,0.1355255798270587,0.1355255798270587
2024-04-28,0.0219028062970568,-0.2880049968468075,0.132950679012444,0.256559347699698,0.3341976436114484,0.7085814926881676,0.1940271288634523,0.1296891665923638,0.1296891665923638
2024-04-29,0.0246406570841889,-0.2789854782203583,0.098517336129293,0.221705963329417,0.3372765070809788,0.7136512014485461,0.1897700759691846,0.1401484280213143,0.1401484280213143
2024-04-30,0.027378507871321,-0.2188589505291111,0.159732005757913,0.283667371401419,0.2842026025754072,0.670707322486184,0.2357068415553652,0.0876807140639961,0.0876807140639961
2024-05-01,0.0301163586584531,-0.18335380007898763,0.070463294307574,0.23516890178216301,0.242039876572861,0.6154152419225308,0.2914999107005949,0.0466449115800848,0.0466449115800848
2024-05-02,0.0328542094455852,-0.3083090349540408,0.045793108026240995,0.16213088792174898,0.2253026961862116,0.6001090667588797,0.3097944278014755,0.0605044744505693,0.0605044744505693
2024-05-03,0.0355920602327173,-0.14389297044595611,0.074820026791067,0.173382502185766,0.3081838356071316,0.6459132227075954,0.2449629561286631,0.1212670272868585,0.1212670272868585
2024-05-04,0.0383299110198494,-0.19353665765875655,0.08739877148578899,0.14096737363856698,0.4028863501331339,0.6830317154768847,0.1892660892636366,0.1360641580702175,0.1360641580702175
2024-05-05,0.0410677618069815,-0.1951888949241701,0.069990000592503,0.15076810091712,0.4771828422336414,0.7035731842325826,0.1549770253052531,0.1372428589937797,0.1372428589937797
2024-05-06,0.0438056125941136,-0.20299768284097305,0.071907955710013,0.152701441230729,0.512556615484768,0.7015074354620109,0.1454982259110287,0.122580507727438,0.122580507727438
2024-05-07,0.0465434633812457,-0.20301623552922107,0.106423832969664,0.18749419334287798,0.5197228071494885,0.6887349124267905,0.1494935224920296,0.1084130861892465,0.1084130861892465
2024-05-08,0.0492813141683778,-0.24963627561265397,0.13539501347927999,0.18724084837158098,0.4982477772459356,0.666070842385663,0.1675496970753858,0.0888706340074136,0.0888706340074136
2024-05-09,0.0520191649555099,-0.24181798819159203,0.10369676574477399,0.17698276634905802,0.5257335412196976,0.6811667941960416,0.1512118954582146,0.1178566019470555,0.1178566019470555
2024-05-10,0.054757015742642,-0.22380346757755856,0.005700480626484,0.197540523079344,0.4935045788680983,0.6566781468062013,0.173890946617178,0.080433575052325,0.080433575052325
2024-05-11,0.0574948665297741,-0.2231195399400983,0.002849428157742,0.219310474517973,0.4693547136166701,0.6444470737796635,0.1886724843586214,0.0794831603021144,0.0794831603021144
2024-05-12,0.0602327173169062,-0.27383541166186226,-0.068842262413323,0.133756679574674,0.4665692167708006,0.6476235823301991,0.1879684284691013,0.0892225326778444,0.0892225326778444
2024-05-13,0.0629705681040383,-0.3532453706388015,-0.077329280247502,0.125096523735916,0.4989824022177175,0.669835309937194,0.1654183198877989,0.1116075141340129,0.1116075141340129
2024-05-14,0.0657084188911704,-0.3772890492510336,-0.097133041343272,0.10488875928510799,0.4929977531032249,0.6568097748358168,0.173998215271251,0.0889620053495807,0.0889620053495807
2024-05-15,0.0684462696783025,-0.19758981004466675,-0.175124811824189,-0.009573813024682,0.6150266784827951,0.7190245626973177,0.1081680473631627,0.1617472443397876,0.1617472443397876
2024-05-16,0.0711841204654346,-0.1871574367247109,-0.169396105361463,0.026876442549113,0.6748215564769776,0.7339611503347229,0.0865100990508101,0.144983638663886,0.144983638663886
2024-05-17,0.0739219712525667,-0.23345469100206462,-0.141576219273773,0.039407538360917996,0.7467714392989742,0.7633536215159324,0.0599256218186306,0.1714813911504862,0.1714813911504862
2024-05-18,0.0766598220396988,-0.27938473541178577,-0.160151159039055,0.028804168791947,0.798187340924751,0.7754584910695677,0.0453153189900193,0.1688003895616496,0.1688003895616496
2024-05-19,0.0793976728268309,-0.2744462939945832,-0.160151159039055,0.035549107482542,0.8168618632894267,0.7707343131075174,0.0419872907091589,0.1578394501610951,0.1578394501610951
2024-05-20,0.082135523613963,-0.07251565697309952,-0.148846143037453,0.04707896379219,0.8620541120145271,0.8492546444581385,0.0207947019299079,0.2318844103700943,0.2318844103700943
2024-05-21,0.0848733744010951,-0.05584256773335764,-0.140367201351973,0.055726539282365,0.8671417480815029,0.8679370270990003,0.0175456557227866,0.2123044355444037,0.2123044355444037
2024-05-22,0.0876112251882272,-0.07350082145295453,-0.107466003956525,0.073918046078114,0.8533165933868793,0.8613672152198754,0.0203351291398122,0.1966978524122318,0.1966978524122318
2024-05-23,0.0903490759753593,-0.06285984777205984,-0.054877643831659995,0.014291304038425,0.8133182414373124,0.8382513243920374,0.0301955272076801,0.1782627951285178,0.1782627951285178
2024-05-24,0.0930869267624914,-0.10495867198021684,-0.10768934281840199,0.0,0.7871386914279325,0.836166687725703,0.034873773238403,0.1859728608728375,0.1859728608728375
2024-05-25,0.0958247775496235,-0.1022283226421618,-0.083333074444468,0.040268279641074996,0.7832619080268483,0.8468734210629297,0.0331883625491968,0.195672021759707,0.195672021759707
2024-05-26,0.0985626283367556,-0.1027187840170609,-0.115159636831033,0.042194327441209,0.7644258835444918,0.8403505683952343,0.0376092737929167,0.1837849597335292,0.1837849597335292
2024-05-27,0.1013004791238877,-0.10132218374658844,-0.115159636831033,0.042194327441209,0.7689665439922209,0.8504224168851604,0.0345574259683122,0.1954565139580317,0.1954565139580317
2024-05-28,0.1040383299110198,-0.09007618359407922,-0.125542929998541,0.031645745580906,0.7489786607655223,0.8371723433267634,0.0408732164425275,0.1784748064747017,0.1784748064747017
2024-05-29,0.1067761806981519,-0.08702432597370033,-0.045463473063929,0.078634417378513,0.7186924553421298,0.8136846141797348,0.0524119237170825,0.1668843265801047,0.1668843265801047
2024-05-30,0.109514031485284,-0.2003512171464901,-0.141216341815259,0.06149110092132,0.7127378948035051,0.8123315905324822,0.0539100223825169,0.1774346678644232,0.1774346678644232
2024-05-31,0.1122518822724161,-0.26964576337825363,-0.103063913130515,0.063455054240879,0.687314231993631,0.7895944684704989,0.0657908152190903,0.1635567548491323,0.1635567548491323
2024-06-01,0.1149897330595482,-0.27383114014589893,-0.059829521799995004,0.068295410804666,0.671805805415895,0.7791731096139138,0.072474103432774,0.1657263536593305,0.1657263536593305
2024-06-02,0.1177275838466803,-0.4221151265845207,-0.034275979675866,0.070232413930393,0.6600232368617108,0.7742504994687716,0.0767495844706925,0.1653675571345019,0.1653675571345019
2024-06-03,0.1204654346338124,-0.4225672388960825,-0.08473763686493199,0.019241576250197,0.6724458639834074,0.7895603005323645,0.0689303939427127,0.1797652260462943,0.1797652260462943
2024-06-04,0.1232032854209445,-0.39969792577392516,-0.087593847437676,0.016355413214577,0.721867161797073,0.8297109628870183,0.0473629732070771,0.2040223247574566,0.2040223247574566
2024-06-05,0.1259411362080766,-0.41257334446491156,-0.074250964876896,0.042376461933195,0.7619583700608858,0.857342623476893,0.0339583944303982,0.2102475329560995,0.2102475329560995
2024-06-06,0.1286789869952087,-0.4227352303056215,-0.12427712195016,0.026003721304534,0.7779184736976862,0.8641364567141153,0.0301727830617697,0.2046124899135009,0.2046124899135009
2024-06-07,0.1314168377823408,-0.4192338723767208,-0.062529951968425,0.087516445791129,0.7251116322796662,0.8370313840981939,0.0447981768148895,0.1833888044264302,0.1833888044264302
2024-06-08,0.1341546885694729,-0.45033467664774923,-0.032310553686089,0.070084072760514,0.6839750160655769,0.822685074396702,0.0560359465151156,0.1818298518619556,0.1818298518619556
2024-06-09,0.136892539356605,-0.5276349539874372,-0.039882079449450006,0.09917184414056399,0.664928558270972,0.8228910472476199,0.0593441521418583,0.1857252170449541,0.1857252170449541
2024-06-10,0.1396303901437371,-0.5265862345394248,-0.015192862636411,0.12420574888758198,0.639823698190326,0.8200677523447617,0.0648073315367661,0.1827466163224897,0.1827466163224897
2024-06-11,0.1423682409308692,-0.4681343612930889,-0.007596069083152,0.131908601822738,0.5320970897813969,0.7716442355216147,0.1068483267646304,0.1498726683718132,0.1498726683718132
2024-06-12,0.1451060917180013,-0.4827265545178724,-0.054172180974281996,0.07897521721693401,0.4905966076934838,0.7670362541372083,0.1186725224269392,0.1622704298817829,0.1622704298817829
2024-06-13,0.1478439425051334,-0.48197175165758543,0.018093020488203,0.134874167179583,0.3952974525285517,0.7327163435042617,0.1616271079804564,0.1392729577696965,0.1392729577696965
2024-06-14,0.1505817932922655,-0.7453868140147766,0.114998044579206,0.210892932886939,0.3312930136200481,0.6993151792042264,0.2010700403645376,0.1270544391950672,0.1270544391950672
2024-06-15,0.1533196440793976,-0.7594784030400809,0.10434654191445,0.26551287347173597,0.2898546887577523,0.6840268132184945,0.2243868770711571,0.1287839922072571,0.1287839922072571
2024-06-16,0.1560574948665297,-0.8005344679824304,0.105314134576823,0.273506447967253,0.2751257365692265,0.6862000216103581,0.2274655281997843,0.134534484971164,0.134534484971164
2024-06-17,0.1587953456536618,-0.8004165515550711,0.08329370722845701,0.251119513792059,0.2586509486812924,0.6546898059882496,0.25599538474129,0.1313063913359755,0.1313063913359755
2024-06-18,0.1615331964407939,-0.7820561549135329,0.077549565500674,0.245279766873502,0.228225027802159,0.5769978340371854,0.3264624848755777,0.1098213468252726,0.1098213468252726
2024-06-19,0.164271047227926,-1.1904233499003714,0.06598474164865199,0.232332004066933,0.1996521231078439,0.5329046379599305,0.3738387813149426,0.1060707007832899,0.1060707007832899
2024-06-20,0.1670088980150581,-1.2112173992036732,0.088858460084111,0.255438740948337,0.1740251994744696,0.507030115244865,0.4071807022257164,0.1030676352112447,0.1030676352112447
2024-06-21,0.1697467488021903,-1.2169879489519424,0.081951647640921,0.292830247049424,0.1515444682912085,0.4727940310934377,0.4473108206686658,0.0907386278292428,0.0907386278292428
2024-06-22,0.1724845995893223,-1.2354656277118479,0.065645746113551,0.236068346265263,0.139267683946571,0.4602232682038324,0.4646032765106659,0.0922082854884838,0.0922082854884838
2024-06-23,0.1752224503764544,-1.2275204900798844,0.103132335605928,0.22914074635881101,0.1044507629599283,0.4227719917732022,0.516936102365669,0.0744314422540295,0.0744314422540295
2024-06-24,0.1779603011635865,-1.0909591470591389,0.07161955607881601,0.19723493275724602,0.1098219076755258,0.3196200549656774,0.6056593215264839,0.0264644319353628,0.0264644319353628
2024-06-25,0.1806981519507187,-1.0319970793113564,0.08498848159605299,0.21077059835092002,0.1425442590932191,0.3124536922220639,0.5895405287434518,0.0505458698046155,0.0505458698046155
2024-06-26,0.1834360027378508,-1.041066097381448,0.127005520965532,0.23846313738552002,0.1484224139815781,0.2799849003712396,0.6131487204386734,0.0334144233113224,0.0334144233113224
2024-06-27,0.1861738535249829,-1.0309506096699357,0.124271393191175,0.202293242741895,0.1677399876172981,0.2868250526541655,0.5935469905090769,0.0454430884099164,0.0454430884099164
2024-06-28,0.188911704312115,-1.0126911663766696,0.073263966093257,0.23788792160869401,0.1630187437629415,0.2528889003078268,0.6253179867690054,0.0234478355832994,0.0234478355832994
2024-06-29,0.191649555099247,-1.0171742529233179,0.10981679836454801,0.17980795640212,0.1717617668991744,0.252415431077218,0.6191781224580474,0.0318810158679685,0.0318810158679685
2024-06-30,0.1943874058863792,-0.9524919548808626,0.114646469726675,0.137891643895253,0.2171023089736417,0.304255964654949,0.5446963988170015,0.0599255346831935,0.0599255346831935
2024-07-01,0.1971252566735113,-0.9527989774598564,0.117512503912369,0.140764264713908,0.2562297235185227,0.3352268202513264,0.4944385316991417,0.061747034728091,0.061747034728091
2024-07-02,0.1998631074606434,-0.9462446229393731,0.10031556989835899,0.123527809227002,0.2674900392348014,0.3267815850552327,0.4931391947176007,0.0476304175931598,0.0476304175931598
2024-07-03,0.2026009582477755,-0.923535882135539,0.120991179529017,0.11225157164570701,0.2408727897572333,0.2686154439990501,0.5552139176116456,0.0163512127813501,0.0163512127813501
2024-07-04,0.2053388090349076,-0.8347519263958194,0.123907492840709,0.106434039755225,0.1854064561435143,0.1473772894638837,0.6945409553481375,-0.0391077432307174,-0.0391077432307174
2024-07-05,0.2080766598220397,-0.8475803483582937,0.058502026468811,0.050790492290068996,0.1937095068635543,0.1511968672325196,0.6843818964948518,-0.0455329291628512,-0.0455329291628512
2024-07-06,0.2108145106091718,-0.7726988804059267,0.074927837726219,0.031563289529201,0.2303942725420898,0.1962997662411845,0.6185323030600456,-0.017873861616195,-0.017873861616195
2024-07-07,0.2135523613963039,-0.7088875823923506,-0.0009535834005802712,0.031563289529201,0.2123574115761064,0.1542541079931322,0.666145483529164,-0.0617478296876381,-0.0617478296876381
2024-07-08,0.216290212183436,-0.6842849897435466,0.011440818693901,0.043997998187046,0.2174432728981664,0.1557596762073106,0.6606659446745994,-0.0474111573012745,-0.0474111573012745
2024-07-09,0.2190280629705681,-0.6457558842854918,0.021928053987223,0.054519337942253,0.2474243673798211,0.1908352832125525,0.608957648630241,-0.0255610229664728,-0.0255610229664728
2024-07-10,0.2217659137577002,-0.6465584213744995,-0.009510078237754,0.0028572090697529997,0.264668497659785,0.201353119136376,0.5872702107447753,-0.0310538053282343,-0.0310538053282343
2024-07-11,0.2245037645448323,-0.6829105031998947,-0.075073732806766,-0.036252361622239,0.2788265246832442,0.1961482420081837,0.5797165659504419,-0.0388419565147248,-0.0388419565147248
2024-07-12,0.2272416153319644,-0.6898751658470693,-0.053512200651979,-0.015348073104016001,0.3061581912891216,0.2081407933731179,0.549425024170357,-0.0301023592692164,-0.0301023592692164
2024-07-13,0.2299794661190965,-0.6652031771827909,-0.105513369063849,-0.002881906252389,0.3575750705642386,0.2492062704758014,0.4823286087103954,-0.0082476996230269,-0.0082476996230269
2024-07-14,0.2327173169062286,-0.6232218378548099,-0.138323701719955,-0.020134871306087,0.4438901074920834,0.3106865067468848,0.3833340526372463,0.0167658142650619,0.0167658142650619
2024-07-15,0.2354551676933607,-0.40860645353651476,-0.128848940883939,-0.010546558689645,0.5829175806190625,0.4488685327821954,0.2298672457441677,0.0808088998014167,0.0808088998014167
2024-07-16,0.2381930184804928,-0.41033278953731706,-0.12127014416699901,-0.002876932676263,0.6816628743178055,0.5239337609920875,0.1515495581601114,0.083345029111971,0.083345029111971
2024-07-17,0.2409308692676249,-0.4013366010005055,-0.149069473924559,-0.037449528705029,0.7218130979241204,0.5357174469623877,0.1291573251174136,0.0672553460297766,0.0672553460297766
2024-07-18,0.243668720054757,-0.41869481319623064,-0.10355348139499701,0.001919984903835,0.7489959261508471,0.5378002921179983,0.1160140096102708,0.0640514306660424,0.0640514306660424
2024-07-19,0.2464065708418891,-0.341357599784477,-0.081702507400535,-0.080759950035258,0.798405046630742,0.6108517182241384,0.0784503297183317,0.1049604232219891,0.1049604232219891
2024-07-20,0.2491444216290212,-0.34032814938226097,-0.11269957886954601,-0.083586366225435,0.840758827568721,0.6593127023709345,0.0542514447068964,0.1107613726492697,0.1107613726492697
2024-07-21,0.2518822724161533,-0.34026371665282595,-0.132325282183026,-0.154658560495004,0.8768438580303982,0.7096216188824517,0.0357618811298159,0.1244241124421368,0.1244241124421368
2024-07-22,0.2546201232032854,-0.33569931493241395,-0.140832273174427,-0.16314629781187098,0.892479614351916,0.7197936077808523,0.030127899352461,0.1150599215731311,0.1150599215731311
2024-07-23,0.2573579739904175,-0.3201757069974633,-0.127599817067601,-0.14994379041469,0.8761360324025276,0.6812544972641476,0.0394810826227136,0.0892687922866848,0.0892687922866848
2024-07-24,0.2600958247775496,-0.42228491983003785,-0.102398958808648,-0.17135860187483,0.854470521950105,0.6473639419161475,0.0513189414745155,0.0798532098508104,0.0798532098508104
2024-07-25,0.2628336755646817,-0.445209191946485,-0.11836000310348199,-0.17880684054975102,0.8450814840291423,0.6410801571143354,0.0556033294123405,0.0850742453887143,0.0850742453887143
2024-07-26,0.2655715263518138,-0.4230796847856268,-0.163130910622345,-0.153845899043701,0.8737821866097112,0.6941241183113851,0.0386069849555636,0.1160378869275291,0.1160378869275291
2024-07-27,0.2683093771389459,-0.4261359597772907,-0.150127836116202,-0.172397720654629,0.8790528875604854,0.7180477558291061,0.0341013097783105,0.1136084747086183,0.1136084747086183
2024-07-28,0.271047227926078,-0.4540429913591468,-0.14640625404233001,-0.172397720654629,0.8903435288257252,0.7416563693548457,0.0283290508868978,0.119135001866109,0.119135001866109
2024-07-29,0.2737850787132101,-0.4269680275960095,-0.12373714498940701,-0.14978840738853,0.8598302301909817,0.7302137048132977,0.0378158828939479,0.0969092356138361,0.0969092356138361
2024-07-30,0.2765229295003422,-0.4531000728423005,-0.124681180748044,-0.1507299530025,0.8242146752819317,0.7075167973649765,0.0514142547497781,0.0866471439500653,0.0866471439500653
2024-07-31,0.2792607802874743,-0.4230324857063922,-0.16997195711257299,-0.186651896941609,0.7679866484589851,0.6527825800752916,0.0805590773101555,0.0615232813751731,0.0615232813751731
2024-08-01,0.2819986310746064,-0.42807846189683885,-0.122966613388878,-0.120163141557783,0.7395916599478076,0.6456647039627645,0.0922718662629586,0.0719361890563927,0.0719361890563927
2024-08-02,0.2847364818617385,-0.2945258022624158,-0.20778011477244002,-0.250330768052137,0.6289000449601186,0.533969965590814,0.1729437248164833,0.0088129933093821,0.0088129933093821
2024-08-03,0.2874743326488706,-0.42468256946241195,-0.20778011477244002,-0.226325703047632,0.5054699759844916,0.4579632571277648,0.2680534434698944,-0.0041241912570129,-0.0041241912570129
2024-08-04,0.2902121834360027,-0.3379571274650411,-0.15922942531264,-0.257693344725331,0.3968333795793269,0.3496569486974429,0.3922652203682317,-0.0481513109680307,-0.0481513109680307
2024-08-05,0.2929500342231348,-0.15454826465364435,-0.208809579458713,-0.30677741411206,0.3559753239985488,0.2815134960754741,0.4627230379014081,-0.1226045342951955,-0.1226045342951955
2024-08-06,0.2956878850102669,-0.16538873119403302,-0.182112517423105,-0.280347475199065,0.3498073637350885,0.2921918124204948,0.4602116714522075,-0.0863104558881584,-0.0863104558881584
2024-08-07,0.298425735797399,-0.16270519943625372,-0.172365027251417,-0.22542193990684498,0.3331182171352014,0.2754752061451981,0.4831723862556409,-0.1052744466696165,-0.1052744466696165
2024-08-08,0.3011635865845311,0.28215444061929124,-0.181697451693749,-0.283374327023053,0.4006667680516782,0.4135048678018417,0.3515060231022804,0.0084365292690051,0.0084365292690051
2024-08-09,0.3039014373716632,0.28846853037683035,-0.181818525142575,-0.24773096573950398,0.4413836366093782,0.4643375443966597,0.2992298129540283,-0.0060005521884534,-0.0060005521884534
2024-08-10,0.3066392881587953,0.2859977744130834,-0.12447367113832901,-0.205128546961927,0.4727084330448601,0.4911930629320765,0.2682896071241907,-0.0058173751181289,-0.0058173751181289
2024-08-11,0.3093771389459274,0.33089030327722396,-0.091266882665492,-0.179948530097573,0.4695283023789117,0.4558517880806284,0.2886552257343489,-0.0439017225663889,-0.0439017225663889
2024-08-12,0.3121149897330595,0.31837428338577123,-0.091266882665492,-0.179948530097573,0.4747515396643829,0.4520918857124244,0.2877878934349404,-0.0340220944057492,-0.0340220944057492
2024-08-13,0.3148528405201916,0.3109214503204743,-0.146988071200451,-0.23517102250885502,0.4937057821842528,0.4777045640669513,0.2644351592044576,-0.0139872062886592,-0.0139872062886592
2024-08-14,0.3175906913073237,0.1945465159463823,-0.155485431291074,-0.23607837076517502,0.485489398915265,0.4494971330129892,0.2832395609923568,-0.0462343222640111,-0.0462343222640111
2024-08-15,0.3203285420944558,0.2019476838428087,-0.123716632556215,-0.230528433806446,0.4652233672572465,0.4096067714425432,0.3157285027620796,-0.0673343123825205,-0.0673343123825205
2024-08-16,0.3230663928815879,0.22052134679886545,-0.12433743764118901,-0.29275261752194504,0.4660066454785486,0.4188838206567878,0.3103121779741712,-0.0452919677686267,-0.0452919677686267
2024-08-17,0.3258042436687201,0.2256875856673145,-0.164154662045722,-0.263233315983584,0.473601421752368,0.4363342068678068,0.2967128721116103,-0.0362848166295961,-0.0362848166295961
2024-08-18,0.3285420944558521,0.16316770541032255,-0.185823985924498,-0.27062943122141697,0.4673762748077855,0.423263165441787,0.3071837212779612,-0.054018223378776,-0.054018223378776
2024-08-19,0.3312799452429842,0.17446654959312832,-0.24042165704454302,-0.3247553174657,0.4956677026407826,0.4388410824913126,0.2830105660507678,-0.0377779606176247,-0.0377779606176247
2024-08-20,0.3340177960301163,0.16263192882294988,-0.283524812376457,-0.367486013380096,0.511549097659276,0.4361008960546267,0.2754370261512432,-0.0467574738857639,-0.0467574738857639
2024-08-21,0.3367556468172484,0.21575960523905743,-0.31348832514635705,-0.397262902174659,0.5666078872692832,0.4820994193458777,0.224454026834155,-0.0116597671054314,-0.0116597671054314
2024-08-22,0.3394934976043806,0.20338141092892512,-0.281473901188198,-0.33330158354433803,0.5965917907795476,0.487721471671427,0.2066573637351184,-0.0255925835441566,-0.0255925835441566
2024-08-23,0.3422313483915126,0.32453188332645433,-0.35156606862757,-0.34786749463328603,0.6839736594868968,0.5718557221934931,0.1353048693268158,0.0331559866115593,0.0331559866115593
2024-08-24,0.3449691991786447,0.32315178236842873,-0.348792580333444,-0.358031581136157,0.7508470643478534,0.6157768648287406,0.0957303220733908,0.0335574209096289,0.0335574209096289
2024-08-25,0.3477070499657768,0.2883303215427087,-0.345091879280335,-0.35710826582286903,0.8026963810928553,0.6411229624033815,0.0708077382604882,0.0350436682899264,0.0350436682899264
2024-08-26,0.3504449007529089,0.30201532907682527,-0.33263048608648305,-0.344662381934295,0.8040377709882816,0.6219697540194019,0.0740796496362062,0.0112975196407489,0.0112975196407489
2024-08-27,0.3531827515400411,0.3826351927302841,-0.36138771607506603,-0.373383821008339,0.7206956723080367,0.5384283216502499,0.1289189673031281,-0.0447630125974161,-0.0447630125974161
2024-08-28,0.3559206023271731,0.37420561279472997,-0.331866995191789,-0.33279175357077395,0.6446523834271255,0.4862194200495608,0.1825707045268177,-0.0536650316338889,-0.0536650316338889
2024-08-29,0.3586584531143053,0.3763707526075442,-0.307030762330828,-0.317218345886672,0.5747923070475907,0.4680131328932252,0.2262049084434516,-0.0484403516076135,-0.0484403516076135
2024-08-30,0.3613963039014374,0.36286057770760904,-0.230547700389787,-0.308748372192301,0.5147937310187646,0.4530238884641108,0.2653962383001929,-0.0538365080280769,-0.0538365080280769
2024-08-31,0.3641341546885694,0.35626480403345584,-0.260486618310634,-0.32442238058302597,0.4655621720890807,0.442252668968277,0.2980812721197065,-0.0572288519815007,-0.0572288519815007
2024-09-01,0.3668720054757016,0.2647006665451775,-0.14630386102363802,-0.288388487133045,0.3821064670393941,0.4008452823243584,0.3702138252946165,-0.0863509170702361,-0.0863509170702361
2024-09-02,0.3696098562628336,0.29477353021125396,-0.14630386102363802,-0.288388487133045,0.3700813818599917,0.4192867096089375,0.3658021134186754,-0.056513350500472,-0.056513350500472
2024-09-03,0.3723477070499658,0.2621385962022185,-0.133707709103699,-0.2759739644729,0.3134822130590842,0.3916741126506494,0.417626541921945,-0.0862108547555919,-0.0862108547555919
2024-09-04,0.3750855578370979,0.07625181600921126,-0.12951619431634098,-0.32085566951724703,0.2967418068475914,0.3897081285715052,0.4291927587964054,-0.077688638979291,-0.077688638979291
2024-09-05,0.37782340862423,0.06906706035038275,-0.180635193580787,-0.334576042403126,0.2356237889809914,0.3490529982022309,0.4975684028083625,-0.1102517838580166,-0.1102517838580166
2024-09-06,0.3805612594113621,0.1136265565960921,-0.195736114612435,-0.372977947274713,0.2039416860846773,0.2802760836222138,0.5729422073562331,-0.1512287850234521,-0.1512287850234521
2024-09-07,0.3832991101984941,-0.4265258881971456,-0.196686251071024,-0.338044392118235,0.1840302836389619,0.2500701396120422,0.6119200554714348,-0.1484955901769886,-0.1484955901769886
2024-09-08,0.3860369609856263,-0.4178447595475406,-0.190032877261134,-0.333428673432899,0.1832501155693978,0.2503422401050513,0.6122828887567034,-0.1364219381553919,-0.1364219381553919
2024-09-09,0.3887748117727584,-0.34063358410421324,-0.15415904084736898,-0.29807921770970297,0.2265837157701876,0.2981879837639798,0.5427928418250955,-0.0983077872964859,-0.0983077872964859
2024-09-10,0.3915126625598905,-0.3905328487737331,-0.146403155435933,-0.290436702847799,0.2717712416235537,0.3362098337799793,0.4833910885689006,-0.0881714862112552,-0.0881714862112552
2024-09-11,0.3942505133470226,-0.39573828636500663,-0.141555079805361,-0.236220385912272,0.2995006927248662,0.348516404377589,0.4563638074346122,-0.0943191763325863,-0.0943191763325863
2024-09-12,0.3969883641341546,-0.40803812634818387,-0.11602913809859,-0.263182964912698,0.3361039066088143,0.371869258433612,0.4170135454648334,-0.0815839999439518,-0.0815839999439518
2024-09-13,0.3997262149212868,-0.3748547720749697,-0.142341726510342,-0.303058994384745,0.4128453907144302,0.4371800064625264,0.3304623534036022,-0.0412602866428013,-0.0412602866428013
2024-09-14,0.4024640657084189,-0.39039599288952737,-0.18158891878266,-0.287223622247491,0.4589844939282339,0.4574118649568892,0.2935485944688843,-0.0515118995706203,-0.0515118995706203
2024-09-15,0.405201916495551,-0.40290365879352363,-0.131758587369115,-0.360377424091197,0.4826651720800255,0.4494846311832934,0.2848007735940922,-0.0661610932262153,-0.0661610932262153
2024-09-16,0.4079397672826831,-0.3951457638570132,-0.16591811081714097,-0.393745569401303,0.4937779291344293,0.4237905334923364,0.2916899493878551,-0.0838754726952526,-0.0838754726952526
2024-09-17,0.4106776180698152,-0.35178782062436614,-0.153230500571236,-0.38135189467784,0.5914385967577072,0.4573749403415306,0.2216956558084971,-0.0490197997812593,-0.0490197997812593
2024-09-18,0.4134154688569473,-0.34390146669683724,-0.12660721594413799,-0.432715452756127,0.6931821980916062,0.5035954007968371,0.1523057679847316,-0.0279001394206765,-0.0279001394206765
2024-09-19,0.4161533196440794,-0.3322555814989876,-0.08182194509844301,-0.439038544065353,0.7492195009725552,0.5550287812842113,0.1115901042823957,-0.0080661242858504,-0.0080661242858504
2024-09-20,0.4188911704312115,-0.3840510180535569,-0.031670595004422,-0.375537529658223,0.7918085542888568,0.5862864338493547,0.0861316254472155,-0.0049510301534301,-0.0049510301534301
2024-09-21,0.4216290212183436,-0.39320296016707046,-0.077824933395936,-0.42585511953419597,0.8281307414709741,0.6063446871546797,0.0676572467347369,-0.0026519396681905,-0.0026519396681905
2024-09-22,0.4243668720054757,-0.5569127276910889,0.0,-0.457603191985339,0.8608813393065853,0.6219444330699885,0.0525945841389928,0.0004526467579015,0.0004526467579015
2024-09-23,0.4271047227926078,-0.5559582912529072,0.019856726153522002,-0.43865511595884,0.8667410605168472,0.6227465536123593,0.0502723941819814,-0.0054585240345677,-0.0054585240345677
2024-09-24,0.4298425735797399,-0.5444609162245151,-0.034749649511435,-0.49076268644309395,0.8911642658195393,0.6444796116831024,0.038693322478592,0.0088786866475452,0.0088786866475452
2024-09-25,0.432580424366872,-0.5539427506909826,0.006940971332012,-0.41777454791382,0.8843451402252721,0.6299183993414011,0.042801735629377,-0.0101920523801801,-0.0101920523801801
2024-09-26,0.4353182751540041,-0.673387376889377,0.0009939837426786724,-0.44651382122848904,0.9017031238584542,0.6673542890983782,0.0326980342435131,0.0206678021343957,0.0206678021343957
2024-09-27,0.4380561259411362,-0.6784208313936904,-0.066277395708458,-0.459814161985393,0.9128284730837244,0.730099474023061,0.0235276409649157,0.0290680962124376,0.0290680962124376
2024-09-28,0.4407939767282683,-0.6785417319096868,-0.090783323681779,-0.48962954335192704,0.9230627330646168,0.7637784909756394,0.0181742372956862,0.0296316193161008,0.0296316193161008
2024-09-29,0.4435318275154004,-0.6791187254151357,-0.125860257394924,-0.508507063102876,0.9245102293048104,0.7746169110811648,0.0170141177010563,0.0248880000181426,0.0248880000181426
2024-09-30,0.4462696783025325,-0.601964555740002,-0.090461966229314,-0.474480541366819,0.8711959984682623,0.7277679808704681,0.0350645734089482,-0.0117574582024531,-0.0117574582024531
2024-10-01,0.4490075290896646,-0.5583333245167537,-0.050146953996027005,-0.435727833400565,0.7741130330681594,0.6446182148210327,0.0802761135568998,-0.0527672781462698,-0.0527672781462698
2024-10-02,0.4517453798767967,-0.6004543464853883,-0.001966238315287,-0.359343971903111,0.6708161762812146,0.5981497318623603,0.1322826078279674,-0.0569838254046413,-0.0569838254046413
2024-10-03,0.4544832306639288,-0.6479126535843589,0.015712072064997,-0.34277082905605205,0.5938219418219328,0.5779495017496622,0.1714276518324079,-0.0557523759999956,-0.0557523759999956
2024-10-04,0.4572210814510609,-0.6312874811940662,0.114443175387706,-0.33286245234416095,0.5724952000341075,0.5991935677358247,0.1713466736501393,-0.0353194953160507,-0.0353194953160507
2024-10-05,0.459958932238193,-0.6947124086525327,0.139451688676035,-0.320083741084392,0.5571258193424599,0.6103540923495718,0.1725641120972469,-0.0358244137377212,-0.0358244137377212
2024-10-06,0.4626967830253251,-0.803482197424763,0.132436878221879,-0.316426373534196,0.5658954495695865,0.6334028056744876,0.1591415102317275,-0.0250253001582407,-0.0250253001582407
2024-10-07,0.4654346338124572,-0.7917498597491718,0.13441397571156,-0.31453686074096204,0.554569137868369,0.6309742107607553,0.1643754754496423,-0.0352049011211157,-0.0352049011211157
2024-10-08,0.4681724845995893,-0.7937943207541596,0.1354025244564,-0.313592104344346,0.5162276572481236,0.6272512892945948,0.1803255170356953,-0.0377536836919372,-0.0377536836919372
2024-10-09,0.4709103353867214,-0.8224152585238128,0.13589337389922201,-0.280453369018822,0.4138031470059496,0.5882517846948061,0.2413655080378213,-0.0638633934179839,-0.0638633934179839
2024-10-10,0.4736481861738535,-0.824712768154866,0.133818817977564,-0.258229599452463,0.3558106391947703,0.5613812586836363,0.2825535266057827,-0.0697984040428867,-0.0697984040428867
2024-10-11,0.4763860369609856,-0.7631688811908017,0.119000696384838,-0.238140616688149,0.3838538365142902,0.5999578464249851,0.2464844381578065,-0.0352862061301113,-0.0352862061301113
2024-10-12,0.4791238877481177,-0.7650743270247727,0.149945408097331,-0.238140616688149,0.4295363811398019,0.6371681860284153,0.2069823496358404,-0.0242529942430316,-0.0242529942430316
2024-10-13,0.4818617385352498,-0.8530620579966992,0.17604576882127299,-0.189740457273387,0.4525383540308763,0.6475867481251605,0.192932738932731,-0.0305430415260961,-0.0305430415260961
2024-10-14,0.4845995893223819,-0.7294022019574201,0.216596026919815,-0.150647811120977,0.5750255268477417,0.7293488890573206,0.1150198132809385,0.0181379921509101,0.0181379921509101
2024-10-15,0.487337440109514,-0.7394180515039268,0.212639848966513,-0.154461781046115,0.6578848222581476,0.7940718562120097,0.070451143514078,0.0321824211426804,0.0321824211426804
2024-10-16,0.4900752908966461,-0.7647513384980703,0.280864841371668,-0.135225766065376,0.7233038141099867,0.840130290221355,0.0442353389350944,0.0397597007878047,0.0397597007878047
2024-10-17,0.4928131416837782,-0.819158459211567,0.291406726057319,-0.12271697886435799,0.766754108356915,0.8580583919221761,0.0331072969373653,0.0356960705589841,0.0356960705589841
2024-10-18,0.4955509924709103,-0.8317088346851013,0.287276285634523,-0.148501203490652,0.8113934737783189,0.8914386806022363,0.0204753733336546,0.0497821492982737,0.0497821492982737
2024-10-19,0.4982888432580424,-0.8496598080992456,0.286253576776307,-0.090961753679553,0.8434819995709545,0.9067856379517296,0.0145897255590643,0.0480449672474261,0.0480449672474261
2024-10-20,0.5010266940451745,-0.8471831806572322,0.275019520402568,-0.057642280260384,0.8740748146110592,0.929770137892262,0.0088437084057566,0.0564256225524868,0.0564256225524868
2024-10-21,0.5037645448323066,-0.8050904082157581,0.32664822037860397,-0.0076850998630509995,0.855996674196132,0.9021119035570364,0.0140962114443965,0.0315555187125635,0.0315555187125635
2024-10-22,0.5065023956194388,-0.8050867634878326,0.333598150280889,-0.0009601793820324112,0.8422855896840237,0.8881283432859821,0.0176437723697226,0.0305537948154075,0.0305537948154075
2024-10-23,0.5092402464065708,-0.7933690611330019,0.347800455798119,0.023034634623846,0.810019580933425,0.8588707349319964,0.026811796920177,0.015766786198478,0.015766786198478
2024-10-24,0.5119780971937029,-0.770603013882729,0.367639206041305,-0.020139933943942,0.8267203559302513,0.8856690000071039,0.0198112349849074,0.0405463270605253,0.0405463270605253
2024-10-25,0.5147159479808351,-0.7594948792677598,0.330955611165768,0.049156832407757006,0.8033188802704154,0.8626783421136528,0.0270085774362097,0.0171170969370404,0.0171170969370404
2024-10-26,0.5174537987679672,-0.8124440835415752,0.367940002731286,0.008640104527906,0.7945749721702664,0.8601036468217083,0.0287382122449288,0.0217879302174281,0.0217879302174281
2024-10-27,0.5201916495550992,-0.807172162813572,0.382394347470986,-0.013409903027033999,0.8096541169396031,0.8807320563597272,0.0227021620530053,0.0344357487389093,0.0344357487389093
2024-10-28,0.5229295003422314,-0.7640102801347717,0.38836900985773604,-0.007663010525421,0.8505138439581388,0.9331471334447468,0.0099935780417242,0.0622199880675875,0.0622199880675875
2024-10-29,0.5256673511293635,-0.6908797122986148,0.384385648350393,-0.011494515788132,0.8732974773347673,0.9490580345854608,0.0064544755275471,0.1007175619252294,0.1007175619252294
2024-10-30,0.5284052019164955,-0.7745608177088288,0.318515491501678,-0.030677758825993003,0.8838984665062394,0.949224935292056,0.0058950628758372,0.0945202437471017,0.0945202437471017
2024-10-31,0.5311430527036276,-0.8228726736647164,0.275719028383549,-0.044996994259511,0.8508071902666012,0.9058762230329808,0.0140425907484293,0.0637885472966228,0.0637885472966228
2024-11-01,0.5338809034907598,-0.8129856202748096,0.255704019110702,-0.010537466327686,0.7994099056309547,0.8692215027956849,0.0262328710956554,0.0523802429421458,0.0523802429421458
2024-11-02,0.5366187542778919,-0.8101951631715,0.22453191131410502,-0.007665947737331,0.7566771726236877,0.8469442831638716,0.037241949766675,0.0486802253603215,0.0486802253603215
2024-11-03,0.5393566050650239,-0.8199316756814445,0.171674033735886,-0.003834443600878,0.7089297855744285,0.8245986717352135,0.0510541022285614,0.0398277076167961,0.0398277076167961
2024-11-04,0.5420944558521561,-0.8036138729929032,0.133632734241284,-0.041219354527769,0.6173014435872846,0.7944200920926405,0.0786751339836054,0.0253114417689683,0.0253114417689683
2024-11-05,0.5448323066392882,-0.7856683062442777,0.08778790044369199,-0.08627315265641601,0.5872888713518197,0.8109806309095208,0.0780103971536986,0.0469694689392543,0.0469694689392543
2024-11-06,0.5475701574264202,-0.44996801269669123,0.248682991963689,0.050688484283853,0.6722562803691144,0.8904736617975355,0.035896569480026,0.132670801068647,0.132670801068647
2024-11-07,0.5503080082135524,-0.4527105758403032,0.191126184899619,-0.003826008068839,0.7321111688655578,0.9265778140868808,0.0196689835636012,0.1352093261724363,0.1352093261724363
2024-11-08,0.5530458590006845,-0.5025936039094171,0.201107518574459,0.08645547925753601,0.7844275508244413,0.950718067541975,0.0106238268800809,0.1426400316188534,0.1426400316188534
2024-11-09,0.5557837097878165,-0.5096075881304982,0.195164790554633,0.055545091096079996,0.8285010606942942,0.966936400511216,0.0056703722419551,0.1447096897281277,0.1447096897281277
2024-11-10,0.5585215605749486,-0.47307336463869376,0.20507343987445198,0.17343289714229101,0.8560219544221229,0.9680101484675728,0.0046058363019653,0.1907133158566427,0.1907133158566427
2024-11-11,0.5612594113620808,-0.14547586210412633,0.257556763689272,0.22575349789003302,0.8827704956200596,0.9728521237715244,0.0031825320752321,0.2869898709787399,0.2869898709787399
2024-11-12,0.5639972621492129,-0.14116762027339394,0.30420811274034,0.272260205747496,0.8918804210678496,0.9619245469045472,0.0041167019563312,0.277490341536323,0.277490341536323
2024-11-13,0.5667351129363449,-0.18688917371084016,0.307841259557608,0.369072044543956,0.8933824920936206,0.948802633912729,0.0054585355835954,0.3058601304098758,0.3058601304098758
2024-11-14,0.5694729637234771,-0.10077691167737374,0.33023396883297096,0.359327658966588,0.8646503138191979,0.9046260132471512,0.01290883917681,0.2673124601591645,0.2673124601591645
2024-11-15,0.5722108145106092,-0.05832065151911395,0.299257284786842,0.33817883685736505,0.8766183686661918,0.9255901747727822,0.0091808056237976,0.3090378786800301,0.3090378786800301
2024-11-16,0.5749486652977412,-0.05571279110768356,0.275450309151026,0.33717695841517703,0.8804660383390973,0.9303456070063152,0.0083260655416205,0.3023767095570289,0.3023767095570289
2024-11-17,0.5776865160848734,-0.04557462658624,0.3092090678994,0.344192657820985,0.8766619090249809,0.9246825317271236,0.0092895127538481,0.2934097866489864,0.2934097866489864
2024-11-18,0.5804243668720055,-0.04926142262972248,0.269591358886682,0.30444050884526,0.8803500312031293,0.929713103189156,0.0084098250102463,0.3000646889103286,0.3000646889103286
2024-11-19,0.5831622176591376,-0.04540666842236112,0.262827449690707,0.29765364678995,0.8950132055795693,0.9463737317256118,0.005630050002858,0.3186801986287886,0.3186801986287886
2024-11-20,0.5859000684462696,-0.08562647476175066,0.256705904634841,0.343222894752375,0.916254888325219,0.967043117474917,0.0027599778075157,0.3389670982961821,0.3389670982961821
2024-11-21,0.5886379192334018,-0.054177803739787526,0.277670958763007,0.42999256699376204,0.9332367796671088,0.9784157083481526,0.0014410368192816,0.3810510560040505,0.3810510560040505
2024-11-22,0.5913757700205339,-0.07901754867172617,0.293019012702433,0.479672241745514,0.9449215051367632,0.9826990429722702,0.0009529106727808,0.3849198563931626,0.3849198563931626
2024-11-23,0.5941136208076659,-0.061682919138824975,0.329617565409263,0.43794856863657905,0.944398032263886,0.9727659042913962,0.001514269310912,0.3714015549023131,0.3714015549023131
2024-11-24,0.5968514715947981,-0.10439248656376048,0.309802000897581,0.490923172383586,0.9458054712235888,0.9701397180341876,0.0016182639102679,0.3727028588179557,0.3727028588179557
2024-11-25,0.5995893223819302,0.04278256403184226,0.24553975696727198,0.425531978265683,0.9084698761511076,0.915439082846573,0.007739871219829,0.3202112427966668,0.3202112427966668
2024-11-26,0.6023271731690623,0.060672805818030105,0.26376366234931803,0.444076038689653,0.8681369226700951,0.876220379132634,0.0163219617182997,0.3070677912201702,0.3070677912201702
2024-11-27,0.6050650239561944,0.08489883240084382,0.16871186171195598,0.41122803675587505,0.8644298291452689,0.8988707099513802,0.013710115130309,0.3482974422340934,0.3482974422340934
2024-11-28,0.6078028747433265,0.06000460734416151,0.17261249259960199,0.457413178033843,0.8566358675706084,0.906901319687054,0.0133470115333867,0.3439648480437434,0.3439648480437434
2024-11-29,0.6105407255304586,0.05523699062082547,0.16828541551588,0.465162005706187,0.8695097798522983,0.930138656837851,0.0091162220490429,0.3615939020953593,0.3615939020953593
2024-11-30,0.6132785763175906,0.012933477389833732,0.16926278611420797,0.416707283865702,0.8674156225849289,0.930999382531554,0.0091484039083093,0.3500514370517269,0.3500514370517269
2024-12-01,0.6160164271047228,-0.003548293929919117,0.140007585497066,0.49841109831465197,0.8699030307058121,0.9402566775243222,0.007772425189651,0.3575235288047622,0.3575235288047622
2024-12-02,0.6187542778918549,0.013518406029916531,0.20809342101528,0.5689034608908701,0.8370808383966712,0.9298557825155171,0.0114278371038934,0.3417821772818143,0.3417821772818143
2024-12-03,0.621492128678987,0.003812176067262793,0.20042232371986798,0.56096122492079,0.8096441033344906,0.9261095283766628,0.0140654869808977,0.3421145156785794,0.3421145156785794
2024-12-04,0.6242299794661191,-0.009835982371225047,0.235826062434869,0.544372627350937,0.8401400744126489,0.9536303161247752,0.0074126542138024,0.3694117257192477,0.3694117257192477
2024-12-05,0.6269678302532512,0.02812039511919638,0.22142728254417698,0.5131771134863871,0.7712131030861954,0.9056002808343316,0.0215974188174478,0.3460484888620012,0.3460484888620012
2024-12-06,0.6297056810403833,-0.17208211748900704,0.08373821614600299,0.482738654624264,0.7627754007463412,0.9140124158526576,0.0203983701901435,0.378796696893767,0.378796696893767
2024-12-07,0.6324435318275154,-0.1700173415337022,0.13969945982485998,0.456878335319355,0.7564904156634215,0.9182440672746562,0.0199083531949977,0.3777072270140902,0.3777072270140902
2024-12-08,0.6351813826146475,-0.16946824600955834,0.092381068638391,0.41986277291965196,0.7714507357922001,0.933153600683208,0.0152776953787936,0.3896355639643332,0.3896355639643332
2024-12-09,0.6379192334017796,-0.08504798023545095,0.109523954845609,0.43756191850245796,0.7085791918494614,0.9035404756777906,0.0281103125317947,0.3502447596928455,0.3502447596928455
2024-12-10,0.6406570841889117,-0.1382388132178872,0.133333478655133,0.46214402346822697,0.6438634071657187,0.8813531827498019,0.0422544732461171,0.3413493737050572,0.3413493737050572
2024-12-11,0.6433949349760438,-0.42807226150360395,0.11085826784119099,0.49262559356616,0.6809647886653357,0.9140942967979214,0.027406944175928,0.3857023149926331,0.3857023149926331
2024-12-12,0.6461327857631759,-0.4244457402858586,0.08866274959156101,0.503780532374842,0.687274053358961,0.9194512839166424,0.0251896734878882,0.3733580202560382,0.3733580202560382
2024-12-13,0.648870636550308,-0.4496023334951694,0.048835145254768,0.556432454191644,0.7189727743813161,0.9359329837341934,0.0180045758348467,0.386295218187314,0.386295218187314
2024-12-14,0.6516084873374401,-0.5319562308169875,0.030936705420394,0.58253381011704,0.7411037968379115,0.943332838651096,0.0146709129172046,0.3843257499291592,0.3843257499291592
2024-12-15,0.6543463381245722,-0.5759232269118809,0.029055914471837998,0.5752124606908611,0.7927148320726313,0.9645276174737734,0.0073528987687327,0.4116427006730809,0.4116427006730809
2024-12-16,0.6570841889117043,-0.5747115745687013,0.015933842445892,0.561375794430119,0.818802974439133,0.9663993672779922,0.0060883347061909,0.4269585017818436,0.4269585017818436
2024-12-17,0.6598220396988365,-0.5826840612704424,0.025306648878811,0.571259019753254,0.8318421947842991,0.9640883718466212,0.0060388205719945,0.4268591980740552,0.4268591980740552
2024-12-18,0.6625598904859685,-0.39068503053365283,0.164659392181032,0.638108865859548,0.7474668317073574,0.9081539059483889,0.0231941851261574,0.3665731263043703,0.3665731263043703
2024-12-19,0.6652977412731006,-0.3678232875944311,0.207137237228198,0.667126497286547,0.6449929522664319,0.8572784857299726,0.0506671434290667,0.3396571873841747,0.3396571873841747
2024-12-20,0.6680355920602327,-0.38536173664807444,0.088114214352945,0.584185918919977,0.5722091781153646,0.8342206729715965,0.0709188745609624,0.3412805923579807,0.3412805923579807
2024-12-21,0.6707734428473648,-0.46792432070370094,0.060764842335359,0.616553204168748,0.5094588691165335,0.8179207449668973,0.0893173636743573,0.3347451605804661,0.3347451605804661
2024-12-22,0.6735112936344969,-0.4486165178400362,0.012094602790604002,0.6438534365476011,0.429823414071514,0.7907318126627145,0.1193198205994162,0.311628852017014,0.311628852017014
2024-12-23,0.676249144421629,-0.45397575347337316,0.051167835397567,0.6853921732116269,0.3636631418141965,0.7733768181996542,0.1442086834989022,0.306148118984499,0.306148118984499
2024-12-24,0.6789869952087612,-0.3751858412925522,0.071634969556595,0.7071507746729171,0.3753510806039549,0.8005343286918969,0.1245960160392133,0.3463288134505387,0.3463288134505387
2024-12-25,0.6817248459958932,-0.5017362099221606,0.13480644500283,0.7443429774703441,0.3936916264042885,0.8197094949711372,0.1093116428787992,0.3515272257897344,0.3515272257897344
2024-12-26,0.6844626967830253,-0.44381899443770795,0.10466265721232601,0.717613034747659,0.3515086406163671,0.7978286420808923,0.1311063787253971,0.314532382747446,0.314532382747446
2024-12-27,0.6872005475701575,-0.5126138502709459,0.18099529937821401,0.735586643948362,0.2945400563514526,0.769795336907286,0.1624001686530188,0.2963017946820852,0.2963017946820852
2024-12-28,0.6899383983572895,-0.5072108966681114,0.18099529937821401,0.7345193663469771,0.2673336240946931,0.764925219421503,0.1722313875531826,0.3057882170069668,0.3057882170069668
2024-12-29,0.6926762491444216,-0.5123656044358724,0.213732001313464,0.7227957397800799,0.2215501234565218,0.7451585708441911,0.1983812790645029,0.2874159592852212,0.2874159592852212
2024-12-30,0.6954140999315537,-0.5131279434939641,0.226026048603442,0.735702536031313,0.1857197526205602,0.7243353896250213,0.2244682471298945,0.2768377490196751,0.2768377490196751
2024-12-31,0.6981519507186859,-0.5132499842195836,0.260071879663075,0.771445249096092,0.1704388820154993,0.72138087397154,0.2311315936800337,0.2842324107767826,0.2842324107767826
2025-01-01,0.7008898015058179,-0.5159912809154914,0.191639358761015,0.75009907175698,0.1735870489908389,0.7247546518730081,0.2274663203971712,0.2937194682982955,0.2937194682982955
2025-01-02,0.70362765229295,-0.4839466740078674,0.283914314664566,0.898674543811701,0.2123335158809909,0.7502814106050105,0.1966949633279098,0.3184387277866793,0.3184387277866793
2025-01-03,0.7063655030800822,-0.5150630691056016,0.245439223268206,0.795679639812738,0.2593942537011098,0.7750659075453761,0.1665874814104203,0.3298764123506554,0.3298764123506554
2025-01-04,0.7091033538672142,-0.5395604343758914,0.306498712688518,0.834327724079329,0.2965893189034091,0.7887266631897495,0.1486119217432477,0.3301070408226199,0.3301070408226199
2025-01-05,0.7118412046543463,-0.5969452278058576,0.281211257262576,0.8494322779160091,0.3256468018579909,0.7963324877729149,0.1373438382279616,0.3298272191216806,0.3298272191216806
2025-01-06,0.7145790554414785,-0.526874625755953,0.21609897981957799,0.7807213812228151,0.4029389351674266,0.8370454546446716,0.0972938143691602,0.366285733643565,0.366285733643565
2025-01-07,0.7173169062286106,-0.41080093227452064,0.24252143674809298,0.808604152025678,0.3946841397148021,0.803625035956924,0.1188688802982093,0.3133909643181454,0.3133909643181454
2025-01-08,0.7200547570157426,-0.45873970806357633,0.276966064036745,0.824568134475991,0.3775104700956692,0.7678844798815331,0.1444894810020437,0.292754538759695,0.292754538759695
2025-01-09,0.7227926078028748,-0.42911291848637195,0.26127807701400396,0.7896034856206401,0.3106135960469683,0.72409444790325,0.1902055363906543,0.2644157929947912,0.2644157929947912
2025-01-10,0.7255304585900069,-0.50363807002176,0.27551330396685,0.78383174633974,0.3086806595997262,0.7246550590887806,0.1903512829332965,0.2870553525068988,0.2870553525068988
2025-01-11,0.7282683093771389,-0.5076866617171342,0.25149611671946503,0.7510543997011381,0.3042970990929337,0.7235696513954152,0.1923133954229612,0.2845782824586891,0.2845782824586891
2025-01-12,0.731006160164271,-0.5202742303717199,0.247663694007373,0.695474552894916,0.2993091438590393,0.7222354636120827,0.1946270708072467,0.2827007933648744,0.2827007933648744
2025-01-13,0.7337440109514032,-0.5200426256481903,0.276635428455387,0.7257123180865239,0.3221675606479158,0.7218527944257598,0.1885371988533529,0.2819479454728117,0.2819479454728117
2025-01-14,0.7364818617385352,-0.539564280323421,0.21214921897816802,0.658408137048696,0.3768051664511614,0.7420928059193931,0.1607264308861118,0.3020067893187708,0.3020067893187708
2025-01-15,0.7392197125256673,-0.4694553083592771,0.20868385876867,0.6387746600235731,0.491570397381717,0.7924212874591356,0.1055391623291664,0.3412271855834703,0.3412271855834703
2025-01-16,0.7419575633127995,-0.46842645696779117,0.18698579068054,0.625060540415556,0.5637511325117669,0.8100147675950633,0.0828808424761424,0.3326802251574392,0.3326802251574392
2025-01-17,0.7446954140999316,-0.531354175039211,0.12218825416456301,0.623724681813926,0.6514259455355024,0.8664601223406553,0.0465485365884107,0.377659302207963,0.377659302207963
2025-01-18,0.7474332648870636,-0.5690350398328626,0.08670738679628501,0.617535755148213,0.7163704524369876,0.8941362612254088,0.0300260843319662,0.3760353301498806,0.3760353301498806
2025-01-19,0.7501711156741958,-0.5121960669470479,0.16075038871842,0.627854905510145,0.7108359281836796,0.8743684638761776,0.0363281265341036,0.3426492375457375,0.3426492375457375
2025-01-20,0.7529089664613279,-0.5115209013474264,0.16075038871842,0.627854905510145,0.6937502531812458,0.8665125416137738,0.0408805003342607,0.3506868230883722,0.3506868230883722
2025-01-21,0.75564681724846,-0.47504641794906116,0.040884110832797,0.502478199981937,0.7329335675712525,0.903699955066908,0.0257185094430089,0.3892538385365469,0.3892538385365469
2025-01-22,0.758384668035592,-0.4434906261286429,0.012032326204776,0.471441914164072,0.7309281701948735,0.8974707684382887,0.0275877279448231,0.3643859542419267,0.3643859542419267
2025-01-23,0.7611225188227242,-0.5151075803209169,-0.019397661216413,0.463877669613823,0.7332909686243201,0.8974137572142906,0.0273606774458468,0.3662440479038285,0.3662440479038285
2025-01-24,0.7638603696098563,-0.5140777358438037,-0.075743550585967,0.371658098235434,0.7458830368177624,0.9059407877206752,0.0239020413837354,0.3733713365049951,0.3733713365049951
2025-01-25,0.7665982203969883,-0.5861645722267066,-0.063811599883297,0.34768376641517396,0.7540070540604308,0.9091605294342228,0.0223458689720663,0.3712676226488209,0.3712676226488209
2025-01-26,0.7693360711841205,-0.5809269609822201,-0.051851625795719,0.381679839518052,0.7345124212270071,0.8905378081258086,0.0290608522878638,0.3505801472849175,0.3505801472849175
2025-01-27,0.7720739219712526,-0.5805275966532596,-0.061111450195312,0.372016480200252,0.7124019092896106,0.875304341337435,0.0358622333512281,0.343684818266853,0.343684818266853
2025-01-28,0.7748117727583846,-0.5954637279184405,-0.012036782723883999,0.423229778067848,0.686309843039478,0.8601685337382533,0.0438637545996672,0.3351792985266044,0.3351792985266044
2025-01-29,0.7775496235455168,-0.583573457557534,-0.012022311728473001,0.383616746641681,0.6965917187429603,0.876204270724065,0.0375606494465732,0.3572116977757904,0.3572116977757904
2025-01-30,0.7802874743326489,-0.5827796711710097,-0.06359985488046,0.357417482250002,0.7172986571384287,0.8934751841180748,0.0301147084979018,0.3660159193643242,0.3660159193643242
2025-01-31,0.783025325119781,-0.5522194291597962,-0.011060477421904,0.377286453116192,0.7034872980558116,0.8754762621554266,0.0369228699644842,0.3424311267870923,0.3424311267870923
2025-02-01,0.785763175906913,-0.5620354341124123,-0.09324404870258302,0.41418463281833195,0.6711048998922498,0.8479004927937926,0.050024782648925,0.3241302972037534,0.3241302972037534
2025-02-02,0.7885010266940452,-0.5232878402560991,-0.053234898385144,0.39420684117973304,0.6094602269855189,0.8015457273635576,0.0775042865891901,0.2931574814365039,0.2931574814365039
2025-02-03,0.7912388774811773,-0.4584615546718045,0.003671493037886,0.453673089451756,0.5992523951218227,0.8137698018570413,0.074631305861779,0.3294195220212188,0.3294195220212188
2025-02-04,0.7939767282683093,-0.39921767245320805,-0.090867176824231,0.35488172572714904,0.5421672029165556,0.7789100620784545,0.1012222246856262,0.2928984130101302,0.2928984130101302
2025-02-05,0.7967145790554415,-0.4609812851538617,-0.062811776441692,0.312500205690875,0.4817786731705148,0.7471794277701914,0.1310170123907211,0.2789338839873849,0.2789338839873849
2025-02-06,0.7994524298425736,-0.5868519498246246,-0.078312001746031,0.327004574417617,0.4361774553710853,0.7310620046867506,0.1516333048649153,0.2776610826780707,0.2776610826780707
2025-02-07,0.8021902806297057,-0.6067882640889515,-0.09625038570090999,0.389460826517513,0.401078335811115,0.7222724082656683,0.1663370714326971,0.275953788818823,0.275953788818823
2025-02-08,0.8049281314168378,-0.6483089376872222,-0.10441467177706099,0.390459456387681,0.3741016792084368,0.7173468092466451,0.1769121574589022,0.2744293610602977,0.2744293610602977
2025-02-09,0.8076659822039699,-0.6757083836650775,-0.146830878973729,0.36056791141590905,0.3541159503071129,0.7150848052180436,0.1840221798248077,0.2735716600999627,0.2735716600999627
2025-02-10,0.810403832991102,-0.6717580792383238,-0.121295194942682,0.387418581014542,0.3627549247786586,0.7246245090194219,0.1754816754640323,0.2821937508323913,0.2821937508323913
2025-02-11,0.813141683778234,-0.6541639224750959,-0.154126987495516,0.352896082494622,0.3430903598416978,0.7101564108943537,0.1904010478215809,0.2636617089802868,0.2636617089802868
2025-02-12,0.8158795345653662,-0.630330218200619,-0.18370286102991198,0.38983569886913805,0.3620590786807751,0.7262845884112198,0.1746142618482173,0.2847031879417763,0.2847031879417763
2025-02-13,0.8186173853524983,-0.6427497552783941,-0.179372119034196,0.37613609152204797,0.3563874791332307,0.7198739956086151,0.1802926038466749,0.2706887827729574,0.2706887827729574
2025-02-14,0.8213552361396304,-0.7280270094247213,-0.2310016250492,0.140831992435799,0.3705149394956312,0.7242089303169265,0.1736063581860141,0.2787644958217878,0.2787644958217878
2025-02-15,0.8240930869267625,-0.7303173069185356,-0.219346495019292,0.197110086736818,0.3822864605789582,0.7257986893948604,0.1693778620877892,0.278453784674836,0.278453784674836
2025-02-16,0.8268309377138946,-0.8550713212386062,-0.25422943009503496,0.149523780459448,0.3679645365558179,0.7099866283274058,0.1832987357700979,0.2629145682486342,0.2629145682486342
2025-02-17,0.8295687885010267,-0.8552818273898339,-0.25422943009503496,0.149523780459448,0.3506065320963712,0.6973342409048646,0.1965491669144742,0.2577001232320892,0.2577001232320892
2025-02-18,0.8323066392881588,-0.9117600000700959,-0.210333374893243,0.195238385881695,0.3337359289964179,0.68824476291515,0.207711313416839,0.2542283960525111,0.2542283960525111
2025-02-19,0.8350444900752909,-0.9082006678553461,-0.199359884370888,0.1544435511918,0.3391389783846985,0.6966524054353971,0.2004706012485077,0.2646020680065124,0.2646020680065124
2025-02-20,0.837782340862423,-0.9998255359959546,-0.159170947581273,0.030182956513528997,0.3742694367470666,0.7209256970157185,0.1746253207957742,0.2809807715255523,0.2809807715255523
2025-02-21,0.840520191649555,-1.0028768954879639,-0.144217212258549,0.01220860718629,0.3867284353688058,0.7069653657544976,0.1797098086348689,0.2572381446812883,0.2572381446812883
2025-02-22,0.8432580424366872,-1.0013461719872536,-0.133271855690411,-0.005624595446109,0.4083750921117058,0.7053290638066636,0.17433466548274,0.2609008883041515,0.2609008883041515
2025-02-23,0.8459958932238193,-1.0096245806929305,-0.077252588625668,-0.00749853118605,0.4178709231937824,0.7009204250818206,0.1741029168387157,0.2567220201426554,0.2567220201426554
2025-02-24,0.8487337440109514,-0.8580039099493523,-0.07818353948225601,-0.008436026359130001,0.3145221013734186,0.638045382750045,0.2481118904306877,0.2039733054675423,0.2039733054675423
2025-02-25,0.8514715947980835,-0.8331044500663459,-0.105175433463782,-0.035617665584098,0.2841022995388529,0.5629627442072188,0.3128739664379021,0.1732200651912165,0.1732200651912165
2025-02-26,0.8542094455852156,-0.715296609675865,-0.085708794515818,0.013172693945846001,0.2438043801943641,0.4239204529414039,0.435628830145325,0.1215471084134502,0.1215471084134502
2025-02-27,0.8569472963723477,-0.7094081490843274,-0.058404085173947004,0.096977571619942,0.218535972380774,0.3472534542807133,0.510097944632331,0.1248263783108072,0.1248263783108072
2025-02-28,0.8596851471594799,-0.7581084396525717,-0.036111054597077,0.087176631281904,0.2359533462765385,0.3025849852958798,0.5328576082411818,0.1199648310690495,0.1199648310690495
2025-03-01,0.8624229979466119,-0.7348863316183021,-0.017625457887511,0.05982980109797,0.268533789053838,0.2967094423374749,0.5144332794076204,0.138480898113336,0.138480898113336
2025-03-02,0.865160848733744,-0.3040392913640027,-0.070130305155358,0.01116408493506,0.389637392041511,0.407530735205232,0.3616210855953832,0.2286863565914121,0.2286863565914121
2025-03-03,0.8678986995208761,-0.013002957637255797,-0.14948811530164302,-0.068843415989957,0.3841939917810149,0.3303895775182694,0.4123501213303026,0.1369102052525601,0.1369102052525601
2025-03-04,0.8706365503080082,-0.025084615335341624,-0.242687534941072,-0.162805845639508,0.3937182049747493,0.3105536032301693,0.4179987990073042,0.1492975711140332,0.1492975711140332
2025-03-05,0.8733744010951403,-0.0222663132024186,-0.298192500568932,-0.101104833752122,0.4408792296353577,0.3557346025305347,0.3602221653524098,0.1865696074629586,0.1865696074629586
2025-03-06,0.8761122518822724,-0.06027165270520917,-0.36124504992144,-0.275675592818059,0.4684633465922713,0.3676039752518889,0.3361416666229621,0.1782615168342989,0.1782615168342989
2025-03-07,0.8788501026694046,-0.02261741269971348,-0.347648766453584,-0.211161901819301,0.4512785179044841,0.3213929681860474,0.372366256257391,0.1408679142302293,0.1408679142302293
2025-03-08,0.8815879534565366,-0.022708060706008726,-0.357508219540656,-0.211161901819301,0.4314710224240298,0.2887611457197546,0.4043598986362524,0.1331149142752057,0.1331149142752057
2025-03-09,0.8843258042436687,0.1128990689030083,-0.388745329696965,-0.179686170253829,0.3512765566959912,0.1824828112676706,0.5303425656346499,0.0655741002999263,0.0655741002999263
2025-03-10,0.8870636550308009,0.12491471943928469,-0.38226557001300504,-0.17306546610846502,0.2760427707399371,0.1087746313800943,0.6452090485123451,0.0386762001679414,0.0386762001679414
2025-03-11,0.8898015058179329,0.243137455706573,-0.425768089146693,-0.217514230076539,0.2752103332577715,0.1503836136615058,0.6157931775130137,0.0914246551174766,0.0914246551174766
2025-03-12,0.892539356605065,0.2437877450395934,-0.434822664119497,-0.26679158471667097,0.2839870610796082,0.1844249728322037,0.5839622721124921,0.1008215790639042,0.1008215790639042
2025-03-13,0.8952772073921971,0.26258586034114006,-0.38254884109312404,-0.23878921217842902,0.2615444156442871,0.1605776233870702,0.6198761416429625,0.0676780891659376,0.0676780891659376
2025-03-14,0.8980150581793293,0.29128129685971854,-0.390958043844207,-0.246379086647942,0.2864968613673798,0.1933191057614647,0.5755693499141636,0.1019242863946487,0.1019242863946487
2025-03-15,0.9007529089664612,0.29190204710599327,-0.334544443161544,-0.188250674581818,0.3111291773478237,0.2154454721877633,0.5404567229895052,0.1054361489093604,0.1054361489093604
2025-03-16,0.9034907597535934,0.2937838861845915,-0.267429715894004,-0.212324240264368,0.3082422078203224,0.1993712665236859,0.5538411650251865,0.0833879676209239,0.0833879676209239
2025-03-17,0.9062286105407256,0.30984206940712866,-0.300271836108261,-0.245352311425011,0.3323185477612606,0.214356183740214,0.5245598041827193,0.1004126791484871,0.1004126791484871
2025-03-18,0.9089664613278576,0.31101190978738374,-0.312470849262508,-0.25762039496893396,0.3319549643927982,0.2009628149188896,0.5337928247589887,0.0832201353710431,0.0832201353710431
2025-03-19,0.9117043121149896,0.39856896349054305,-0.294641962901397,-0.256241279472803,0.3878156780072455,0.2579110368165599,0.4542952287847603,0.1310607376065551,0.1310607376065551
2025-03-20,0.914442162902122,0.4219417732643567,-0.298926154732525,-0.239661937517697,0.3932406678967957,0.2450342872649769,0.4580824916199222,0.0987073452665949,0.0987073452665949
2025-03-21,0.917180013689254,0.4145596428603037,-0.287394035987508,-0.245525514859016,0.3956270189896939,0.2366883915474524,0.4613249122402376,0.096307696973847,0.096307696973847
2025-03-22,0.919917864476386,0.3993808714727727,-0.211585487820662,-0.268324866412481,0.3945562080780124,0.2292720809983379,0.4666324338205088,0.0928731975462522,0.0928731975462522
2025-03-23,0.922655715263518,0.417992246493883,-0.236375973926807,-0.271962959075642,0.4283218203476334,0.2597567135008345,0.4231809345257282,0.1180932275686093,0.1180932275686093
2025-03-24,0.9253935660506504,0.4282858801902674,-0.22042945883755102,-0.256074566707431,0.4892605557694719,0.2972291148174659,0.3589328113195236,0.1337921247419498,0.1337921247419498
2025-03-25,0.9281314168377824,0.42854653613842336,-0.227933617040035,-0.263551373348057,0.5345441842620476,0.315546564975337,0.318582831934048,0.1325338915464211,0.1325338915464211
2025-03-26,0.9308692676249144,0.3541871951440725,-0.19230726563856,-0.216170460920809,0.5596874362408865,0.3159209072477856,0.301208619143736,0.125044235417393,0.125044235417393
2025-03-27,0.9336071184120466,0.3290035456499857,-0.210704347212025,-0.270194410469846,0.60087697135084,0.3203588227692306,0.2712604450510252,0.127274052831801,0.127274052831801
2025-03-28,0.9363449691991786,0.2818461013783196,-0.22364191828303198,-0.369341655915503,0.6098920061041623,0.2791198223347905,0.2812211199482499,0.0934214663123995,0.0934214663123995
2025-03-29,0.9390828199863108,0.29480256076007916,-0.298395842221783,-0.403099584813444,0.5804843858233212,0.2314838815617469,0.322404511431301,0.0714802139338832,0.0714802139338832
2025-03-30,0.9418206707734428,0.2946753720768807,-0.331753524261275,-0.332652085085399,0.5530089374531043,0.2036176289900471,0.3559758022113549,0.0673833281673559,0.0673833281673559
2025-03-31,0.944558521560575,0.2815245451899953,-0.315955906197796,-0.31685593524273403,0.5368193242499654,0.1929837709307847,0.3737943223215239,0.0690760389447024,0.0690760389447024
2025-04-01,0.947296372347707,0.021566221287969492,-0.311309214303528,-0.312209675209126,0.550948991877554,0.227990122577483,0.3466718137370672,0.0993985603682823,0.0993985603682823
2025-04-02,0.9500342231348392,-0.24641944037819696,-0.27541006476873403,-0.391521966039306,0.4855436670123218,0.2041973816209719,0.4094056968332674,0.0664781826733698,0.0664781826733698
2025-04-03,0.9527720739219712,-0.25224346454605884,-0.347077571693689,-0.5717718750473489,0.4365487224494342,0.2017978589120613,0.449748016139596,0.0730221174820329,0.0730221174820329
2025-04-04,0.9555099247091032,-0.315972677992238,-0.257234847328768,-0.484020449821369,0.4152828264141921,0.2120010235451684,0.4607565343011787,0.080984602428284,0.080984602428284
2025-04-05,0.9582477754962354,-0.3168621920678599,-0.09994243128266,-0.472579371141158,0.3881505407417445,0.2118855974018316,0.4822073710633324,0.0760218577091542,0.0760218577091542
2025-04-06,0.9609856262833676,-0.2008491499349029,-0.078967615922864,-0.461111421938296,0.3150547562523394,0.1304149963367248,0.5956181122934523,0.009701661357818,0.009701661357818
2025-04-07,0.9637234770704995,-0.19096619654815356,-0.055854605365438,-0.43888869108976997,0.3200545175515128,0.1343958617162502,0.5885636234147513,0.0217910452446741,0.0217910452446741
2025-04-08,0.9664613278576316,-0.3093831914987163,-0.084745501199219,-0.46666675143771597,0.2720766972473135,0.0936594149045248,0.6597464321215006,-0.017180450658925,-0.017180450658925
2025-04-09,0.969199178644764,-0.08197647353655874,-0.097199701726,-0.48367667255940205,0.3460985577910563,0.1641551843255686,0.5465601304323794,0.0613068766555198,0.0613068766555198
2025-04-10,0.971937029431896,-0.14094423288619756,-0.24845317422338298,-0.702368445684354,0.3501591011525755,0.1569006866408088,0.5478804156109832,0.024075982648787,0.024075982648787
2025-04-11,0.974674880219028,-0.06052833217821567,-0.369655613212305,-0.802838902753944,0.419163923299985,0.2077557202119587,0.4601640592601149,0.0695335032516215,0.0695335032516215
2025-04-12,0.9774127310061602,-0.08422953926650945,-0.390060963145093,-0.878508151016678,0.5037737624520564,0.2603223801462604,0.3670474422984393,0.0909314383987442,0.0909314383987442
2025-04-13,0.9801505817932924,-0.11461593565632784,-0.379869108661349,-0.841670346562893,0.5392649435051581,0.2635057125915528,0.3393287371172592,0.0710606417838768,0.0710606417838768
2025-04-14,0.9828884325804244,-0.11135858415398923,-0.393366928561151,-0.8545202220626549,0.5835553365891971,0.2774598137911411,0.300898004646527,0.0803418563371227,0.0803418563371227
2025-04-15,0.9856262833675564,-0.12468147258813485,-0.337446968647102,-0.8012846234118159,0.602173497639225,0.2718439622392324,0.2896797696752465,0.0690518076660939,0.0690518076660939
2025-04-16,0.9883641341546886,-0.1362785198198857,-0.38599258848293005,-0.820247987030172,0.6226386845156999,0.2742969059305453,0.2738522742290761,0.0724959188893628,0.0724959188893628
2025-04-17,0.9911019849418208,-0.14345034340498689,-0.373886157518622,-0.843928835898784,0.6533451301822089,0.2879502444364101,0.2468355153186862,0.0817872656507372,0.0817872656507372
2025-04-18,0.9938398357289528,-0.23815140418546496,-0.391569471121345,-0.8900906967122211,0.6684466565042004,0.2883615681350162,0.2359461014449431,0.0756234883175306,0.0756234883175306
2025-04-19,0.9965776865160848,-0.2761589412097886,-0.43042862651721997,-0.8976005701012301,0.690688650065907,0.29740000273197,0.2173221536186644,0.081938777003657,0.081938777003657
2025-04-20,0.999315537303217,-0.2762722154788807,-0.45249296283798,-0.936616883679394,0.7093460622692743,0.3035180719749996,0.2024352149387542,0.0823289067419033,0.0823289067419033
2025-04-21,1.002053388090349,-0.24807737746941846,-0.558170598808908,-1.03693594057074,0.7651166671863991,0.3403822255360499,0.1549332212491826,0.10855566193041,0.10855566193041
2025-04-22,1.0047912388774811,-0.11066567928398423,-0.496685402136317,-0.9785684639868559,0.8189938656532502,0.444213542202941,0.1006007582481186,0.1730735899759334,0.1730735899759334
2025-04-23,1.0075290896646132,-0.11838276934864124,-0.423940697081944,-0.920334924594508,0.8538391262459107,0.4998378521795072,0.0731041365441651,0.1748546260203642,0.1748546260203642
2025-04-24,1.0102669404517457,-0.11865003114026242,-0.469379859409109,-0.9133335805014251,0.8830165916942622,0.5311779797550378,0.0548443978170373,0.1764939170248798,0.1764939170248798
2025-04-25,1.0130047912388775,-0.1206915689860452,-0.48589207869652495,-0.8818402640138461,0.8999815415487624,0.5580467657228467,0.0442034811999395,0.1837547364530412,0.1837547364530412
2025-04-26,1.0157426420260096,-0.12019913265005704,-0.44201004012781403,-0.870961632113477,0.9118430362685428,0.5704204014317159,0.0378704330907581,0.1820060045901073,0.1820060045901073
2025-04-27,1.0184804928131417,-0.16494778096799392,-0.439254099827883,-0.90352056618969,0.9102842301331304,0.5637448755498788,0.0391389643484096,0.1715706122619664,0.1715706122619664
2025-04-28,1.0212183436002735,-0.18696820789648136,-0.48346777537813,-0.945587241168337,0.9233920158962582,0.5780537341133725,0.0323244528296759,0.1835681250794945,0.1835681250794945
2025-04-29,1.0239561943874058,-0.18369774147998688,-0.461361304259797,-0.92455425253108,0.9250311304772292,0.5752024411407313,0.0318465927637121,0.1752676262912853,0.1752676262912853
2025-04-30,1.026694045174538,-0.18271914795876856,-0.45485058107785603,-0.90352056618969,0.9212303880963006,0.5726597159779185,0.033661428323236,0.1734796039945543,0.1734796039945543
2025-05-01,1.0294318959616702,-0.19636393093050258,-0.38461558162936105,-0.722746412645338,0.9281452080031564,0.6043344583210303,0.0284304651976608,0.1964657740631636,0.1964657740631636
2025-05-02,1.0321697467488022,-0.2516879989242195,-0.367016438512415,-0.755292438498983,0.9296614679709088,0.6261948401643653,0.0262929062077383,0.1998041730795208,0.1998041730795208
2025-05-03,1.0349075975359343,-0.24180231027462643,-0.202801969336068,-0.7450257125769539,0.913404505975194,0.622443280797104,0.0326947106217597,0.1882668100015685,0.1882668100015685
2025-05-04,1.0376454483230664,-0.22466203870229423,-0.29314664545464797,-0.692479734953815,0.8744344386051456,0.5978468845518273,0.0504965817079395,0.1707332915532315,0.1707332915532315
2025-05-05,1.0403832991101984,-0.2273502165042222,-0.309648118419583,-0.70830234897861,0.8525029015356449,0.5917785092871171,0.0602114854109439,0.1743383244257739,0.1743383244257739
2025-05-06,1.0431211498973303,-0.43593124810721795,-0.366918938309953,-0.763217087798252,0.8707449418772244,0.6183655489656854,0.0493281831500938,0.1948117790910508,0.1948117790910508
2025-05-07,1.0458590006844628,-0.43665343112420607,-0.35347680131397696,-0.720141232649772,0.8876311674686213,0.6349730200666817,0.041017655577562,0.196204835845096,0.196204835845096
2025-05-08,1.0485968514715949,-0.40433713775482194,-0.22533019769364898,-0.670251522466258,0.9066190738350004,0.7328018760886574,0.0249512082803914,0.2572163110882943,0.2572163110882943
2025-05-09,1.051334702258727,-0.6409932292295962,-0.248785728865558,-0.7092595983434601,0.9136429681280772,0.7778145826923313,0.0191872731639148,0.2535791540995422,0.2535791540995422
2025-05-10,1.054072553045859,-0.7456496339127461,-0.052543510881324,-0.692022866667769,0.9320699853502844,0.825199338088423,0.0118742115244334,0.2691754722295751,0.2691754722295751
2025-05-11,1.056810403832991,-0.8189570661447211,0.056123227645292,-0.740980548599707,0.9382616765579246,0.8403853818816611,0.0098543389194733,0.2625068730462097,0.2625068730462097
2025-05-12,1.0595482546201231,-0.8110454963179587,0.201443391543467,-0.607179262183993,0.9143870321581304,0.8534944188448061,0.012542777608094,0.2489958026657515,0.2489958026657515
2025-05-13,1.0622861054072552,-0.8486066525219824,0.12226911561721202,-0.680077748435278,0.907719859688755,0.8819130552972393,0.0108970798260969,0.2610903932333279,0.2610903932333279
2025-05-14,1.0650239561943875,-0.8387392220417043,0.140505974955309,-0.72942445215745,0.891503018795268,0.8864719999872294,0.0123174452835963,0.254008328534141,0.254008328534141
2025-05-15,1.0677618069815196,-0.8556534149760512,0.065854722079019,-0.655798619034351,0.8797728538571712,0.8918931568128126,0.0129973772349058,0.2549760221216175,0.2549760221216175
2025-05-16,1.0704996577686516,-0.8505255599165101,0.172066726879875,-0.603272483984156,0.8660214292538058,0.9001478683375127,0.0133780458861008,0.2515014276983489,0.2515014276983489
2025-05-17,1.0732375085557837,-0.8456078893482262,0.172066726879875,-0.612870828664587,0.8499227428467127,0.8996131903978904,0.0150657770394538,0.2476080589494831,0.2476080589494831
2025-05-18,1.0759753593429158,-0.8201417657674355,0.172066726879875,-0.643280684815125,0.8846908919172476,0.9474564436275904,0.0060587506207983,0.2776379418172396,0.2776379418172396
2025-05-19,1.0787132101300478,-0.8060310694587044,0.105655371380251,-0.70436880283827,0.8875665231041171,0.9513186650634676,0.0054734117468473,0.2686969230260807,0.2686969230260807
2025-05-20,1.08145106091718,-0.8073699313366864,0.074462217107642,-0.733061653260968,0.906670668036585,0.9678098591257288,0.0030042843436039,0.2788285725739019,0.2788285725739019
2025-05-21,1.0841889117043122,-0.8084751888255386,0.130240007651132,-0.8087151182524439,0.914903334684102,0.969487090052492,0.0025965468856172,0.3044625401029073,0.3044625401029073
2025-05-22,1.0869267624914445,-1.0240080595010854,0.105135557498809,-0.741015197095402,0.9321806562507712,0.980788535677304,0.0013029089028269,0.3214394297818632,0.3214394297818632
2025-05-23,1.0896646132785763,-0.8868701637790042,-0.073116561930604,-0.8180472143168529,0.8860997328275398,0.928018310698706,0.0081987336429424,0.2803505172568705,0.2803505172568705
2025-05-24,1.0924024640657084,-0.8871073708806865,-0.018128744437108,-0.7641410059453969,0.858315439082161,0.9083386677202832,0.0129869956171958,0.284002848871971,0.284002848871971
2025-05-25,1.0951403148528405,-0.8849676185989019,-0.036191877544345,-0.700009299599816,0.8542275342968964,0.9150738343614648,0.0123798965678394,0.2944452987062451,0.2944452987062451
2025-05-26,1.0978781656399723,-0.8868391092490787,-0.054287816316518,-0.716899635124939,0.8566135409204004,0.9238362868894946,0.0109208451332698,0.2971167125438967,0.2971167125438967
2025-05-27,1.1006160164271048,-0.8948475450087384,0.005026180933922,-0.6615373061786931,0.8463731490829326,0.9222797954443052,0.0119399102785216,0.292002951142047,0.292002951142047
2025-05-28,1.103353867214237,-0.8837983261974959,0.087869417070653,-0.627756635128448,0.8155755318132268,0.9056182355067188,0.0174063067232026,0.2799781700928374,0.2799781700928374
2025-05-29,1.106091718001369,-0.8551354302557587,0.0040307251499810005,-0.72582943026206,0.7198622911567145,0.8685055572042082,0.0368365519304375,0.2587201687299068,0.2587201687299068
2025-05-30,1.108829568788501,-0.8337200218489236,-0.014074533822294,-0.7315476786265771,0.6112536330234944,0.8280596015500253,0.0668412052339204,0.2420412343121292,0.2420412343121292
2025-05-31,1.111567419575633,-0.8600435717805638,-0.09177039091723901,-0.6592058254884641,0.5441288190903435,0.8163559940269978,0.0837180098698925,0.2471664955352732,0.2471664955352732
2025-06-01,1.1143052703627652,-0.8572839982639162,-0.066999816894532,-0.6828626524358181,0.5165090593959053,0.8240122300641056,0.0850884924211226,0.2558002144934832,0.2558002144934832
2025-06-02,1.1170431211498972,-0.8687987278721979,-0.13000030517578,-0.741957003735475,0.4928183788595429,0.8308966808954161,0.0857660955236948,0.2569586417532665,0.2569586417532665
2025-06-03,1.1197809719370295,-0.8903655816881929,-0.074999999999999,-0.690366810638299,0.4643882169434237,0.828356749125208,0.0919341476506746,0.2517009622201058,0.2517009622201058
2025-06-04,1.1225188227241616,-0.8838604274574673,-0.10417719086966899,-0.7326451848392621,0.4264339004987736,0.8177553257314247,0.1045293669750982,0.2440321277065074,0.2440321277065074
2025-06-05,1.1252566735112937,-0.8384267038292943,-0.050382911201426,-0.712068466622997,0.3445163506237481,0.7704117469035726,0.1504913459935647,0.2124506243817805,0.2124506243817805
2025-06-06,1.1279945242984255,-0.8000486480848882,-0.04216425724042,-0.679383184733871,0.3440839995204938,0.7842316810273954,0.1415258928106971,0.2387816783344902,0.2387816783344902
2025-06-07,1.1307323750855578,-1.029994937388115,-0.144077599069555,-0.7506523296083469,0.3703194028102705,0.8074641533850978,0.1212360868769017,0.2494453336858857,0.2494453336858857
2025-06-08,1.13347022587269,-1.0307987805280094,-0.114609720794869,-0.782454987565102,0.393854859631237,0.8214519173265492,0.1082260526346723,0.2501237587368603,0.2501237587368603
2025-06-09,1.136208076659822,-0.9350631287118062,-0.139525009724932,-0.8056870290651499,0.5090600013822435,0.888398295890422,0.0547897404612955,0.2907539611380283,0.2907539611380283
2025-06-10,1.1389459274469542,-0.9384430041124326,-0.12856222176736298,-0.795464874086278,0.5946647103902454,0.9213803613073602,0.0318673140184954,0.2893908532779559,0.2893908532779559
2025-06-11,1.1416837782340865,-0.9347154122607857,-0.310443426042582,-0.760655994995975,0.6248231105604365,0.9169486223329554,0.0311589575367922,0.274023980287053,0.274023980287053
2025-06-12,1.1444216290212184,-0.8969877847390091,-0.304950676342047,-0.739549825308216,0.5894622665981013,0.8779979574432301,0.0500864420216583,0.2473213747686031,0.2473213747686031
2025-06-13,1.1471594798083504,-0.8998569096544581,-0.283056273202393,-0.714961009204263,0.5792342264959808,0.860679552758928,0.0586212757483155,0.2478451315055689,0.2478451315055689
2025-06-14,1.1498973305954825,-0.8972419896625315,-0.267644431180898,-0.565058369341887,0.5565602176527665,0.8437802098922829,0.0692740697236965,0.2409982166550026,0.2409982166550026
2025-06-15,1.1526351813826146,-0.8978415566041852,-0.287861918897321,-0.545068974607575,0.5414857931236532,0.8363911536969758,0.0750169804005852,0.2407537397284365,0.2407537397284365
2025-06-16,1.1553730321697468,-0.8912976022310469,-0.30566786525170997,-0.562403365162643,0.5603704945178042,0.8492782744475281,0.0662617176700564,0.251472098052437,0.251472098052437
2025-06-17,1.158110882956879,-0.923721054729342,-0.224552055129075,-0.48343574923977795,0.5231031538294747,0.8264727495787295,0.0827545984505468,0.2297065882056603,0.2297065882056603
2025-06-18,1.160848733744011,-0.9267829700832801,-0.151348863730718,-0.481185624461992,0.5021211368478136,0.818829441981229,0.0902009914630329,0.2314079024079323,0.2314079024079323
2025-06-19,1.163586584531143,-0.9354861958715822,-0.120854879272761,-0.437934906455835,0.4814698556151625,0.8123563021242979,0.0972989137523926,0.2285172309388539,0.2285172309388539
2025-06-20,1.1663244353182751,-0.9786571782228953,-0.08537550170397101,-0.472927468102857,0.4320369481456539,0.7908069211585232,0.1188139394856119,0.214315942110705,0.214315942110705
2025-06-21,1.1690622861054072,-1.0035444906955235,-0.125050021153328,-0.493113999450076,0.3689809535793838,0.7660154785540412,0.1476486896000131,0.2031031021092282,0.2031031021092282
2025-06-22,1.1718001368925393,-1.0996154785221575,-0.040359350561554,-0.483031438224708,0.3317436452876164,0.7366979955002645,0.1759532377154569,0.1896354705338279,0.1896354705338279
2025-06-23,1.1745379876796715,-0.9522551538227209,-0.069619860473915,-0.510991418181731,0.3973095745642759,0.7831930734683398,0.130667458788778,0.2330969283236825,0.2330969283236825
2025-06-24,1.1772758384668036,-0.9605495814960328,-0.126122489385742,-0.564982697780943,0.4560125558910665,0.8126731709985259,0.1019034429215431,0.2365234594696179,0.2365234594696179
2025-06-25,1.1800136892539357,-0.9503709328783746,-0.126351965646825,-0.550450061934859,0.5268341209077909,0.8449392335092589,0.0733694638893032,0.2478516911021557,0.2478516911021557
2025-06-26,1.1827515400410678,-0.9505183339169198,-0.238142604213262,-0.5898872979372459,0.5717781834299541,0.8557269346459212,0.0617808741280525,0.2431085485186166,0.2431085485186166
2025-06-27,1.1854893908281998,-0.9578318591913378,-0.248297536617541,-0.5830028774538369,0.6081018596255349,0.8628316530287689,0.0537560200962648,0.2433099076468448,0.2433099076468448
2025-06-28,1.188227241615332,-0.9858470227238656,-0.18936314227775802,-0.621087823111474,0.6402177160296166,0.8695714779148941,0.0469258715706609,0.2445425503812135,0.2445425503812135
2025-06-29,1.1909650924024642,-0.9995790036490915,-0.194301849350451,-0.642712560993379,0.6858493809563836,0.8870336999972434,0.0354884330769328,0.2533464392931321,0.2533464392931321
2025-06-30,1.1937029431895962,-0.9901758492379483,-0.246653028538528,-0.69266974139071,0.6972503474949167,0.8791098942942684,0.036599437493713,0.2407476772969552,0.2407476772969552
2025-07-01,1.1964407939767283,-0.982739028575298,-0.25269325379652996,-0.6984337495283379,0.6761049897509648,0.8560043599320073,0.0466394693156388,0.2262555388685339,0.2262555388685339
2025-07-02,1.1991786447638604,-0.9265821315947558,-0.194528695877485,-0.717437483567277,0.7373806453649948,0.8865611711336837,0.0297912320274227,0.2547187089044591,0.2547187089044591
2025-07-03,1.2019164955509924,-0.9260293416887686,-0.20856420098984502,-0.6719139930403919,0.7848089320272497,0.9123456102000498,0.018862441753551,0.2609291964189761,0.2609291964189761
2025-07-04,1.2046543463381243,-0.9133831245469239,-0.162972020997168,-0.7049261149168471,0.7874628341104146,0.9037418200235712,0.0204584407658798,0.2451046766218105,0.2451046766218105
2025-07-05,1.2073921971252566,-0.9823332034621294,-0.157990438762825,-0.662054329763883,0.7934687565728261,0.902062166279365,0.0202272225768865,0.245926138599005,0.245926138599005
2025-07-06,1.2101300479123889,-1.024075086023105,-0.202641605681762,-0.659361836792117,0.8183907742942752,0.914555639437006,0.015517484162766,0.2541277300853561,0.2541277300853561
2025-07-07,1.212867898699521,-1.0251591304284642,-0.17239631438488698,-0.6305264802832871,0.8180655772830875,0.9083838839482212,0.016668125185446,0.2445590054688011,0.2445590054688011
2025-07-08,1.215605749486653,-1.0233611348071527,-0.16937193908914,-0.6276430912951191,0.8310899004987301,0.9139625593414744,0.0145325926624661,0.2495461994436105,0.2495461994436105
2025-07-09,1.218343600273785,-1.1160479437980348,-0.148575013587013,-0.6467707439768879,0.86234131337128,0.9484073747395788,0.0071021730330772,0.2701098548864884,0.2701098548864884
2025-07-10,1.2210814510609171,-0.9983356520882012,-0.141342905880309,-0.633991988770024,0.888274944304285,0.9668341456352044,0.0037054569261027,0.3100858520037999,0.3100858520037999
2025-07-11,1.2238193018480492,-1.0089764462657842,-0.079083321607801,-0.574125732072062,0.899926838157249,0.9683395120312552,0.0031683651365166,0.3221459043783703,0.3221459043783703
2025-07-12,1.2265571526351813,-1.0676084417806269,-0.007148661778307,-0.41344187648872,0.9076720232759212,0.968171821536104,0.0029386313203844,0.3204080545733649,0.3204080545733649
2025-07-13,1.2292950034223136,-1.05967742639695,-0.033611919945907995,-0.501844140692201,0.926531770701726,0.9803819370799592,0.0014413043449975,0.3335704860378197,0.3335704860378197
2025-07-14,1.2320328542094456,-1.0666237209627203,-0.010185218355091,-0.479518052124127,0.9007344584608458,0.9568756778713664,0.0042807591896077,0.3386578933382314,0.3386578933382314
2025-07-15,1.2347707049965777,-1.0338866917922531,0.044815893261214004,-0.427100955140682,0.8514686624003431,0.9238244430358908,0.0113144573682779,0.3201727947588999,0.3201727947588999
2025-07-16,1.2375085557837098,-1.0371697642401498,0.039795856086575,-0.47162528044083,0.8279199650385537,0.917177786688227,0.0142520493622742,0.3272566265723444,0.3272566265723444
2025-07-17,1.2402464065708418,-1.0822610021464412,-0.009107097568159,-0.410838749529183,0.8179439758193591,0.9195202352511112,0.0146518259971759,0.3308419716786872,0.3308419716786872
2025-07-18,1.242984257357974,-1.0655917121552616,-0.043473894374195,-0.429543061555125,0.7925267483935735,0.9074696010717186,0.0191975827380903,0.3189577299626176,0.3189577299626176
2025-07-19,1.2457221081451062,-1.0666381947588552,-0.043473894374195,-0.23693856692488602,0.7725821330535471,0.9007942984573668,0.022561149033752,0.3173826571006799,0.3173826571006799
2025-07-20,1.2484599589322385,-1.082288486251764,-0.023300144835604997,-0.130286173408233,0.7487135011732101,0.8908880681376904,0.027418355337907,0.3109133650707623,0.3109133650707623
2025-07-21,1.2511978097193703,-1.0978266279279743,-0.087123960928781,-0.19342556913081801,0.732746179823161,0.8873608105517009,0.0301032536816806,0.3110606431153186,0.3110606431153186
2025-07-22,1.2539356605065024,-1.101307567298313,-0.133725023509989,-0.23952690107111202,0.756399172953405,0.9118625059140985,0.02147036645314,0.3315437400371426,0.3315437400371426
2025-07-23,1.2566735112936345,-1.2100689007966772,-0.122942400628337,-0.24387799278009903,0.748660787854083,0.9113658978599054,0.0222772254011521,0.3201125384060663,0.3201125384060663
2025-07-24,1.2594113620807663,-1.2058181848274567,-0.049050005511939,-0.283376963948638,0.7367323490290228,0.907141008726373,0.0244467685041422,0.3158115350208188,0.3158115350208188
2025-07-25,1.2621492128678986,-1.2048874930238156,-0.00307112809205,-0.174078866507469,0.7150731934817776,0.8975049977686754,0.0292035736698493,0.3085744550193237,0.3085744550193237
2025-07-26,1.264887063655031,-1.2089547110574348,0.051466803103117,-0.174078866507469,0.7038231072616523,0.8958879462013892,0.0308355845906802,0.3101852565623257,0.3101852565623257
2025-07-27,1.267624914442163,-1.2021304240046604,0.025667350727256,-0.174078866507469,0.7194542915537343,0.910505657899142,0.0251072536066176,0.321791784096332,0.321791784096332
2025-07-28,1.270362765229295,-1.1799945996963546,0.12936366699087498,-0.072448542081622,0.7067419069457901,0.90198554645699,0.0287435317377735,0.3079190077647311,0.3079190077647311
2025-07-29,1.273100616016427,-1.1831480474088387,0.155031017718132,-0.047292574391011,0.6923428831933406,0.8977014904060305,0.031472864515299,0.306868126802275,0.306868126802275
2025-07-30,1.2758384668035592,-1.1999482407364717,0.31585521002688904,0.168905543623087,0.6634635539985626,0.8899242781848555,0.0370444922107116,0.3050665456166523,0.3050665456166523
2025-07-31,1.2785763175906912,-1.1864867611697598,0.331542976099001,0.112211952173288,0.5275547012871165,0.8619210538034168,0.0652347489818049,0.2862983953319418,0.2862983953319418
2025-08-01,1.2813141683778233,-1.2028907535222675,0.19735520626168201,-0.115183687767018,0.4100296605477818,0.8097925957470996,0.1122167268534089,0.264005807969685,0.264005807969685
2025-08-02,1.2840520191649556,-1.2004468187073407,0.15538198512951001,-0.060428891992011,0.3192748113240082,0.7730505425124328,0.1544902122681381,0.255981216851902,0.255981216851902
2025-08-03,1.2867898699520877,-1.2071503695171006,0.15538198512951001,-0.078415479011227,0.2904497178008927,0.7755760672655521,0.159240064803961,0.2698862182040269,0.2698862182040269
2025-08-04,1.2895277207392195,-1.204552855097415,0.1646427731114,-0.069367893127424,0.3041928976240723,0.7875188714562157,0.1478458783616175,0.2763249648412049,0.2763249648412049
2025-08-05,1.2922655715263518,-1.2009633148184624,0.1646427731114,-0.069367893127424,0.2888140643113016,0.7818571850845547,0.1551401019394075,0.267199684643689,0.267199684643689
2025-08-06,1.295003422313484,-1.2069828892495897,0.071809286431707,-0.083830099297713,0.3017547021471866,0.788447297769971,0.1477156795801741,0.2739263352368493,0.2739263352368493
2025-08-07,1.297741273100616,-1.1777099835239875,0.091272625387188,-0.08464292180293,0.3821598065931655,0.8227070381102021,0.1095387178636632,0.2941404882490879,0.2941404882490879
2025-08-08,1.3004791238877482,-1.2031607424420734,0.072842831187105,-0.129687433366477,0.4290900801104619,0.8295061308605054,0.0973366411720862,0.2862210834172476,0.2862210834172476
2025-08-09,1.3032169746748803,-1.3532198343738129,0.054275347774204,-0.206483760082216,0.4586319037979238,0.8304977989767676,0.0917630838700089,0.2835898099036491,0.2835898099036491
2025-08-10,1.3059548254620124,-1.314343989091773,0.033725277077236,-0.18199996948242098,0.5650527184454783,0.8653796816180171,0.0585527415222476,0.3063645249981697,0.3063645249981697
2025-08-11,1.3086926762491444,-1.3117604934316867,0.068471965190934,-0.148000335693359,0.5873110660875084,0.8721439108204169,0.0527647931377426,0.3005054275114265,0.3005054275114265
2025-08-12,1.3114305270362765,-1.3171300885397093,0.025549310567043,-0.19000015258789,0.6387311635534713,0.8895882387832783,0.039888328504777,0.3115412207721579,0.3115412207721579
2025-08-13,1.3141683778234086,-1.2589067139201555,-0.024470380167555997,-0.199339422684955,0.7218416097485358,0.9395044090104268,0.0168273562069706,0.3365412231332527,0.3365412231332527
2025-08-14,1.3169062286105406,-1.137671512992357,-0.037518022335977,-0.099757948919801,0.669560165470962,0.8732608961840288,0.041879648493308,0.2942696000610887,0.2942696000610887
2025-08-15,1.319644079397673,-1.137916521743584,-0.054883719776113,-0.17668930081781,0.6111450033568164,0.8249280836942703,0.0680775894273802,0.2850995542091734,0.2850995542091734
2025-08-16,1.322381930184805,-1.1398518397980733,-0.089132467628008,-0.27722584781874604,0.5691916529786214,0.8022333681727942,0.085199515753464,0.2848760552878016,0.2848760552878016
2025-08-17,1.325119780971937,-1.148729387993072,-0.063972873815721,-0.24815606484422903,0.536961673634362,0.7902801001100233,0.0971083514506239,0.2835356965997224,0.2835356965997224
2025-08-18,1.3278576317590691,-1.1407650576433805,-0.031478998519595,-0.216264525427918,0.4887997378917323,0.7648118664852618,0.1202282354974884,0.2722521945980123,0.2722521945980123
2025-08-19,1.3305954825462012,-1.0773005286093356,-0.021324807748638,-0.206298561926749,0.3843284224395422,0.6977351976943705,0.1860958476765067,0.2413925426144452,0.2413925426144452
2025-08-20,1.3333333333333333,-1.0634602354401057,0.037813260332333,-0.350722041724596,0.3348154706808051,0.6849385253038384,0.2095740187523777,0.2531092616474613,0.2531092616474613
2025-08-21,1.336071184120465,-1.0868581314639127,0.126296679807182,-0.235643292417618,0.2606060227036307,0.6486645486269919,0.2597753167559036,0.2357511136845893,0.2357511136845893
2025-08-22,1.3388090349075976,-0.976519832261164,0.05246395854682401,-0.328582706328343,0.2970954378851912,0.7022508063393986,0.2092892665900423,0.2736072319556051,0.2736072319556051
2025-08-23,1.3415468856947297,-0.9668078614999503,0.034915175279821,-0.31324307283402103,0.2951203166185712,0.7048988895905717,0.2080107772709059,0.2596924210906977,0.2596924210906977
2025-08-24,1.3442847364818618,-0.9519898567748097,0.0071684274173470005,-0.33336583631118,0.2660883102274213,0.6753783143303608,0.2382436498666277,0.2419580750362868,0.2419580750362868
2025-08-25,1.3470225872689938,-0.9016676910950877,0.07987698587901901,-0.263131479778065,0.2127836876770889,0.6069417146264623,0.3094218939397227,0.2111609291439915,0.2111609291439915
2025-08-26,1.349760438056126,-0.8965572301677447,0.059395987915165,-0.282915529188227,0.2080204203021851,0.58245371269082,0.3306881331275074,0.2253071098630457,0.2253071098630457
2025-08-27,1.352498288843258,-0.9033399700316406,-0.043584055261991994,-0.21905774584855797,0.1951999471524516,0.5509672929032657,0.3613815464017295,0.2191253806846393,0.2191253806846393
2025-08-28,1.3552361396303902,-0.891768217497827,-0.111212826083132,-0.230723644088907,0.2066539711260723,0.5478967828145501,0.3586742919952034,0.229966667583918,0.229966667583918
2025-08-29,1.3579739904175223,-0.8153504756956432,-0.21713085304476298,-0.179791177121503,0.1675842249202989,0.4673813144668381,0.4433601959400184,0.1915845242613851,0.1915845242613851
2025-08-30,1.3607118412046544,-0.8272356064702321,-0.225932436650015,-0.219087881298953,0.1457265408227614,0.4347128141663453,0.4829098396706827,0.1942817805051717,0.1942817805051717
2025-08-31,1.3634496919917864,-0.8496128492585268,-0.093221782914236,-0.13520370891262,0.1209371924786108,0.4074626408344417,0.5208775545093853,0.1880604505841248,0.1880604505841248
2025-09-01,1.3661875427789183,-0.8447913278452976,-0.093221782914236,-0.13520370891262,0.1194969892766779,0.4132079668731952,0.516672151836611,0.1964229769187753,0.1964229769187753
2025-09-02,1.3689253935660506,-0.8389484360961937,-0.029385034791087998,-0.071637481596231,0.1467829383389977,0.4533355798504361,0.4664234102746264,0.2131436118720557,0.2131436118720557
2025-09-03,1.3716632443531829,-0.8413068492691969,-0.064790382421281,-0.079854534831736,0.1748499094547665,0.48338423055871,0.4262855489315759,0.2168596819384767,0.2168596819384767
2025-09-04,1.374401095140315,-0.8405066849314942,-0.043531110598262,-0.117564128658642,0.2026983279179982,0.4793108397877473,0.4151463380722023,0.2069054191559995,0.2069054191559995
2025-09-05,1.377138945927447,-0.8453170468989943,-0.041760405462919,-0.211253571122754,0.2266357974193741,0.4758867800303802,0.4053304024237691,0.2052836605229266,0.2052836605229266
2025-09-06,1.379876796714579,-0.8776631831080457,-0.064024885471857,-0.15209530165157,0.2351782073848153,0.4660304212703675,0.4083915704059725,0.2004609283803535,0.2004609283803535
2025-09-07,1.3826146475017111,-0.8724831008800057,-0.041760405462919,-0.157052769478611,0.2705642714900823,0.4791169331760412,0.3799507193172146,0.2080121053288763,0.2080121053288763
2025-09-08,1.3853524982888432,-0.8667943433132866,-0.074353570448613,-0.18926858433064997,0.3216681595388849,0.502927688801254,0.3371799756977055,0.2151384303007759,0.2151384303007759
2025-09-09,1.3880903490759753,-0.9075829336250746,-0.039722895542492,-0.155038849002201,0.3466161254210337,0.5044994036166819,0.3237520995211209,0.2093330682316541,0.2093330682316541
2025-09-10,1.3908281998631074,-0.8736645134371616,-0.07511143818351,-0.093211570151088,0.4253102785066672,0.5516117380860908,0.2576841253601841,0.2298620927623424,0.2298620927623424
2025-09-11,1.3935660506502396,-0.8710799699149773,-0.057084359562092,-0.172292099191199,0.5227275411151031,0.6048225762236374,0.1886073007415434,0.2424047124426014,0.2424047124426014
2025-09-12,1.3963039014373717,-0.9170220237641211,-0.029639543845784,-0.125518559801394,0.6190465451293836,0.6427772179653626,0.1360852529745883,0.2465457432385296,0.2465457432385296
2025-09-13,1.3990417522245038,-1.0252603517756802,-0.07124650872694199,-0.12051801071066799,0.6927314900260435,0.6588683134613831,0.1048190250276236,0.2442565428081309,0.2442565428081309
2025-09-14,1.4017796030116358,-1.0281299069597116,-0.030658704858603,-0.165339182304912,0.7337069287132618,0.6565425848908896,0.0914603299256091,0.2385800919276341,0.2385800919276341
2025-09-15,1.404517453798768,-1.028206217779003,-0.056208015425647,-0.190543335329071,0.7654181338092663,0.656090791489738,0.0806748639325154,0.2379193722509658,0.2379193722509658
2025-09-16,1.4072553045859,-1.0172171858069052,-0.12468076031966399,-0.25809105000279897,0.8199007593759905,0.6825799055194071,0.0571671179747561,0.2489695499014956,0.2489695499014956
2025-09-17,1.4099931553730325,-1.023936069997175,-0.132422883427791,-0.20921767169452798,0.8435458137388951,0.6886661400047873,0.0487094857210797,0.2447708680503684,0.2447708680503684
2025-09-18,1.4127310061601643,-1.0906368149793697,-0.093619436285004,-0.171630946517828,0.8644605450342517,0.7044848009465449,0.0400539690137999,0.2495064359810097,0.2495064359810097
2025-09-19,1.4154688569472964,-1.0879868077510844,-0.059051295443522,-0.100374925614753,0.8461179091758362,0.6847232646960484,0.0485154432167885,0.2360833690033512,0.2360833690033512
2025-09-20,1.4182067077344285,-1.1102956336329692,-0.09937166189823199,-0.028594647113228,0.8331386500172929,0.6754749078503783,0.0541506949793482,0.2353885282738055,0.2353885282738055
2025-09-21,1.4209445585215603,-1.2322621261993294,-0.008186843026536,-0.0550011116163,0.8136334497441918,0.662905512334498,0.0628231367764686,0.2308102678903232,0.2308102678903232
2025-09-22,1.4236824093086926,-1.203992943273432,-0.039909883828964,-0.086575521641784,0.7237423883333439,0.6077576772136039,0.1083599272875514,0.2074153622154728,0.2074153622154728
2025-09-23,1.426420260095825,-1.2235306602266183,-0.0470731762921,-0.093705252198578,0.6206646338864532,0.5661604089450561,0.1645707001073785,0.1999240756799665,0.1999240756799665
2025-09-24,1.429158110882957,-1.2943199326507786,-0.056892975399522004,-0.013265025858975,0.5817159193881893,0.570468517535963,0.1796661812362978,0.2106216750922449,0.2106216750922449
2025-09-25,1.431895961670089,-1.1821144875553877,0.032576573744116,-0.027322064754120003,0.4454159991422611,0.4908649431184815,0.282358156822285,0.1711869063652749,0.1711869063652749
2025-09-26,1.434633812457221,-1.1800931390645726,-0.008144337607725,-0.076837742199135,0.3612251664868154,0.4637401885291474,0.3425492717921056,0.1763075237060274,0.1763075237060274
2025-09-27,1.4373716632443532,-1.193171307535049,0.034761678332673,-0.076837742199135,0.2972426883039433,0.4495877895709984,0.3868062053257694,0.1750811515347266,0.1750811515347266
2025-09-28,1.4401095140314852,-1.2758205593594774,0.038867228787968,-0.056731593940601996,0.3155906759459448,0.4891415111308157,0.3496363130542345,0.1961327572933875,0.1961327572933875
2025-09-29,1.4428473648186173,-1.2442752660677001,0.01432003926052,-0.081045023785145,0.3912576641600219,0.5524350443139201,0.2724517365644605,0.215276058069378,0.215276058069378
2025-09-30,1.4455852156057496,-1.2466401722560037,0.0,-0.095228695180296,0.4386503750460921,0.5775039574499574,0.2371679950299766,0.2112965552996097,0.2112965552996097
2025-10-01,1.4483230663928817,-1.1338994930909074,-0.00613660229659,-0.072139717301549,0.5789877812845691,0.6777855163742714,0.1356562346535148,0.249787669051015,0.249787669051015
2025-10-02,1.4510609171800135,-1.1355422328039633,-0.055894618214326,-0.001022086262832,0.6760547012005705,0.7667542886254175,0.0755588516649246,0.2657748969251674,0.2657748969251674
2025-10-03,1.4537987679671458,-1.1275847853427692,-0.042795819396511,0.004095097809415,0.7294962437981887,0.8415256076741994,0.0428679183859285,0.2778219340841659,0.2778219340841659
2025-10-04,1.456536618754278,-1.1390556892546115,-0.064056661229511,0.05867212412471,0.7721854904793589,0.8819470503034624,0.0268941748325816,0.2781172113975714,0.2781172113975714
2025-10-05,1.45927446954141,-1.1381620225902345,-0.005113575133464001,0.032854177598673,0.7987794309195155,0.9034687807343886,0.0194240668746593,0.2859575061770929,0.2859575061770929
2025-10-06,1.462012320328542,-1.1400096473748473,0.034775900476545996,0.072895182068761,0.8284159116208876,0.9258396866415444,0.0127247297615199,0.294926353251336,0.294926353251336
2025-10-07,1.4647501711156743,-1.0708049466307044,0.082848032709399,0.12114992676486301,0.803442666080353,0.8778899263303792,0.0240016305252323,0.2671117148811124,0.2671117148811124
2025-10-08,1.4674880219028064,-1.0611209098227363,0.143663578216679,0.203344475284203,0.8119292045675077,0.8880131658421984,0.0210614529780243,0.2816580584962445,0.2816580584962445
2025-10-09,1.4702258726899384,-1.0456871268154164,0.178954901688943,0.280933818351223,0.7947122925745193,0.8635303405969758,0.028015543511983,0.2672012573695195,0.2672012573695195
2025-10-10,1.4729637234770705,-0.7280638717145456,0.122724953223336,0.22732017001299398,0.695868721621865,0.6991812475214657,0.0914883917514124,0.1939255644622246,0.1939255644622246
2025-10-11,1.4757015742642026,-0.7156747432470117,0.14763198973653102,0.18522361042449398,0.593903388835529,0.5738980769917315,0.1730385469443222,0.1714996504722652,0.1714996504722652
2025-10-12,1.4784394250513346,-0.6338471676437902,0.146591518240861,0.18522361042449398,0.5678775778417166,0.5788074986569325,0.1820067238752724,0.2091466338683609,0.2091466338683609
2025-10-13,1.4811772758384667,-0.6338424000129824,0.176319173500796,0.21506445064080898,0.5495299686613434,0.5366473198885783,0.2087264963306426,0.2090637640732318,0.2090637640732318
2025-10-14,1.483915126625599,-0.617134171057872,0.153767294010656,0.192426707214408,0.5108751059197035,0.4657789187916812,0.2613008297614804,0.1892640290660043,0.1892640290660043
2025-10-15,1.486652977412731,-0.5969906850980367,0.15313441079513201,0.13438628574899,0.4548722876355877,0.3763213757874606,0.3399845016675655,0.1674636225939334,0.1674636225939334
2025-10-16,1.4893908281998631,-0.5829189578006837,0.18213827861494902,0.090246870489092,0.3828326287982346,0.2715175140368183,0.4495956208284238,0.1428176924561413,0.1428176924561413
2025-10-17,1.4921286789869952,-0.5740997677111565,0.161040313240703,0.098491748481557,0.3188656773838897,0.1992411685888365,0.5454243242121108,0.1258943274387043,0.1258943274387043
2025-10-18,1.4948665297741273,-0.5730644199875323,0.11094009737881899,0.07987698587901901,0.2789710852655349,0.1792642387496536,0.5917742152181023,0.1318151142768364,0.1318151142768364
2025-10-19,1.497604380561259,-0.5649613097960604,0.08090955760606999,0.05927458764428,0.265294263559799,0.2017640185961225,0.5864685545704024,0.1444965825588617,0.1444965825588617
2025-10-20,1.5003422313483916,-0.5466014798520323,0.097295878142222,0.075625740961584,0.2763004671559514,0.2555415482702656,0.5387642337386124,0.161097683199257,0.161097683199257
2025-10-21,1.5030800821355237,-0.5316935791217334,0.132118079024088,0.11037320877836401,0.2611914843693709,0.2357030421399476,0.5646691009375907,0.1408932669093339,0.1408932669093339
2025-10-22,1.5058179329226558,-0.5511888926165389,0.161306859682324,0.083605187552575,0.2411394240165518,0.2083431425490211,0.6007571788264964,0.1326830025150212,0.1326830025150212
2025-10-23,1.5085557837097878,-0.5268205147085273,0.17273290852107998,0.032447747506809,0.252440848767708,0.2473441327850987,0.5626547812651763,0.1536248204914247,0.1536248204914247
2025-10-24,1.51129363449692,-0.5299303882901014,0.11034986935237001,0.056916105505402,0.2715829642884037,0.2881767218177947,0.518504202243993,0.1614135687912927,0.1614135687912927
2025-10-25,1.514031485284052,-0.6027967638495874,0.040587913150478,0.022282344153607,0.2926631610250484,0.3220402365263885,0.4795459160476301,0.1659372629343192,0.1659372629343192
2025-10-26,1.516769336071184,-0.5749455828837923,0.08150742841836299,0.047724774095017,0.3397870670236355,0.4015995107728926,0.3950717420871198,0.1900273792233449,0.1900273792233449
2025-10-27,1.5195071868583163,-0.5740827318275205,0.064187187327944,0.030462572312873998,0.3766912273183203,0.4335666965089891,0.3530628472050114,0.1859912006464821,0.1859912006464821
2025-10-28,1.5222450376454484,-0.5907093430086141,0.055017922275319,0.02132403303354,0.3962561715960261,0.423816161967655,0.3478674362381431,0.1748062924759192,0.1748062924759192
2025-10-29,1.5249828884325805,-0.5793495896352272,0.133796089224405,0.14001050260050402,0.3773383795072291,0.3547615693896858,0.4017652068080305,0.1478650638807757,0.1478650638807757
2025-10-30,1.5277207392197123,-0.5688624200412415,0.180014543997151,0.21973502444398701,0.3452302513718346,0.2815222014900492,0.4704375275252782,0.1309239022518955,0.1309239022518955
2025-10-31,1.5304585900068446,-0.6485942816835624,0.213898678422694,0.266433905120655,0.3764333287283354,0.2725714793669192,0.4536001811992415,0.1414844123773591,0.1414844123773591
2025-11-01,1.5331964407939769,-0.6665685877969353,0.19928509024478203,0.248511590326103,0.4098525254620145,0.2793319510101054,0.4253004290916036,0.1451868054270022,0.1451868054270022
2025-11-02,1.5359342915811087,-0.6769521497350428,0.212853234248016,0.220174243961388,0.4462702700908032,0.2954471100225402,0.3901318814739628,0.149478195275746,0.149478195275746
2025-11-03,1.538672142368241,-0.6183926011324884,0.220016526711157,0.22734267137873998,0.3928707699503821,0.2129700294781622,0.4778289000288968,0.1108886012756311,0.1108886012756311
2025-11-04,1.541409993155373,-0.5395936451328407,0.25583298902685103,0.263184808465479,0.3326119327953017,0.1547384327068508,0.5641174836781888,0.0623733728430675,0.0623733728430675
2025-11-05,1.5441478439425051,-0.5123534496390092,0.213025820496235,0.15609094151334,0.3206521539794641,0.167870244834506,0.5653055567812741,0.0838868436736461,0.0838868436736461
2025-11-06,1.5468856947296372,-0.5153796058061617,0.116656675240256,0.082903615859266,0.2742709995556501,0.1268787611950773,0.6336494039046291,0.0577642289271942,0.0577642289271942
2025-11-07,1.5496235455167693,-0.5045819980387832,0.075872535313832,-0.034020808382957,0.2693951227261643,0.144404692774749,0.6251021044313742,0.0771207477318967,0.0771207477318967
2025-11-08,1.5523613963039014,-0.5062838039796606,0.006027482222414,-0.042987134901852,0.2499928318633827,0.133152077169436,0.6501421558072602,0.0656418681189805,0.0656418681189805
2025-11-09,1.5550992470910336,-0.7050639611264752,0.062638421515477,0.092207519526117,0.2706425497405581,0.1722739471151589,0.6037081634453996,0.0883051718997602,0.0883051718997602
2025-11-10,1.5578370978781657,-0.7148698365957944,0.064659463320135,0.09423450016915,0.3045709259526133,0.215277251722199,0.5457190142187517,0.0995306072759021,0.0995306072759021
2025-11-11,1.5605749486652978,-0.7724162444519311,0.048494212089298,0.07802174729133,0.2867054166465669,0.1817208165731308,0.583674109209256,0.0699503526431133,0.0699503526431133
2025-11-12,1.5633127994524298,-0.76900191116557,0.021155104358701,0.070865011772345,0.2540372941261989,0.1404477967649957,0.6411938873649711,0.056041625446106,0.056041625446106
2025-11-13,1.566050650239562,-0.7678347395386403,0.013124406805928,0.040494182103871,0.2138915391385224,0.1005112559935737,0.7070957121131153,0.0356591412849773,0.0356591412849773
2025-11-14,1.568788501026694,-0.6452343783140104,0.048587480827082,0.11102020111046501,0.1648754204865731,0.056421583594336,0.7880055282387252,-0.0197895214968077,-0.0197895214968077
2025-11-15,1.571526351813826,-0.649255686519747,0.089439705140454,0.08841413655452801,0.1410368395950826,0.0522564778363128,0.8140767710510085,-0.0084985388009481,-0.0084985388009481
2025-11-16,1.5742642026009583,-0.6510758362200109,0.085339463099285,0.11102020111046501,0.1187154288195822,0.0442748887059319,0.8422657948731498,-0.0237856934677385,-0.0237856934677385
2025-11-17,1.5770020533880904,-0.6412410546899311,0.117849845485964,0.14361336609616002,0.0978757485069398,0.0347022520380586,0.8708185083481029,-0.0469638643219152,-0.0469638643219152
2025-11-18,1.5797399041752225,-0.6488641528202582,0.113786725907703,0.139539900420004,0.1108767630139694,0.0667908339608124,0.8297379544937965,-0.0385371662425075,-0.0385371662425075
2025-11-19,1.5824777549623543,-0.6721410037479179,0.16634618926470698,0.173569505900661,0.1149866541357188,0.0724061303499173,0.8209329541822155,-0.0554242024737394,-0.0554242024737394
2025-11-20,1.5852156057494866,-0.5637925744632728,0.124330673520602,0.20999033843325898,0.0921212434117876,0.0435628970547298,0.8683289277767838,-0.1104963178147162,-0.1104963178147162
2025-11-21,1.587953456536619,-0.5585327351891828,0.12942353483806002,0.239166399721024,0.1054006514804174,0.0704314761397931,0.831591395849651,-0.1292089251579433,-0.1292089251579433
2025-11-22,1.5906913073237507,-0.6040506273877638,0.125328262903965,0.19643769009422601,0.1117354584947676,0.0790091006906462,0.8180835589055148,-0.1351793575408955,-0.1351793575408955
2025-11-23,1.593429158110883,-0.5617817358621935,0.124305547738112,0.238119761613579,0.1348327729201,0.1069774358672323,0.7726138555305287,-0.1107931512109985,-0.1107931512109985
2025-11-24,1.596167008898015,-0.5404073180076083,0.12026300940956,0.23403177835848302,0.172204071897697,0.1370530698169999,0.7143439549738698,-0.0948321684233395,-0.0948321684233395
2025-11-25,1.5989048596851472,-0.5962747133184948,0.07175409153762301,0.184977538703485,0.1915593502825881,0.1418942749800777,0.6937275498613368,-0.1061833863214847,-0.1061833863214847
2025-11-26,1.6016427104722792,-0.501473788871867,0.083012725749909,0.14566571578363602,0.2357420497271593,0.1791918877403864,0.627309125442852,-0.0712553790289796,-0.0712553790289796
2025-11-27,1.6043805612594113,-0.4898425519258517,0.092207519526117,0.13534159728177,0.2760424321704279,0.2062622702780882,0.5746324363040414,-0.0636163816835058,-0.0636163816835058
2025-11-28,1.6071184120465434,-0.5073067496616908,0.024188456038787,0.126246981099422,0.3028484937665426,0.2157776615744916,0.5467217844552673,-0.0684309639524158,-0.0684309639524158
2025-11-29,1.6098562628336757,-0.5106569505880127,-0.007033024784762,0.085175047099632,0.3223225605716439,0.2197941363707893,0.5287279118912326,-0.0699686387568601,-0.0699686387568601
2025-11-30,1.6125941136208075,-0.5256503263756878,-0.034068532754333,0.178059541755397,0.3326558667408699,0.2167797254016741,0.5226774553027976,-0.0758078502755434,-0.0758078502755434
2025-12-01,1.6153319644079398,-0.4603255269997021,-0.039078093960194,0.172943350419054,0.3023690633201187,0.1705547113849019,0.5786466936212653,-0.1226741905004722,-0.1226741905004722
2025-12-02,1.618069815195072,-0.28599111831403007,-0.04408841963442,0.167826378342388,0.3352539616109798,0.2026554805761125,0.5300316105182263,-0.0668494481630119,-0.0668494481630119
2025-12-03,1.620807665982204,-0.2948170223427269,-0.1021331975978,0.042669731549642,0.3892389028639849,0.2426154487515958,0.4625810194743437,-0.0441002890369759,-0.0441002890369759
2025-12-04,1.623545516769336,-0.3729400602668503,-0.122730327474743,0.077368877213042,0.4418644355491956,0.2473754864240893,0.4200665077042029,-0.0598322416993202,-0.0598322416993202
2025-12-05,1.626283367556468,-0.3736979169318283,-0.12075839534183799,0.077368877213042,0.4671897888835744,0.2195186525590446,0.4158484315024477,-0.0909573743579166,-0.0909573743579166
2025-12-06,1.6290212183436004,-0.39223981476075964,-0.074200889226444,0.120642095351128,0.4857727401379431,0.2043233578621699,0.4091586194227788,-0.0930297711619285,-0.0930297711619285
2025-12-07,1.6317590691307324,-0.4065284609553504,-0.061245042138236,0.12478278230457701,0.5239030760500516,0.2091687164546508,0.3765123414593302,-0.0812025586023672,-0.0812025586023672
2025-12-08,1.6344969199178645,-0.40623936521817283,-0.051205034542544,0.135010712912593,0.579115272802587,0.2141668401274174,0.330745175115653,-0.079399611239106,-0.079399611239106
2025-12-09,1.6372347707049966,-0.40910712574749303,-0.038152335265014,0.14830772500998599,0.6500893495975834,0.239191004054299,0.2662151706033698,-0.0578188349770787,-0.0578188349770787
2025-12-10,1.6399726214921286,-0.42114559813557406,-0.08331678459858,0.104326921088553,0.6912919112620947,0.2443382277949919,0.2332789014297064,-0.0658773494233795,-0.0658773494233795
2025-12-11,1.6427104722792607,-0.44478248692341854,-0.11160271672723701,-0.005081610872197001,0.7309873905322707,0.2522962202779999,0.2011417448918995,-0.0613604957806472,-0.0613604957806472
2025-12-12,1.6454483230663928,-0.42887931030307663,-0.10856471598414,0.026492983273635997,0.7007856747614469,0.2316703899116566,0.2298952258433842,-0.086665472477982,-0.086665472477982
2025-12-13,1.648186173853525,-0.4397994870684713,-0.07864476476071999,0.0050841944619810005,0.6754232481256918,0.221668168158134,0.2526284178596131,-0.0871352022704012,-0.0871352022704012
2025-12-14,1.6509240246406571,-0.5470529864255165,-0.087639281415072,0.064437445478544,0.6069678702465117,0.1933511537751005,0.3170389139949663,-0.1117018887839282,-0.1117018887839282
2025-12-15,1.6536618754277892,-0.5432903882992511,-0.112823124313636,0.038867228787968,0.5147625208222338,0.1599187599460259,0.4076389032283222,-0.1325677976557617,-0.1325677976557617
2025-12-16,1.6563997262149213,-0.5318662516140851,-0.112823124313636,0.038867228787968,0.4787624487511011,0.1588399983816072,0.4384441794520909,-0.1169877883832946,-0.1169877883832946
2025-12-17,1.659137577002053,-0.5370376883904208,-0.122501620260067,0.094407986367457,0.4121829214856287,0.1396325059480855,0.505738706802327,-0.137286656274572,-0.137286656274572
2025-12-18,1.6618754277891854,-0.5423837245189429,-0.112506550702937,0.06544630163172599,0.3463894977298781,0.1225487853896953,0.5735113290989697,-0.1459753377049129,-0.1459753377049129
2025-12-19,1.6646132785763177,-0.5007778536268992,-0.162626442005375,0.083861700251712,0.3585212022588477,0.1430031485812529,0.5497453099160508,-0.1163078791613898,-0.1163078791613898
2025-12-20,1.6673511293634498,-0.6469459282985142,-0.155751310997448,0.10867311345544599,0.3732212938788135,0.1558722536833143,0.5290812966373654,-0.1143471980957109,-0.1143471980957109
2025-12-21,1.6700889801505818,-0.6658013700538867,-0.157716293296223,0.10763663654691899,0.3907120883547726,0.1653564398099597,0.5085382317563273,-0.1119760548814081,-0.1119760548814081
2025-12-22,1.672826830937714,-0.6677025865419404,-0.18866034975953,0.075858312723673,0.39272910597317,0.1686521185688265,0.5048533712040196,-0.114230105310181,-0.114230105310181
2025-12-23,1.675564681724846,-0.6903439664927642,-0.22359731053562498,0.039979433874697,0.3677788014309087,0.1584855443465099,0.532023277766466,-0.127223321993716,-0.127223321993716
2025-12-24,1.678302532511978,-0.7054189022379455,-0.215697627908926,0.069886976757242,0.3539346395955536,0.1555758245500597,0.5455532092462931,-0.1257209043520095,-0.1257209043520095
2025-12-25,1.68104038329911,-0.7104589585949809,-0.168573173132896,0.139708800774893,0.334274361727833,0.1499791861987242,0.5658806488124811,-0.130792401915933,-0.130792401915933
2025-12-26,1.6837782340862424,-0.7853295784014703,-0.158634724423737,0.118715171247885,0.3211692371603811,0.1479130810251223,0.5784228132133767,-0.1307847407787452,-0.1307847407787452
2025-12-27,1.6865160848733745,-0.7879761690869375,-0.158634724423737,0.068823644524598,0.3236550485063678,0.152377895358941,0.5732849312483874,-0.1258247084791275,-0.1258247084791275
2025-12-28,1.6892539356605063,-0.7882821785607951,-0.144782068636782,0.038918194980883,0.3263477108356238,0.154980098046341,0.569249591340539,-0.1262000330863486,-0.1262000330863486
2025-12-29,1.6919917864476386,-0.785671351975398,-0.142770780415882,0.040966973410417995,0.3112083876743767,0.1486206591540408,0.5864229488820145,-0.1349286671609366,-0.1349286671609366
2025-12-30,1.6947296372347709,-0.7721295092346949,-0.122662500697087,0.061450069425614,0.3328456509315646,0.1596267282026952,0.5606586831204422,-0.1209720989757698,-0.1209720989757698
2025-12-31,1.6974674880219027,-0.8936167523896841,-0.113671143867305,0.09760576701634201,0.3338778064337316,0.1550140410047137,0.5628639005386371,-0.1322002199127983,-0.1322002199127983
2026-01-01,1.700205338809035,-1.1053004025623967,-0.108695835791104,0.104873187401095,0.3796152160803004,0.1661376825298381,0.5173154936425063,-0.1190818131685702,-0.1190818131685702
2026-01-02,1.702943189596167,-1.1361373490042543,-0.043500284452542004,0.056196526711806,0.4982759285214672,0.1850148011952455,0.4088976921390628,-0.1062766954972058,-0.1062766954972058
2026-01-03,1.7056810403832992,-1.1464132084757928,-0.057581544310024005,-0.013191768522238,0.6128017446798534,0.2016834591212165,0.3091067718214794,-0.0997552987790832,-0.0997552987790832
2026-01-04,1.7084188911704312,-1.217377368060351,-0.057581544310024005,0.027508572477732002,0.6993249715714461,0.2189147543541497,0.23485282843969,-0.0916290909347932,-0.0916290909347932
2026-01-05,1.7111567419575633,-1.1632949603853964,-0.072734744543987,0.012225686736833,0.7531995137412728,0.2546401621876866,0.183955170409805,-0.0657695932282891,-0.0657695932282891
2026-01-06,1.7138945927446954,-1.1727988146981978,-0.041417925200795,0.043810524553318,0.7898884186655295,0.2708172127123981,0.1532097485188748,-0.0681966897370518,-0.0681966897370518
2026-01-07,1.7166324435318274,-1.1150114975963932,-0.041376127547404,0.07864330653317901,0.7587901122297552,0.2523239507172334,0.1803468559359961,-0.0951407412865101,-0.0951407412865101
2026-01-08,1.7193702943189595,-1.1548270504538858,-0.029228070143061998,0.118646180007988,0.7223765040793537,0.239992773878474,0.2109958630408112,-0.0989949720247516,-0.0989949720247516
2026-01-09,1.7221081451060918,-1.1563578040420117,0.034416067895508,0.145327825427332,0.6645719105879223,0.2281833217915769,0.2588889937478277,-0.1054268866322356,-0.1054268866322356
2026-01-10,1.7248459958932238,-1.159224869126906,0.079308468876295,0.130812345350765,0.6174325677395777,0.2208901684007247,0.2980620477237848,-0.1075925546684288,-0.1075925546684288
2026-01-11,1.727583846680356,-1.2061644594269834,0.074186556526329,0.144289399826174,0.5952756074650892,0.2220836154696573,0.314841736171997,-0.1034972461190619,-0.1034972461190619
2026-01-12,1.730321697467488,-1.2049579449012384,0.046747873713363995,0.116659780537018,0.5896015782873049,0.2266937912919235,0.3173636475544226,-0.100252366637731,-0.100252366637731
2026-01-13,1.73305954825462,-1.107731167720693,0.074186556526329,0.144289399826174,0.6742361810868508,0.2743320700280102,0.2363963561304751,-0.056768046472964,-0.056768046472964
2026-01-14,1.735797399041752,-1.1360839884375702,0.09984673584346901,0.103964594508296,0.7349498561325774,0.3158017185747199,0.1813468529256138,-0.0408490788197823,-0.0408490788197823
2026-01-15,1.7385352498288844,-1.124907465532327,0.119205109603266,0.075065718200912,0.7498119448744192,0.3214048635612389,0.1697763974032918,-0.0559652604626581,-0.0559652604626581
2026-01-16,1.7412731006160165,-1.1652913815804549,0.10368980528485601,0.054628318043798,0.7599594730065937,0.3239201897886954,0.1622865539327236,-0.0570335399959542,-0.0570335399959542
2026-01-17,1.7440109514031483,-1.1708527021557742,0.097531147160037,-0.015069472021222,0.7580303354471593,0.3205093024030753,0.1644161361643036,-0.0622869053963093,-0.0622869053963093
2026-01-18,1.7467488021902806,-1.2069144793257542,0.080121797946548,0.041422107376208994,0.7237033492867768,0.302713078584969,0.1926580409731075,-0.0785998360526551,-0.0785998360526551
2026-01-19,1.749486652977413,-1.1916831719324503,0.080121797946548,0.041422107376208994,0.6735194956772413,0.2819476271089273,0.2344301008316309,-0.0909859236700398,-0.0909859236700398
2026-01-20,1.7522245037645447,-1.017139029346186,0.004056888047299,-0.034350773464723,0.532640540979305,0.224981130890831,0.362212399397692,-0.1386589164552525,-0.1386589164552525
2026-01-21,1.754962354551677,-1.007340253680168,0.047817806117131,-0.051374486157146,0.4499410397880289,0.2082029274926432,0.4355350744022792,-0.127414540714847,-0.127414540714847
2026-01-22,1.757700205338809,-1.0188746110935327,0.042883209973023,-0.069662031312173,0.3899272318489363,0.2007525111057106,0.4875991279875256,-0.1272133927911216,-0.1272133927911216
2026-01-23,1.7604380561259412,-1.019033103444062,-0.038783922207898,-0.120457782202451,0.3458911386008253,0.1974821059393005,0.5249340659365076,-0.1275051209466937,-0.1275051209466937
2026-01-24,1.7631759069130732,-1.0189702882240002,-0.038783922207898,-0.08029280622299301,0.3036172093848808,0.1915303062366062,0.563004381470703,-0.1326588241156283,-0.1326588241156283
2026-01-25,1.7659137577002053,-0.9603902563551355,-0.042848212949313,-0.08432407075904799,0.239699772534858,0.1606820662152407,0.6381336159721254,-0.1622943926725462,-0.1622943926725462
2026-01-26,1.7686516084873374,-0.9374109987909615,-0.099979163548398,-0.141217046158572,0.227498759710655,0.1657701509383511,0.6444435930865168,-0.1436505641155321,-0.1436505641155321
2026-01-27,1.7713894592744694,-0.9319647703312817,-0.183635531933127,-0.22452494946872797,0.2359628561690721,0.1799120278543007,0.6265776719282976,-0.1349801540810578,-0.1349801540810578
2026-01-28,1.7741273100616015,-0.9368295485483245,-0.162179105715748,-0.217060499963318,0.2440398809548325,0.1888981050449594,0.6131606850679734,-0.134810116785049,-0.134810116785049
2026-01-29,1.7768651608487338,-0.778214335118714,-0.199511311796911,-0.267866321409508,0.2054629082349471,0.1410653879672179,0.6824554086608706,-0.1887573498654422,-0.1887573498654422
2026-01-30,1.779603011635866,-0.7821896376544447,-0.131257726042941,-0.19312473535297098,0.1996203946775095,0.1192339414038288,0.704947190360649,-0.1946060515960042,-0.1946060515960042
2026-01-31,1.782340862422998,-0.5690839134923489,-0.131257726042941,-0.19708960274096798,0.181528294019277,0.0942859350512083,0.7413013358693729,-0.2629901635565996,-0.2629901635565996
2026-02-01,1.78507871321013,-0.5719270046008171,-0.145295705322113,-0.198079751886995,0.150535309518645,0.0628615786808407,0.7960659990040653,-0.2848217702699109,-0.2848217702699109
2026-02-02,1.787816563997262,-0.5431869590852002,-0.08230009892942,-0.135421564347449,0.1572768579451445,0.0810141268088895,0.7744506625596376,-0.2634715203331215,-0.2634715203331215
2026-02-03,1.790554414784394,-0.4968248340210538,-0.099572825215548,-0.152601773967289,0.1453617587861664,0.0720497991014269,0.7930617276299801,-0.3037258529765427,-0.3037258529765427
2026-02-04,1.7932922655715264,-0.5152011173549762,-0.066143677489401,-0.117432278502715,0.121238126366605,0.0499570098908571,0.8348615580205833,-0.3395300487817732,-0.3395300487817732
2026-02-05,1.7960301163586585,0.2597905340816382,-0.077094960652662,-0.088155104373267,0.0935338237549379,0.0282107373207389,0.8808940970568779,-0.4924118709238243,-0.4924118709238243
2026-02-06,1.7987679671457906,0.7437133426082412,-0.10640484885595901,-0.160250347482701,0.1439111128349594,0.1073558455501556,0.7641827408173458,-0.3750220297446702,-0.3750220297446702
2026-02-07,1.8015058179329224,0.745183023360599,-0.131406352749178,-0.19089737256925698,0.1729281564106801,0.1355988440085381,0.7149218576865976,-0.3938380618389825,-0.3938380618389825
2026-02-08,1.8042436687200547,0.7589741881663536,-0.151316457334843,-0.21743544408655402,0.2055486585911846,0.1584638787085707,0.6685595004039475,-0.3803629075829331,-0.3803629075829331
2026-02-09,1.8069815195071868,0.7587385389345629,-0.233027098012361,-0.298597521624133,0.2309133318043386,0.1686157235167901,0.6394065631907324,-0.3830220831343904,-0.3830220831343904
2026-02-10,1.809719370294319,0.7564954217520772,-0.23504431213729401,-0.300601193212805,0.2434465910537588,0.1618870076690147,0.6340772414301418,-0.4027225803228447,-0.4027225803228447
2026-02-11,1.8124572210814511,0.7589444071399166,-0.205340761355845,-0.304395797729305,0.2383265404463377,0.1424904367123916,0.6531422756696228,-0.4298476911469748,-0.4298476911469748
2026-02-12,1.8151950718685832,0.675087962017386,-0.221930496236981,-0.32827787621775695,0.228281030979184,0.125940396743976,0.6745283758874822,-0.4419850047951534,-0.4419850047951534
2026-02-13,1.8179329226557157,0.7235719644189789,-0.226974686002265,-0.331337304984068,0.2435277151580766,0.1411177057140472,0.649720651568768,-0.4035476489660947,-0.4035476489660947
2026-02-14,1.8206707734428476,0.738956636578187,-0.24567080637369498,-0.285772185659662,0.2624530845839471,0.1568006277072143,0.6218990961152959,-0.3910250371018158,-0.3910250371018158
2026-02-15,1.8234086242299796,0.7363261422657634,-0.252540713516887,-0.273092496222263,0.2685832657118635,0.1559280938478964,0.617368317102134,-0.4057580001762844,-0.4057580001762844
2026-02-16,1.8261464750171117,0.7388933531354092,-0.252540713516887,-0.273092496222263,0.2736334669655946,0.1562515871060642,0.6128706094270501,-0.405554129999885,-0.405554129999885
2026-02-17,1.828884325804244,0.7404624223391574,-0.224368220266969,-0.244979402549458,0.2663151267786449,0.1473830284818346,0.6255521746546807,-0.4259263567530738,-0.4259263567530738
2026-02-18,1.831622176591376,0.7411213812232946,-0.17003747376843703,-0.19273295978760802,0.2542494186781719,0.135307204560118,0.6448451548640886,-0.442463938615921,-0.442463938615921
2026-02-19,1.834360027378508,0.7133203489942654,-0.071978820850151,-0.153830564385731,0.2608449577899289,0.1350141563420518,0.6393586477801045,-0.4350617909585246,-0.4350617909585246
2026-02-20,1.83709787816564,0.7177314296571513,-0.097205251489206,-0.168878191443959,0.2780352419649591,0.1451224244184865,0.6171914820042896,-0.4201190304604605,-0.4201190304604605
2026-02-21,1.839835728952772,0.7172193183079024,-0.056933464326842,-0.13914067848071598,0.3115162894002685,0.1501603503024119,0.5851007554385713,-0.4207291540505693,-0.4207291540505693
2026-02-22,1.842573579739904,0.7151284882873101,0.020492272619218998,-0.14808035066164998,0.3324829592789973,0.1498984935345512,0.5674572419082826,-0.426388549222775,-0.426388549222775
2026-02-23,1.845311430527036,0.7493642095794855,0.010245745459476,-0.15815450266098702,0.3089922931142896,0.1229127758275346,0.6060740315141683,-0.4729574689320586,-0.4729574689320586
2026-02-24,1.8480492813141685,0.7402157602239101,0.028688399966636,-0.140022105032028,0.2913888258199587,0.1037530810922652,0.6350905815624541,-0.4818491209808382,-0.4818491209808382
2026-02-25,1.8507871321013003,0.8415516599033573,0.068012780965385,-0.18977803586175498,0.3691817591468792,0.1351420806043279,0.545568151301068,-0.4236445852339656,-0.4236445852339656
2026-02-26,1.8535249828884328,0.8327526790986226,0.163167706807969,-0.17679578927942302,0.4289458034765648,0.1454901367892486,0.4879714433571661,-0.4317021860041823,-0.4317021860041823
2026-02-27,1.8562628336755649,0.8348588088170887,0.120269953220615,-0.26139904807264297,0.4079095377692298,0.134066044901553,0.5127112357355584,-0.4558478767308553,-0.4558478767308553
2026-02-28,1.8590006844626967,0.8006215037319622,0.13813895387591899,-0.25459294713689,0.4209829433398383,0.1401171152035255,0.4978868570273035,-0.4396535282810809,-0.4396535282810809
2026-03-01,1.8617385352498288,0.8035809163057924,0.06392440047817,-0.256538199939637,0.4060455063100691,0.1298622900896916,0.5168222029302932,-0.4591688978115567,-0.4591688978115567
2026-03-02,1.864476386036961,0.7740501147092802,0.143313683912109,-0.179676886232234,0.4900393974700006,0.1568097444058099,0.4299938107902373,-0.4145829685458118,-0.4145829685458118
2026-03-03,1.8672142368240927,0.7665890330750571,0.212393569786621,-0.112796690953853,0.5386597477166313,0.1692816343892079,0.3832438203673106,-0.4222025724072686,-0.4222025724072686
2026-03-04,1.8699520876112248,0.864254342909572,0.11883987557232001,-0.136808743252663,0.6248342051983503,0.228460578345051,0.289455200345984,-0.3601507284498115,-0.3601507284498115
2026-03-05,1.8726899383983573,0.842839193059044,0.192938957955022,-0.034116391209247005,0.6488198756224347,0.2497306727163048,0.2634796756721603,-0.3868011500714203,-0.3868011500714203
2026-03-06,1.8754277891854891,0.8496472571560354,0.140339590108793,-0.061245042138236,0.6080056921577385,0.2315477590801181,0.3012289042892239,-0.4263089367238333,-0.4263089367238333
2026-03-07,1.8781656399726212,0.17242500020131954,0.11960725542786901,-0.061245042138236,0.5586123952312944,0.2110249609166871,0.3482438027232794,-0.4396423875799478,-0.4396423875799478
2026-03-08,1.8809034907597533,-0.3427249370368285,0.13930151066392,-0.047255301129045,0.4932420056894627,0.1835243890919685,0.4137555429872248,-0.4597606211311333,-0.4597606211311333
2026-03-09,1.8836413415468856,-0.29428728332723414,0.158762992457583,-0.028151898438996,0.4971032158112161,0.2019629550296156,0.4013302635791262,-0.4241316040943577,-0.4241316040943577
2026-03-10,1.8863791923340176,-0.28191439784008165,0.122913511358795,-0.063341771487743,0.5331452625782337,0.2313553575009717,0.3588453927445312,-0.4026822648403136,-0.4026822648403136
2026-03-11,1.88911704312115,-0.28139709092567455,0.24891589234720998,-0.018106860330434,0.5662201534102692,0.249729614187737,0.3254521728584615,-0.3993106065953604,-0.3993106065953604
2026-03-12,1.891854893908282,-0.29698682677271465,0.303718462740103,0.038244489843366,0.5973005134717775,0.2627352875226109,0.2968961211500222,-0.3958058332893301,-0.3958058332893301
2026-03-13,1.894592744695414,-0.3292118865423996,0.364556306159726,0.152756920540144,0.6309338658450635,0.275520870193022,0.2673807117137938,-0.3896935748651877,-0.3896935748651877
2026-03-14,1.897330595482546,-0.33733244112261496,0.35386364328656894,0.13839809840863398,0.6615151627758631,0.2851735564267517,0.2419579123963996,-0.3868302606758043,-0.3868302606758043
2026-03-15,1.9000684462696784,-0.38014869589323386,0.35920762340967405,0.13839809840863398,0.7187006681963077,0.3108445569817364,0.193858965629915,-0.3655648796853832,-0.3655648796853832
2026-03-16,1.9028062970568105,-0.35568651780257654,0.292114152692635,0.072734744543989,0.7882000391479015,0.3510863722382257,0.137439880956337,-0.3381370652259381,-0.3381370652259381
2026-03-17,1.9055441478439423,-0.35779532375397916,0.278695773553137,0.05960238206057,0.8011938720711237,0.3587873428810429,0.127477005540806,-0.3513758262257909,-0.3513758262257909
2026-03-18,1.9082819986310744,-0.2932225170986879,0.33133765229947,0.100918360778827,0.7591664395185534,0.3272163730202689,0.16202887631915,-0.3888604570168787,-0.3888604570168787
2026-03-19,1.911019849418207,-0.2947981046592235,0.213050598682869,0.001008076608286,0.701868932268571,0.293795057240529,0.2105416336220937,-0.4083340949088079,-0.4083340949088079
2026-03-20,1.9137577002053388,-0.3057775288378715,0.19959105819314898,0.087053406456278,0.6706896359286734,0.2851533990465236,0.2354063944151396,-0.4002435256346306,-0.4002435256346306
2026-03-21,1.9164955509924708,-0.27565469428589573,0.17563578222640203,0.132181298619937,0.5862948930915828,0.2568680936446998,0.3074374647657753,-0.426838551290654,-0.426838551290654
2026-03-22,1.919233401779603,-0.27809820345244185,0.18916139226928802,0.127032518355323,0.4991973503199396,0.2312621560605657,0.3849859491542054,-0.4400980821194338,-0.4400980821194338
2026-03-23,1.9219712525667352,-0.199772109694211,0.11758628431491801,0.055893842869367,0.5018393238916284,0.2590776182970248,0.369098394612979,-0.3964424912283437,-0.3964424912283437
2026-03-24,1.9247091033538672,-0.19948007422994574,0.16666638062939,0.10467467106959101,0.4942306937207154,0.2677321364018911,0.3703586093826292,-0.402648505566292,-0.402648505566292
2026-03-25,1.9274469541409995,-0.29298960593175255,0.194473038406075,0.147732748415685,0.5076566950601822,0.2825396670633007,0.3532367914812765,-0.392077365311712,-0.392077365311712
2026-03-26,1.9301848049281316,-0.23535021325502414,0.20637559553981302,0.178298519897484,0.456894029035014,0.2566211535234049,0.4037334902105024,-0.4286076130249832,-0.4286076130249832
2026-03-27,1.9329226557152637,-0.319078851704318,0.250768132463159,0.180949347321097,0.361937400445902,0.2111998191085373,0.5033038939483494,-0.4654777729883399,-0.4654777729883399
2026-03-28,1.9356605065023955,-0.32106137636745585,0.24133352983503698,0.174743595994144,0.2902732956222669,0.1882419771467948,0.5761263463117898,-0.4663154975668444,-0.4663154975668444
2026-03-29,1.938398357289528,-0.34346227472338575,0.260219331999262,0.157201123300689,0.2400169074761108,0.1719362738767442,0.6293144313860067,-0.472383514254993,-0.472383514254993
2026-03-30,1.94113620807666,-0.35040036963346594,0.297100861361061,0.193712341954113,0.219038423859598,0.1735293026107919,0.6454418584669331,-0.4618366832076184,-0.4618366832076184
2026-03-31,1.943874058863792,-0.345248111583429,0.24075386327493598,0.137931098519084,0.2382939043774609,0.1947282269885276,0.6133804181356081,-0.4395510920065444,-0.4395510920065444
2026-04-01,1.946611909650924,-0.43466576741621465,0.12909171660063498,0.13836612042769,0.2492236207045385,0.2032798913070061,0.5981586385164124,-0.4423906550418053,-0.4423906550418053
2026-04-02,1.949349760438056,-0.4231625043268488,0.098939494936409,0.213395577475199,0.2304167845901578,0.1918095234550392,0.6219698256030834,-0.4605834916800297,-0.4605834916800297
2026-04-03,1.952087611225188,-0.6248064639491987,0.127569320548206,0.20922589835961702,0.2172768122961247,0.186637124707833,0.6366379825086744,-0.4605064505654859,-0.4605064505654859
2026-04-04,1.9548254620123204,-0.6515399954032824,0.071486013557615,0.20922589835961702,0.215577958386873,0.1888067909017633,0.6363178332235431,-0.4557120571074335,-0.4557120571074335
2026-04-05,1.9575633127994525,-0.6954349548719747,0.105061212038675,0.205060416758608,0.2526860951316472,0.2122724658153626,0.5886797395438402,-0.4314617247985453,-0.4314617247985453
2026-04-06,1.9603011635865848,-0.7049048642281581,0.100010659109874,0.199959883798448,0.2777470757906812,0.2223900353775266,0.5616310708428862,-0.4338059646429109,-0.4338059646429109
2026-04-07,1.9630390143737169,-0.635077779464808,0.065663353864644,0.165272679255557,0.3881596460006764,0.2682158041448687,0.4477351014431138,-0.3906336293701322,-0.3906336293701322
2026-04-08,1.9657768651608487,-0.6874095840777675,-0.0050416466630329995,0.11117873599672401,0.4869454059409663,0.2803133715917865,0.3692385309876905,-0.4026501391177639,-0.4026501391177639
2026-04-09,1.9685147159479808,-0.708003618546957,-0.0010120546438469999,0.059039275617553,0.5740490810941846,0.2948899427817588,0.3003422768018419,-0.3942243403352989,-0.3942243403352989
2026-04-10,1.9712525667351128,-0.6950092385176919,-0.058450248053343,0.037647817580148,0.666925332869263,0.3182054074687588,0.2270885069588796,-0.3780917697575301,-0.3780917697575301
2026-04-11,1.9739904175222447,-0.6954541242974781,-0.10928377393584701,0.037647817580148,0.729485952203513,0.3308585583439353,0.1810121599307589,-0.3776651179695243,-0.3776651179695243
2026-04-12,1.9767282683093768,-0.6407251040230144,-0.17038651594988902,0.02336957541279,0.7111337912203255,0.3067394273548352,0.2002595533164348,-0.4102524970863896,-0.4102524970863896
2026-04-13,1.9794661190965093,-0.5116899350084281,-0.198285955726096,-0.005079803220220999,0.7729803625556461,0.3440525796805822,0.1489129455434734,-0.3594736874468438,-0.3594736874468438
2026-04-14,1.9822039698836411,-0.5314693114584224,-0.223196278412385,-0.030481144883616,0.787351596796897,0.3586993631332399,0.1363715564028495,-0.3641610845866481,-0.3641610845866481
2026-04-15,1.9849418206707732,-0.5663575303631257,-0.16548004623699203,-0.021369603301747,0.8121847090229615,0.3742726645596322,0.1175211615780196,-0.3564064792708095,-0.3564064792708095
2026-04-16,1.9876796714579053,-0.5737217126344533,-0.136573667939763,-0.036518624839195,0.8386331026681517,0.3866516381965657,0.0989741221277921,-0.3523947525083866,-0.3523947525083866
2026-04-17,1.990417522245037,-0.6190591551644665,-0.19882085488859,-0.058776026475576004,0.8566172134558299,0.4189714558901261,0.0833094917161759,-0.3270883449249631,-0.3270883449249631
2026-04-18,1.9931553730321696,-0.6202862122889305,-0.11387733997628,-0.083897890275379,0.84387361380649,0.4165973932495634,0.0910845406878191,-0.3460360628541004,-0.3460360628541004
2026-04-19,1.995893223819302,-0.5848616269824336,-0.155544709284853,-0.103903844228276,0.7942950754720293,0.3906678692292593,0.1253426199726628,-0.3716443719403646,-0.3716443719403646
2026-04-20,1.998631074606434,-0.5954315625609635,-0.16056181130168798,-0.108947264358258,0.7971291221917789,0.4043816470954971,0.1208336180924233,-0.3453321865321612,-0.3453321865321612
2026-04-21,2.001368925393566,-0.6086879589593635,-0.12443530805641799,-0.07263125302706999,0.8087868905455309,0.4175933359018343,0.1113637892092148,-0.3396458732274485,-0.3396458732274485
2026-04-22,2.004106776180698,-0.6738483280993902,-0.036382073921628004,-0.02731178138721,0.8335798687228163,0.448683230141884,0.0917502092151005,-0.3163371253327405,-0.3163371253327405
2026-04-23,2.00684462696783,-0.6778520711806664,-0.063360882176843,-0.033289035690836,0.8524523639665805,0.4650995432192775,0.0789232979111918,-0.3161316146946564,-0.3161316146946564
2026-04-24,2.0095824777549622,-0.6714356616307443,-0.109437384998938,-0.06254364313180599,0.8502043655197616,0.4625413835880727,0.0805089544522957,-0.3272114118021587,-0.3272114118021587
2026-04-25,2.0123203285420943,-0.757044383510161,-0.139139075917665,-0.081554325521805,0.8515653187300154,0.4633358425520286,0.0796595731598144,-0.325820899180723,-0.325820899180723
2026-04-26,2.0150581793292264,-0.853152561058523,-0.163754305008636,-0.088539818776737,0.8713970443149488,0.4775677252522715,0.0671863346778226,-0.3130771792048232,-0.3130771792048232
2026-04-27,2.0177960301163584,-0.825775882981273,-0.166749689815409,-0.091558108290885,0.8583995124031137,0.4676019372516158,0.0753878252808088,-0.3302530629946396,-0.3302530629946396
2026-04-28,2.020533880903491,-0.812506755814482,-0.15277071951931,-0.077472245476901,0.806664404591652,0.4491756725278196,0.1064939493172368,-0.3440918369525629,-0.3440918369525629
2026-04-29,2.023271731690623,-0.806311065806775,-0.15819360595874601,-0.047288582713489,0.751906868732674,0.4323600815266005,0.1408275648063953,-0.3522607797172323,-0.3522607797172323
2026-04-30,2.026009582477755,-0.8270710590314971,-0.188074957046494,-0.056771853412291004,0.7249719111690962,0.4309414080625041,0.1565070969733746,-0.3459334471920172,-0.3459334471920172
2026-05-01,2.028747433264887,-0.8053915425631174,-0.144506012981071,-0.055690870783816,0.7571500841216533,0.4550383477291021,0.1323438914109123,-0.3222937193456374,-0.3222937193456374
2026-05-02,2.0314852840520192,-0.8360727729229899,-0.181945388087009,-0.015250256704768,0.794646233296157,0.4734151528864337,0.1081361818439381,-0.3168296565593849,-0.3168296565593849
2026-05-03,2.0342231348391517,-0.8345577780369624,-0.181945388087009,0.06250006351314599,0.8192997637879507,0.4810286046571141,0.0937782537257563,-0.3189773576187207,-0.3189773576187207
2026-05-04,2.036960985626284,-0.8275378354805668,-0.155952971871536,0.089139627067997,0.8335648196720604,0.5019007263042807,0.0829012424387627,-0.3033315526465916,-0.3033315526465916
2026-05-05,2.0396988364134154,-0.8461546565815566,-0.154953058210381,0.090164436124027,0.8506530898549874,0.5268810210711709,0.0706588576339839,-0.2903054411189067,-0.2903054411189067
2026-05-06,2.0424366872005475,-0.8493247004145204,-0.196039872780346,0.100988841538876,0.8518716830396131,0.5514077416682851,0.066449216228136,-0.2847920406757591,-0.2847920406757591
2026-05-07,2.04517453798768,-0.915333009608786,-0.139502147547467,0.210974719761289,0.8117625390206317,0.5547002243274942,0.0838220991472747,-0.3029956347699798,-0.3029956347699798
2026-05-08,2.047912388774812,-0.9302310636402153,-0.1301322456642,0.144116063621477,0.7865819919505698,0.5604320805449617,0.0938117097725266,-0.3014311033771726,-0.3014311033771726
2026-05-09,2.050650239561944,-0.9316606997551812,-0.099170548467925,0.162027168505656,0.7809388073938234,0.5708954728856434,0.0940001494623804,-0.2961378723106946,-0.2961378723106946
2026-05-10,2.053388090349076,-0.9292158932329287,-0.082108988896041,0.08763774542144,0.8175908947285617,0.6139226362355219,0.070424026489834,-0.2786774369177855,-0.2786774369177855
2026-05-11,2.0561259411362083,-0.9246055221240737,-0.071971522908331,0.097948716214126,0.829692672650832,0.6378185456926105,0.0616821554985263,-0.284340688734753,-0.284340688734753
2026-05-12,2.0588637919233403,-0.9862606835949831,-0.036492712091558,0.134034754138647,0.7983983996976869,0.6477183077952671,0.071020552905681,-0.3004059302438104,-0.3004059302438104
2026-05-13,2.0616016427104724,-1.1332583053930143,0.011182332751877001,0.089130492894369,0.7366193573444775,0.6333235555319459,0.0965754775906381,-0.3160676941874669,-0.3160676941874669
2026-05-14,2.0643394934976045,-1.1065229722759269,0.077455614101313,0.147782715099749,0.7469041144603591,0.6547172019634843,0.0873896555306569,-0.294581000472629,-0.294581000472629
2026-05-15,2.067077344284737,-1.0535198215813741,0.123393750213958,0.169022111253949,0.6912509028025827,0.6400775671257846,0.111125726211012,-0.3200151028659856,-0.3200151028659856
2026-05-16,2.0698151950718686,-1.0409967144540813,0.10690240371753901,0.148231133997733,0.6196959236398056,0.6173742564834519,0.1455141299796934,-0.3325258132691004,-0.3325258132691004
2026-05-17,2.0725530458590007,-1.080992651630048,0.119265870249116,0.16798109554295199,0.5436235702258501,0.5944618576994631,0.1850780495203602,-0.3421712801542682,-0.3421712801542682
2026-05-18,2.0752908966461328,-1.1043186437441619,0.088685296647741,0.137253303798312,0.4714045908822335,0.5751812166365632,0.2245572585929076,-0.3489421769741181,-0.3489421769741181
2026-05-19,2.078028747433265,-1.1564716846345577,0.122324627553715,0.171054578031484,0.4107534100512719,0.5621938674581604,0.2579757706589198,-0.3522001859825749,-0.3522001859825749
2026-05-20,2.080766598220397,-1.2071629984579186,0.108107855747257,0.236521475185438,0.3796134391047328,0.5795111559198305,0.2608656278737226,-0.3436501581282183,-0.3436501581282183
2026-05-21,2.083504449007529,-1.2099515811770745,0.07926011078863202,0.246900755609535,0.3405266104919829,0.6457771974190848,0.2336005122590653,-0.3432176568238958,-0.3432176568238958
2026-05-22,2.086242299794661,-1.2003832774127348,0.074044363936449,0.25715148370171403,0.2608970934476332,0.6431774077723172,0.2637286150390303,-0.3706266352105221,-0.3706266352105221
2026-05-23,2.088980150581793,-1.1776792797004398,0.052631237551077,0.246569625722039,0.2664863216455753,0.6869192425385561,0.2296490180275332,-0.3556598706711398,-0.3556598706711398
2026-05-24,2.0917180013689256,-1.1843845546378164,0.082224905190193,0.251858227764367,0.2796907371545024,0.7155635930290157,0.2048821786316916,-0.3522665034084777,-0.3522665034084777
2026-05-25,2.0944558521560577,-1.183415251551078,0.082224905190193,0.251858227764367,0.2983443565008909,0.7364621523032975,0.184912818112,-0.3490066332843202,-0.3490066332843202
2026-05-26,2.0971937029431897,-1.171961562616606,0.066997870104816,0.236374997982009,0.2697493740778543,0.7149060878869014,0.2081900077671835,-0.3686064396433259,-0.3686064396433259
2026-05-27,2.099931553730322,-1.1631404199086264,0.074126289871583,0.24050391175795602,0.2085879939717612,0.6715320802255852,0.2599534553045922,-0.3889237415129258,-0.3889237415129258
2026-05-28,2.102669404517454,-1.1671942623721605,0.040559104172019,0.191436075633084,0.1826854870092418,0.6320585599853469,0.3007238788546945,-0.4004390950084886,-0.4004390950084886
2026-05-29,2.105407255304586,-1.1704664002008016,-0.001010362618374,0.12384920692558299,0.1604493557239985,0.5833182618674937,0.3498254217071898,-0.4032560795864501,-0.4032560795864501
2026-05-30,2.108145106091718,-1.1725416810506464,0.08462498119488199,0.10007182210554899,0.1533352845984114,0.5683930472734294,0.3654263777955887,-0.3986453334500961,-0.3986453334500961
2026-05-31,2.11088295687885,-1.229543722308674,0.071276304262524,0.113496991381907,0.1439193606334802,0.5566034417385407,0.3795832090893843,-0.4016074445362037,-0.4016074445362037
2026-06-01,2.113620807665982,-1.1666549620690851,0.100804182160516,0.143148655705409,0.1237258831837195,0.4948780286286847,0.4426253093478978,-0.4333698440568181,-0.4333698440568181
2026-06-02,2.116358658453114,-0.8872782227514953,0.102841069712438,0.145194082273578,0.1018693176878845,0.3499753042400158,0.5838071235226399,-0.5008136159931276,-0.5008136159931276
2026-06-03,2.1190965092402463,-0.8441984794961882,0.107646749817535,0.18730827924428,0.0764671601362364,0.2110857299747092,0.7285882362055047,-0.5424728134735499,-0.5424728134735499
2026-06-04,2.1218343600273784,-0.8711224695791571,0.094435446128597,0.156314512834541,0.0877190191797993,0.1630039771887712,0.7635755526328348,-0.5463072531807285,-0.5463072531807285
2026-06-05,2.1245722108145104,-0.7999303974023272,0.209141310137233,0.242579613163913,0.0883881652387913,0.1197937498455181,0.8024064346716105,-0.5929588829735959,-0.5929588829735959
2026-06-06,2.127310061601643,-0.799619645610495,0.18524169921875,0.23315254708570599,0.0889166078508392,0.0970221196273347,0.8226881502855868,-0.5943444604131418,-0.5943444604131418
2026-06-07,2.130047912388775,-0.6826988444593827,0.227923491455608,0.25202326289216,0.1210613880100063,0.1357160267908168,0.7596525557776762,-0.556611765774468,-0.556611765774468
2026-06-08,2.132785763175907,-0.6915695944918698,0.225879680763163,0.24997463642546702,0.143209509841764,0.1519187873818172,0.7266279178531239,-0.5594666365706971,-0.5594666365706971
2026-06-09,2.135523613963039,-0.7203967769496981,0.211570666567686,0.235631906298123,0.1407752706312647,0.129475247347635,0.7479763950065135,-0.5831499179661215,-0.5831499179661215
2026-06-10,2.138261464750171,-0.7192742559252253,0.205227124436562,0.159585254996508,0.1363893576009152,0.1141473720740529,0.7650317570740446,-0.5867919035976623,-0.5867919035976623
2026-06-11,2.1409993155373037,-0.6247597975597079,0.159731374524405,0.081776631361687,0.1612390139156333,0.1510668804087841,0.7120519805080058,-0.5535032321170164,-0.5535032321170164
2026-06-12,2.143737166324436,-0.6248125533535693,0.128959849692875,0.099220754302049,0.179639846915751,0.1691496711873684,0.6815965029348291,-0.5542836452425934,-0.5542836452425934
2026-06-13,2.1464750171115674,-0.6472381113000709,0.087985717106395,0.043294432792693,0.2050669858279474,0.1967299792430427,0.6385458587943753,-0.5410654913293165,-0.5410654913293165
2026-06-14,2.1492128678986995,-0.6265713971848511,0.048353316527195996,0.076775649321298,0.2412048869562141,0.2377349766723217,0.5784029745452496,-0.5217700089421271,-0.5217700089421271
2026-06-15,2.1519507186858315,-0.6174168097487427,0.036264795257923,0.064652934989373,0.2759757092638578,0.2704634264669932,0.5282022002183107,-0.5135170773340434,-0.5135170773340434
2026-06-16,2.154688569472964,-0.6167947835675907,0.02719898071839,0.055561477283265,0.3029826271855292,0.2722845011379446,0.5072303451732019,-0.5244784208966902,-0.5244784208966902
2026-06-17,2.157426420260096,-0.6087947966820011,0.113165110980437,0.09175196913841299,0.3137045578065656,0.2482366149539397,0.515931784765019,-0.5431688368190457,-0.5431688368190457
2026-06-18,2.160164271047228,-0.5935610426985107,0.156092182752038,0.20439103568160502,0.2979462508056896,0.2040808931802684,0.5587779929981793,-0.5675702839713086,-0.5675702839713086
2026-06-19,2.16290212183436,-0.591860005806476,0.17556228968359,0.16325658191911102,0.2971061004729226,0.1956067841471178,0.5654030842439584,-0.5578742842648321,-0.5578742842648321
2026-06-20,2.1656399726214923,-0.5794027074655758,0.16735517611217302,0.11128941589388,0.3080888035911859,0.2061235868047141,0.5492919788546882,-0.5474383315290261,-0.5474383315290261
2026-06-21,2.1683778234086244,-0.5964768242863433,0.15404740072473,0.048824019608363994,0.3005221857702385,0.1902249488638399,0.5664196827865147,-0.5636545753293465,-0.5636545753293465
2026-06-22,2.1711156741957565,-0.6050903060680497,0.171163607880153,0.065762856586388,0.3244259427241514,0.1973615051387258,0.5422417444992114,-0.5529172856760791,-0.5529172856760791
2026-06-23,2.1738535249828885,-0.6008905915593123,0.210431330417539,0.1046236593635,0.3505987111359808,0.1738202521143844,0.5365221931102693,-0.5736880913540077,-0.5736880913540077
2026-06-24,2.1765913757700206,-0.5875890604931175,0.230567954345923,0.190552757328705,0.3227327709148397,0.1282628729752018,0.5903989885107435,-0.6012177680222575,-0.6012177680222575
2026-06-25,2.1793292265571527,-0.5850043821674208,0.227891719064099,0.18578012051654502,0.2869066447501314,0.0974243370134118,0.6436207078859808,-0.6227774206242636,-0.6227774206242636
2026-06-26,2.1820670773442847,-0.5846391525560596,0.216712180800271,0.126886234281953,0.2680709338940599,0.0879678150075427,0.6675428654200892,-0.6183170351915876,-0.6183170351915876
2026-06-27,2.184804928131417,-0.5837842788253383,0.23631630444505802,0.214652542714959,0.2518636264441232,0.0816953895255275,0.6870170811000138,-0.6200515737415699,-0.6200515737415699
2026-06-28,2.187542778918549,-0.5848825813443199,0.247699611518741,0.171600507605469,0.2285942002856823,0.0703104099192979,0.7171679417222802,-0.6273353681366096,-0.6273353681366096
2026-06-29,2.190280629705681,-0.5776324881274257,0.22242410947205,0.146512700663983,0.2276604779505541,0.0768778322123623,0.7129637338623525,-0.6176697879197963,-0.6176697879197963
2026-06-30,2.193018480492813,-0.5599234638135678,0.230512455250295,0.154540982633843,0.1839084197817941,0.0482085360272542,0.7767489998717177,-0.6447337122841041,-0.6447337122841041
2026-07-01,2.195756331279945,-0.5418942099834377,0.22076638193334602,0.24658944079427503,0.1972972357259163,0.0691440394948905,0.7472006526384586,-0.6208199212232515,-0.6208199212232515
2026-07-02,2.198494182067077,-0.7033750086643826,0.165289192649822,0.14381980295552,0.246325313667642,0.1091900659771326,0.671380897606433,-0.5969028968835577,-0.5969028968835577
2026-07-03,2.2012320328542097,-0.7708748335280999,0.1336282374527,0.12650624051544,0.3109610434729876,0.1503534643273518,0.5854395623566724,-0.5803103776113474,-0.5803103776113474
2026-07-04,2.2039698836413417,-0.7663946587480245,0.14586026504643101,0.09609600298394,0.373755852384116,0.1817979608605333,0.5123942385784734,-0.5721356421598252,-0.5721356421598252
2026-07-05,2.206707734428474,-0.895467444531489,0.078944830412366,0.070893567014993,0.4329456528144967,0.2066954597518727,0.4498467881896975,-0.5653681134914859,-0.5653681134914859
2026-07-06,2.209445585215606,-0.8939407711545272,0.077945316446046,0.069894851480487,0.4948256845182374,0.2280709952956324,0.3899587065520471,-0.558850774611992,-0.558850774611992
2026-07-07,2.212183436002738,-0.9768354026842726,0.106925122223175,0.098851507607187,0.5323171133956675,0.2248311019625205,0.3625332278400679,-0.5702996441650754,-0.5702996441650754
2026-07-08,2.21492128678987,-0.9590082902711373,0.099950021938797,0.053726087359484004,0.543852798400453,0.2024516555441171,0.3637994454639026,-0.587342066272944,-0.587342066272944
2026-07-09,2.217659137577002,-0.981453188426952,0.10309265754611101,0.098039552411901,0.5825053988961392,0.209940210233988,0.3298456967765613,-0.5729125732346212,-0.5729125732346212
2026-07-10,2.220396988364134,-0.9701765764209165,0.102051456088498,0.132463590026279,0.6414449553888477,0.2323311810042682,0.2752515276416052,-0.5587345558775318,-0.5587345558775318
2026-07-11,2.223134839151266,-1.0443266492763172,0.111155678306344,0.093972053671642,0.6752242922201984,0.2370359400588128,0.24779219257795,-0.5643079153515842,-0.5643079153515842
2026-07-12,2.2258726899383983,-1.0442910401372447,0.122305886787281,0.093972053671642,0.6991539950505422,0.2385137026160672,0.2290901103917109,-0.5654846727539198,-0.5654846727539198
2026-07-13,2.2286105407255303,-1.0188646404312947,0.153383336270362,0.124962512771589,0.68683197960191,0.2089245483304209,0.2477395331848869,-0.5900754285562311,-0.5900754285562311
2026-07-14,2.2313483915126624,-0.9192184838863695,0.119298490366539,0.09097307539882801,0.7620404343353938,0.2483733803267875,0.1788567439593937,-0.5478465647588351,-0.5478465647588351
2026-07-15,2.2340862422997945,-0.9242823551381083,0.08732337353870501,0.052010064573611,0.79591059754397,0.2632316817393078,0.1503666058223588,-0.5521027903525599,-0.5521027903525599
2026-07-16,2.236824093086927,-0.9183898816271046,0.11955017384580101,0.109394216575877,0.7915737162162262,0.2522317209503479,0.1558545635337069,-0.5669587067541713,-0.5669587067541713
2026-07-17,2.239561943874059,-0.9382892065274464,0.065941021706235,0.16342205099034,0.791870737176164,0.2489314236817108,0.1563193491192735,-0.5657221469965705,-0.5657221469965705
2026-07-18,2.242299794661191,-0.9653381606291946,-0.009915565258709999,0.195304625696823,0.8209968693930395,0.2651922452007664,0.1315328885033346,-0.5522762933053542,-0.5522762933053542
2026-07-19,2.245037645448323,-0.9709268711464314,-0.009915565258709999,0.212873638280703,0.8394329885837253,0.2712104735246308,0.117019556217632,-0.5544054907642568,-0.5544054907642568
2026-07-20,2.2477754962354557,-0.974182254163536,0.01388194266402,0.23720185521505,0.8637480522241539,0.2849849021010304,0.0974221997778719,-0.5466038828117643,-0.5466038828117643
2026-07-21,2.2505133470225878,-0.970727081225101,0.032722046211965,0.256462112535618,0.8867620220514332,0.3173288122820632,0.0773043049009256,-0.5277541115883029,-0.5277541115883029
2026-07-22,2.2532511978097194,-0.9735077271952813,0.011879108153807,0.281589566506608,0.8876489652718575,0.3254285557513026,0.0757887997593986,-0.5343579635715461,-0.5343579635715461
2026-07-23,2.2559890485968515,-0.9845895611825725,0.001971860994407,0.33734177190583403,0.8344032407297416,0.3083962201975672,0.1145273446343442,-0.5509588407962305,-0.5509588407962305
2026-07-24,2.2587268993839835,-1.0233302130379838,-0.013778111288995,0.347746659902963,0.751048727598536,0.2809873120456973,0.1789991235390204,-0.5661026051597826,-0.5661026051597826
2026-07-25,2.261464750171116,-1.0621572212048473,0.003943696678201,0.33088983502424796,0.6979980332290956,0.2715416148235931,0.2199958650340319,-0.56326981632842,-0.56326981632842
2026-07-26,2.264202600958248,-1.0496980787590866,0.010852467412112,0.343527298572898,0.7038456841687247,0.2873520275488715,0.2110537727098094,-0.5479019750122252,-0.5479019750122252
2026-07-27,2.26694045174538,-0.9968832056803005,0.014798887625855,0.34760486392963097,0.6308969724305963,0.2630065227539407,0.2720265237504229,-0.573419540589132,-0.573419540589132
2026-07-28,2.269678302532512,-1.0025568355104177,0.0019728337555230003,0.334352582091235,0.5829444218826757,0.2537578687328306,0.3112244434711335,-0.5716085660511556,-0.5716085660511556
2026-07-29,2.272416153319644,-1.0067960012965085,-0.030659435933385,0.280469139664212,0.5446494942138758,0.2498683291579874,0.3415728357241009,-0.571517218771536,-0.571517218771536
2026-07-30,2.2751540041067764,-1.0613719251876617,-0.11661234081489599,0.162584942036452,0.5522467323044006,0.2642373689759267,0.3294401222893404,-0.559303318958932,-0.559303318958932
2026-07-31,2.2778918548939084,-1.0201484155196607,-0.156819838984334,0.122731185598201,0.4649890461525743,0.2332584862591269,0.4102151086209236,-0.5897563023338925,-0.5897563023338925
2026-08-01,2.2806297056810405,-1.0591333643168477,-0.10509593021804599,0.101214571772445,0.3970936725996478,0.2167623190455366,0.4722189537058243,-0.591033231434059,-0.591033231434059
2026-08-02,2.283367556468173,-1.0706430136111604,-0.10509593021804599,0.130951262567566,0.3811201559778733,0.2228623209829099,0.4809548455738142,-0.5801272727344884,-0.5801272727344884
2026-08-03,2.2861054072553046,-1.075778040081032,-0.089232750389903,0.14719286537391,0.3524730031403183,0.225491039662516,0.5015154611282453,-0.5809387908679042,-0.5809387908679042
2026-08-04,2.2888432580424367,-1.0732731381299763,-0.096173033396111,0.140087018931289,0.3620050727964167,0.238685372387136,0.4857148704228922,-0.5720894983574638,-0.5720894983574638
2026-08-05,2.291581108829569,-1.0717117790070592,-0.11502191871748199,0.122867490173319,0.398061388927889,0.2560942550450691,0.4477855908867351,-0.5641586644882874,-0.5641586644882874
2026-08-06,2.294318959616701,-1.0790343716767006,-0.11568105358967001,0.136888910618881,0.4072009977749579,0.2581028659300969,0.4397958808302568,-0.5698488559459047,-0.5698488559459047
2026-08-07,2.297056810403833,-1.096618136272673,-0.143493768812061,0.068742450238867,0.4470481345921152,0.2714467963331107,0.402854853016497,-0.5607662512090421,-0.5607662512090421
2026-08-08,2.299794661190965,-1.1112128359404636,-0.132752519801353,0.15497518502137,0.4782410656972249,0.2786078139660918,0.3763928181994012,-0.5608781067338651,-0.5608781067338651
2026-08-09,2.302532511978097,-1.1264479306613553,-0.135684136874222,0.141533387904104,0.4984436544521889,0.2809944296756714,0.3606218062803898,-0.5622883641001906,-0.5622883641001906
2026-08-10,2.305270362765229,-1.1116716019176338,-0.114885970890877,0.162916046129366,0.4637234972538036,0.2635348831830806,0.3949489372411465,-0.5772816750915517,-0.5772816750915517
2026-08-11,2.308008213552361,-1.1092703700138626,-0.11389536614595,0.163934489905326,0.4219463840893387,0.2476436229678373,0.4349023241968864,-0.583387041386322,-0.583387041386322
2026-08-12,2.3107460643394937,-1.1558495785537926,-0.1253946147683,0.156392901029391,0.3889395768727858,0.2367144688814391,0.4664135796121881,-0.5862165153750531,-0.5862165153750531
2026-08-13,2.3134839151266258,-1.319067711638838,-0.097087708859771,0.150283882726418,0.3748700007781247,0.2312446667524628,0.4805720208748454,-0.5866954917404694,-0.5866954917404694
2026-08-14,2.316221765913758,-1.316484901916148,-0.08258724687111099,0.16833315470181998,0.3357175125922899,0.2199933437892815,0.5181447617822267,-0.5939172007352642,-0.5939172007352642
2026-08-15,2.31895961670089,-1.3349289391460653,-0.105232319335101,0.144529075719626,0.3099028260313004,0.2153404840985071,0.5414913144512682,-0.5936146570931982,-0.5936146570931982
2026-08-16,2.321697467488022,-1.3346422352700291,-0.10719621151907299,0.187040259561619,0.2755591127394156,0.2089079946821508,0.5730993942372176,-0.597352073090784,-0.597352073090784
2026-08-17,2.324435318275154,-1.2843857573476207,-0.110173757851271,0.183974153631558,0.3861649603257879,0.2393838829288538,0.4668928243992121,-0.5713246239145064,-0.5713246239145064
2026-08-18,2.327173169062286,-1.2838874056172562,-0.10918098998720499,0.184996448869174,0.4828556300310243,0.2581047756476555,0.383666938380685,-0.5691075486239541,-0.5691075486239541
2026-08-19,2.329911019849418,-0.9349897171760666,-0.21388217431478398,0.090871897841833,0.5886304497404231,0.3590120002503607,0.2636829451787948,-0.5011339892900786,-0.5011339892900786
2026-08-20,2.3326488706365502,-0.7947466749949317,-0.22534085515121702,0.062061308848272996,0.6839111388800547,0.4846633313572493,0.1628921806846336,-0.4487311869551984,-0.4487311869551984
2026-08-21,2.3353867214236823,-0.5672695568727949,-0.23136210717934097,0.032493875296124,0.7465657330223537,0.6533493907293081,0.0878531430578722,-0.3792280909093026,-0.3792280909093026
2026-08-22,2.3381245722108144,-0.5672599375423133,-0.259291851080057,-0.008090028709764,0.77540149221965,0.7127013810475133,0.0645268411040838,-0.3959134712095054,-0.3959134712095054
2026-08-23,2.3408624229979464,-0.5885240875813066,-0.26313177656694003,-0.047344979067391005,0.8067725592516141,0.7557905613284419,0.047187964841105,-0.387816194895727,-0.387816194895727
